shared_buffers,work_mem,random_page_cost,effective_io_concurrency,max_wal_size,max_parallel_workers_per_gather,max_parallel_workers,max_worker_processes,checkpoint_timeout,checkpoint_completion_target,effective_cache_size,temp_buffers,wal_buffers,bgwriter_lru_maxpages,bgwriter_delay,default_statistics_target,deadlock_timeout,cost,time,status,seed
4096,6990,1.1,200,8,2,4,4,5,0.9,2016383,1024,8192,100,200,100,1000,-1107.0549189724852,0.1,SUCCESS,1
1024,10240,3.0,300,24,8,4,4,10,0.9,2016383,12800,12800,1000,250,75,1000,-1104.5374796105427,0.1,SUCCESS,1
1024,12288,3.0,200,8,2,4,4,10,0.9,524288,1536,10752,2000,200,115,3000,-1064.7638695898886,0.1,SUCCESS,1
3072,27648,0.5,1,4,16,4,4,10,0.9,524288,8704,15872,50,200,115,500,-1098.1146013551167,0.1,SUCCESS,1
4608,19456,1.0,200,8,2,8,10,5,0.9,2016383,13824,14848,1500,500,75,1000,-1004.5997861173568,0.1,SUCCESS,1
1280,8192,4.5,100,32,4,4,10,10,0.9,3145728,14848,12800,1500,300,95,500,-1071.527471984189,0.1,SUCCESS,1
3584,10240,8.0,200,16,2,4,4,5,0.9,4194304,14848,10752,1500,250,75,8000,-1102.7654738585538,0.1,SUCCESS,1
1024,10240,4.5,200,64,16,8,4,5,0.9,6291456,512,5632,1500,300,100,500,-1008.7425791435816,0.1,SUCCESS,1
1280,8192,8.0,1,8,16,4,4,5,0.9,2016383,14848,13824,500,150,115,8000,-1091.728298107551,0.1,SUCCESS,1
2048,13312,0.5,200,64,1,4,4,10,0.9,4194304,9728,1536,100,500,75,500,-1121.3662519330962,0.1,SUCCESS,1
6144,11264,0.1,200,32,8,4,10,10,0.9,524288,1536,8192,1500,150,100,1000,-1093.0712693826267,0.1,SUCCESS,1
896,15360,8.0,1,64,4,4,4,5,0.9,4194304,13824,1536,1000,250,125,1000,-1011.2365739376294,0.1,SUCCESS,1
1536,6990,4.5,400,32,4,4,4,5,0.9,524288,11776,8704,2000,300,125,500,-1036.9823836002308,0.1,SUCCESS,1
3072,5120,4.0,200,16,1,8,10,5,0.9,4194304,5632,15872,500,300,85,6000,-1124.345559093146,0.1,SUCCESS,1
6656,12288,6.5,200,32,16,8,4,5,0.9,8388608,2560,8704,500,200,75,8000,-1077.270154421949,0.1,SUCCESS,1
896,27648,6.5,100,16,16,4,10,5,0.9,524288,7680,4608,100,500,95,6000,-1110.1828241794362,0.1,SUCCESS,1
1280,27648,8.0,300,4,4,4,10,5,0.9,2016383,2560,2560,100,300,125,1000,-1076.354759608722,0.1,SUCCESS,1
640,14336,5.5,1,32,1,8,4,10,0.9,2016383,12800,6656,500,500,85,500,-1055.7928282297266,0.1,SUCCESS,1
3072,30720,0.5,400,20,1,8,4,5,0.9,524288,15872,5632,100,250,75,500,-1078.8590767771336,0.1,SUCCESS,1
3072,4096,0.1,1,32,1,8,4,10,0.9,3145728,7680,512,50,500,85,3000,-1046.5077364555616,0.1,SUCCESS,1
3072,30720,0.5,400,20,1,4,4,10,0.9,4194304,9728,5632,500,500,75,500,-1105.0460783702997,0.1,SUCCESS,1
768,4096,5.5,300,16,16,8,10,5,0.9,8388608,10752,15872,1000,300,95,8000,-969.0317369228086,0.1,SUCCESS,1
640,4096,0.5,100,24,4,8,4,5,0.9,4194304,5632,14848,500,300,75,3000,-991.044439643568,0.1,SUCCESS,1
4096,5120,1.1,200,24,2,8,4,5,0.9,8388608,1536,15872,100,250,115,8000,-1074.709061229478,0.1,SUCCESS,1
2048,6144,0.5,200,8,8,8,10,5,0.9,524288,512,4608,50,150,75,1000,-1093.9979322700449,0.1,SUCCESS,1
768,14336,7.5,100,32,8,4,10,10,0.9,524288,3584,14848,2000,200,85,500,-962.2714174303508,0.1,SUCCESS,1
5120,5120,1.1,200,20,2,8,10,5,0.9,4194304,5632,10752,100,500,100,6000,-1022.2448787481276,0.1,SUCCESS,1
1280,9216,7.0,1,16,1,8,4,5,0.9,4194304,4608,14848,500,500,75,1000,-869.1799104652835,0.1,SUCCESS,1
2560,6990,8.0,200,16,1,8,4,5,0.9,3145728,1536,512,100,150,75,1000,-1061.116550428423,0.1,SUCCESS,1
1792,13312,0.5,200,16,8,4,4,10,0.9,4194304,9728,1536,100,500,75,500,-1073.1010328001605,0.1,SUCCESS,1
1280,10240,4.0,200,64,4,4,4,5,0.9,4194304,7680,5632,50,200,75,8000,-1065.327576325032,0.1,SUCCESS,1
1792,15360,2.5,400,8,2,8,4,10,0.9,6291456,13824,15872,1500,250,75,500,-1083.2882472339716,0.1,SUCCESS,1
3072,11264,2.0,1,32,1,8,4,10,0.9,8388608,512,12800,500,300,75,1000,-1093.7232539783977,0.1,SUCCESS,1
1536,13312,0.5,200,64,1,4,4,10,0.9,4194304,9728,1536,100,500,75,500,-1083.367860705076,0.1,SUCCESS,1
2048,7168,6.5,1,20,16,4,4,10,0.9,4194304,14848,15872,1000,250,100,500,-1080.4534492188463,0.1,SUCCESS,1
4096,11264,7.0,1,16,2,4,4,5,0.9,524288,15872,4608,100,500,75,6000,-1034.5147639461454,0.1,SUCCESS,1
1536,5120,4.5,200,16,1,8,10,5,0.9,4194304,5632,15872,500,300,85,6000,-1041.3092424056572,0.1,SUCCESS,1
2048,6144,1.1,1,16,1,4,10,5,0.9,524288,1024,2560,100,500,75,1000,-1033.9407671416457,0.1,SUCCESS,1
3072,5120,4.0,1,16,1,8,10,5,0.9,4194304,5632,15872,500,300,85,6000,-1027.1324016077645,0.1,SUCCESS,1
3584,30720,6.0,100,64,1,4,4,5,0.9,2016383,4608,12800,100,300,75,8000,-999.8270118570028,0.1,SUCCESS,1
6656,19456,3.0,100,32,16,8,10,5,0.9,524288,4608,9728,50,150,125,8000,-958.7423466338852,0.1,SUCCESS,1
3072,9216,2.0,300,16,1,4,4,5,0.9,2016383,1024,1536,500,300,85,1000,-880.281612480932,0.1,SUCCESS,1
2048,29696,1.0,400,64,4,4,4,10,0.9,2016383,512,1536,2000,500,75,500,-829.5124071910258,0.1,SUCCESS,1
2048,29696,0.1,400,24,1,4,4,10,0.9,2016383,5632,1536,50,300,75,500,-1055.4664315793536,0.1,SUCCESS,1
3072,6990,1.5,400,8,2,4,10,5,0.9,2016383,512,11776,100,200,115,500,-986.583120376078,0.1,SUCCESS,1
3072,14336,0.5,200,20,1,4,4,10,0.9,2016383,4608,6656,500,500,75,1000,-1035.6151344116788,0.1,SUCCESS,1
3584,30720,2.5,100,20,1,4,4,10,0.9,3145728,11776,9728,500,200,115,8000,-1109.645096167695,0.1,SUCCESS,1
7680,6144,5.0,300,24,8,4,4,10,0.9,6291456,10752,8192,1500,500,75,8000,-971.5211122147962,0.1,SUCCESS,1
2560,29696,8.0,100,32,2,8,4,10,0.9,4194304,9728,14848,2000,300,115,8000,-1040.9884483215417,0.1,SUCCESS,1
2048,13312,0.5,100,64,1,4,4,5,0.9,4194304,9728,1536,100,500,75,500,-1023.1364323629928,0.1,SUCCESS,1
3072,7168,7.5,300,64,8,4,4,10,0.9,1048576,11776,11776,1500,250,100,6000,-1067.2877028099983,0.1,SUCCESS,1
1280,40960,1.0,100,20,1,4,4,10,0.9,1572864,11776,4608,2000,150,100,1000,-1027.6582270997085,0.1,SUCCESS,1
768,46080,4.5,1,8,16,4,4,10,0.9,524288,8704,6656,100,300,100,1000,-885.0711212504389,0.1,SUCCESS,1
3072,11264,1.0,200,20,1,4,4,10,0.9,4194304,6656,8192,1000,200,85,8000,-1090.989062474914,0.1,SUCCESS,1
2560,35840,2.5,300,32,8,4,4,10,0.9,4194304,14848,512,500,300,85,6000,-1070.4827773080542,0.1,SUCCESS,1
5632,17408,7.0,1,16,16,4,4,10,0.9,6291456,10752,9728,2000,200,85,3000,-992.2372523834524,0.1,SUCCESS,1
3072,13312,0.5,200,64,1,4,4,10,0.9,4194304,9728,1536,1000,500,75,500,-1023.7219897858791,0.1,SUCCESS,1
2560,29696,0.1,400,16,2,4,4,10,0.9,4194304,512,6656,100,300,100,3000,-914.0798620531612,0.1,SUCCESS,1
3072,6990,1.5,200,16,2,4,4,10,0.9,2016383,4608,10752,1000,250,115,500,-1072.558162657153,0.1,SUCCESS,1
3072,40960,0.5,400,20,1,4,4,10,0.9,4194304,9728,5632,500,300,75,500,-1024.0800433704972,0.1,SUCCESS,1
1024,11264,7.5,1,20,16,4,10,10,0.9,524288,10752,2560,2000,500,100,6000,-1034.2399642000444,0.1,SUCCESS,1
2048,13312,0.5,300,64,16,4,10,10,0.9,4194304,9728,2560,100,500,75,500,-1005.1719618086004,0.1,SUCCESS,1
6656,25600,8.0,400,20,1,4,10,5,0.9,524288,2560,512,50,500,125,3000,-1001.9632181042234,0.1,SUCCESS,1
896,10240,3.5,300,64,8,4,4,5,0.9,2016383,12800,12800,2000,500,75,1000,-889.778271175045,0.1,SUCCESS,1
5632,40960,3.0,1,8,8,8,4,10,0.9,8388608,512,11776,500,300,85,3000,-1010.6094069316848,0.1,SUCCESS,1
3584,15360,1.0,300,20,2,4,4,10,0.9,2016383,12800,14848,500,150,75,8000,-980.0960151837774,0.1,SUCCESS,1
4096,6990,1.1,300,8,2,4,4,5,0.9,2016383,1024,8192,100,200,100,1000,-1071.3915174202268,0.1,SUCCESS,1
1536,12288,3.5,200,8,1,4,4,5,0.9,4194304,12800,512,500,500,85,1000,-1007.2638801945266,0.1,SUCCESS,1
3584,46080,3.5,1,16,4,4,4,5,0.9,524288,14848,10752,100,200,95,1000,-1109.1064902374003,0.1,SUCCESS,1
896,27648,6.5,100,16,16,4,4,5,0.9,524288,7680,4608,100,500,95,6000,-989.617326464981,0.1,SUCCESS,1
3584,51200,3.0,1,64,8,8,4,5,0.9,2016383,10752,2560,100,250,95,3000,-1024.3866147740969,0.1,SUCCESS,1
3072,5120,5.0,200,16,1,8,10,5,0.9,4194304,5632,15872,500,500,85,6000,-996.3899783401424,0.1,SUCCESS,1
3584,5120,3.0,1,16,2,4,4,10,0.9,3145728,12800,2560,2000,150,75,6000,-1122.256708797668,0.1,SUCCESS,1
5120,4096,0.1,1,64,1,4,4,10,0.9,3145728,12800,512,2000,200,75,8000,-1071.4897565646706,0.1,SUCCESS,1
4096,25600,7.0,100,8,4,4,10,5,0.9,1572864,12800,3584,100,200,115,500,-1069.2850386801863,0.1,SUCCESS,1
3072,6990,4.0,200,64,1,4,10,5,0.9,1048576,9728,13824,50,300,75,3000,-1052.8946940603887,0.1,SUCCESS,1
4096,11264,1.0,200,32,8,8,10,5,0.9,524288,512,512,2000,150,85,1000,-1071.4792096515698,0.1,SUCCESS,1
4096,19456,7.0,100,20,1,4,10,10,0.9,6291456,3584,512,100,200,75,6000,-1055.629822676658,0.1,SUCCESS,1
1024,9216,8.0,100,4,2,8,4,10,0.9,2016383,12800,2560,2000,200,95,1000,-1012.0541331219886,0.1,SUCCESS,1
3584,6144,4.5,300,64,2,4,4,5,0.9,8388608,13824,12800,2000,150,115,3000,-1056.012277129214,0.1,SUCCESS,1
3584,9216,3.0,200,8,16,4,10,10,0.9,3145728,9728,8192,1500,150,75,1000,-1036.531210159563,0.1,SUCCESS,1
2048,13312,1.0,200,64,1,4,4,10,0.9,4194304,9728,1536,100,500,75,500,-1047.0899088291249,0.1,SUCCESS,1
1024,10240,3.0,300,24,8,4,4,10,0.9,2016383,13824,10752,2000,250,75,6000,-1035.5039917558663,0.1,SUCCESS,1
3072,5120,4.0,200,16,1,8,4,5,0.9,4194304,5632,15872,500,300,85,6000,-993.5778182592804,0.1,SUCCESS,1
6144,5120,4.5,1,8,4,8,4,10,0.9,2016383,12800,3584,1500,200,100,6000,-952.7936916598552,0.1,SUCCESS,1
3072,27648,0.5,400,20,1,4,4,10,0.9,4194304,9728,5632,500,500,100,500,-1009.2004381446428,0.1,SUCCESS,1
5120,11264,0.5,300,8,8,4,4,10,0.9,6291456,1536,512,1000,150,85,8000,-1060.2347632637138,0.1,SUCCESS,1
4096,5120,2.5,1,8,1,4,4,5,0.9,2016383,1536,9728,100,200,100,6000,-905.0952616096872,0.1,SUCCESS,1
5120,13312,5.0,200,32,16,4,4,10,0.9,1572864,1536,15872,500,150,95,500,-1047.1733736800654,0.1,SUCCESS,1
3584,14336,2.5,400,64,1,4,4,5,0.9,6291456,14848,5632,50,200,75,8000,-972.1182865773568,0.1,SUCCESS,1
3584,4096,8.0,200,16,2,4,4,5,0.9,3145728,11776,15872,500,250,85,6000,-1027.4545111710108,0.1,SUCCESS,1
3584,5120,3.0,1,16,2,4,4,5,0.9,3145728,12800,3584,2000,150,75,6000,-1028.4216043374613,0.1,SUCCESS,1
1792,35840,6.5,1,16,1,8,4,5,0.9,4194304,512,6656,1000,200,75,8000,-1089.1847503160693,0.1,SUCCESS,1
4096,6990,4.5,1,20,8,8,4,5,0.9,3145728,3584,1536,100,300,125,6000,-823.4557645531958,0.1,SUCCESS,1
3584,8192,2.0,200,24,16,4,4,5,0.9,2016383,3584,8192,100,200,100,1000,-1025.7240885822669,0.1,SUCCESS,1
4608,12288,4.0,1,32,2,8,4,10,0.9,524288,4608,1536,100,200,115,500,-1081.3285029588037,0.1,SUCCESS,1
1024,46080,3.5,100,16,4,4,4,5,0.9,524288,6656,10752,1000,250,100,500,-995.4921533338384,0.1,SUCCESS,1
1536,5120,2.0,1,24,1,8,4,10,0.9,4194304,11776,1536,1000,150,85,3000,-1067.9728415905784,0.1,SUCCESS,1
1280,13312,2.5,1,20,1,4,4,5,0.9,3145728,13824,11776,1000,200,115,8000,-1008.3774643077196,0.1,SUCCESS,1
768,6144,2.5,1,4,16,4,10,10,0.9,8388608,7680,512,50,250,100,500,-1008.9498828693264,0.1,SUCCESS,1
3072,35840,6.0,300,20,8,8,4,10,0.9,3145728,1024,2560,500,200,100,3000,-1010.286872456237,0.1,SUCCESS,1
3584,35840,3.5,1,16,16,8,4,5,0.9,524288,14848,512,100,200,115,8000,-973.2913645866288,0.1,SUCCESS,1
3584,6990,6.0,1,32,4,4,4,10,0.9,3145728,10752,7680,2000,200,85,3000,-1097.0651863605513,0.1,SUCCESS,1
3584,5120,6.0,1,24,2,8,4,10,0.9,3145728,512,2560,1500,250,75,8000,-1060.9546446155591,0.1,SUCCESS,1
2560,9216,0.5,1,16,8,4,4,10,0.9,3145728,3584,13824,1500,200,125,6000,-1099.6329258350293,0.1,SUCCESS,1
4608,11264,0.1,1,64,2,4,10,10,0.9,6291456,1024,7680,1500,150,75,6000,-999.4446691102122,0.1,SUCCESS,1
2048,7168,1.5,1,8,8,4,4,10,0.9,3145728,13824,6656,2000,300,75,500,-1045.5575792109887,0.1,SUCCESS,1
4096,35840,1.5,1,20,1,4,4,10,0.9,1572864,8704,11776,100,250,125,1000,-1036.7930428466395,0.1,SUCCESS,1
2560,7168,3.0,100,16,2,8,10,10,0.9,3145728,512,9728,1000,250,95,3000,-984.6781641253727,0.1,SUCCESS,1
1024,11264,0.5,200,8,8,8,4,5,0.9,3145728,3584,512,100,250,100,1000,-1079.4162938547852,0.1,SUCCESS,1
2048,6990,1.1,1,8,1,4,4,10,0.9,4194304,3584,14848,1500,200,125,8000,-1059.4383319931435,0.1,SUCCESS,1
1792,30720,7.0,100,4,16,4,10,10,0.9,3145728,5632,5632,50,300,125,6000,-1004.2376100823154,0.1,SUCCESS,1
3072,30720,3.0,1,24,1,4,4,10,0.9,3145728,1536,2560,1500,200,75,500,-998.100542180658,0.1,SUCCESS,1
4608,12288,2.5,1,24,2,8,4,10,0.9,3145728,11776,8704,500,200,125,500,-1074.1111326622213,0.1,SUCCESS,1
896,10240,3.0,300,24,8,4,4,10,0.9,2016383,12800,12800,1000,150,75,1000,-1009.6854186420496,0.1,SUCCESS,1
4608,6144,8.0,100,16,1,4,4,10,0.9,3145728,10752,8704,1500,150,125,1000,-1039.4555794898083,0.1,SUCCESS,1
2560,4096,1.1,100,20,2,4,4,10,0.9,3145728,8704,1536,50,200,125,500,-1076.8065284711115,0.1,SUCCESS,1
4096,19456,0.5,1,4,4,4,4,5,0.9,3145728,5632,512,100,200,115,500,-1015.1830511006012,0.1,SUCCESS,1
3584,4096,0.5,1,16,8,8,4,10,0.9,3145728,1536,11776,500,300,125,6000,-1045.3244516889963,0.1,SUCCESS,1
5120,4096,7.0,1,16,1,4,4,10,0.9,3145728,8704,2560,2000,250,75,500,-1062.7930695250664,0.1,SUCCESS,1
5120,9216,6.0,1,16,4,4,4,10,0.9,3145728,3584,7680,1500,200,85,3000,-946.8958096476904,0.1,SUCCESS,1
3584,46080,4.0,1,16,1,4,4,5,0.9,524288,14848,10752,50,200,125,1000,-1027.6282070138486,0.1,SUCCESS,1
1536,30720,0.5,400,64,1,4,4,10,0.9,4194304,9728,1536,50,300,85,500,-1046.72154104787,0.1,SUCCESS,1
2560,6144,4.0,1,32,16,8,4,10,0.9,6291456,4608,14848,100,200,115,8000,-970.7281794761528,0.1,SUCCESS,1
3584,46080,3.5,1,4,1,4,4,10,0.9,524288,14848,8704,500,200,95,1000,-998.692146152087,0.1,SUCCESS,1
5120,51200,5.5,200,20,16,8,10,5,0.9,6291456,11776,7680,1000,150,75,500,-922.7669510053717,0.1,SUCCESS,1
7168,25600,1.1,400,16,16,4,4,5,0.9,6291456,4608,8192,1000,300,115,500,-975.9757133966604,0.1,SUCCESS,1
768,6144,7.0,200,4,4,8,4,5,0.9,1572864,12800,10752,1000,200,75,1000,-950.9782582742044,0.1,SUCCESS,1
4096,7168,3.5,1,24,4,4,10,5,0.9,1048576,7680,1536,100,300,85,1000,-1024.3836018597972,0.1,SUCCESS,1
2560,9216,7.5,1,32,1,4,4,5,0.9,8388608,3584,12800,50,300,100,500,-1082.736111709321,0.1,SUCCESS,1
3072,8192,0.1,200,64,1,8,4,10,0.9,8388608,512,512,100,500,75,500,-1015.1278700864974,0.1,SUCCESS,1
4096,8192,1.1,200,8,8,8,4,5,0.9,1048576,3584,6656,1000,150,125,6000,-1061.1080294386124,0.1,SUCCESS,1
3584,29696,3.0,1,16,4,4,4,10,0.9,1048576,12800,12800,2000,200,115,6000,-1076.8256857134534,0.1,SUCCESS,1
4096,5120,2.5,1,16,2,4,4,10,0.9,3145728,12800,2560,2000,150,75,6000,-984.6240027084752,0.1,SUCCESS,1
3584,9216,2.5,1,8,4,4,4,10,0.9,3145728,5632,1536,2000,250,85,8000,-1070.8249484058692,0.1,SUCCESS,1
2560,13312,2.5,400,64,1,8,4,10,0.9,6291456,10752,13824,500,200,85,3000,-1014.1956633049036,0.1,SUCCESS,1
3072,5120,0.5,1,16,8,4,4,5,0.9,6291456,3584,15872,1500,250,100,3000,-1028.600930857735,0.1,SUCCESS,1
1792,5120,8.0,200,64,2,4,4,10,0.9,3145728,13824,512,100,300,125,500,-1042.8917266942542,0.1,SUCCESS,1
4096,6990,6.0,1,64,8,8,4,10,0.9,3145728,2560,13824,2000,150,125,3000,-996.241093183802,0.1,SUCCESS,1
3584,5120,8.0,200,16,4,4,4,10,0.9,4194304,3584,2560,2000,150,75,1000,-939.6441603051125,0.1,SUCCESS,1
1024,12288,6.0,1,20,4,4,4,10,0.9,3145728,5632,8192,50,150,75,1000,-926.54076860847,0.1,SUCCESS,1
896,35840,1.5,100,20,4,4,10,5,0.9,1048576,8704,1536,100,500,85,3000,-939.2030552525274,0.1,SUCCESS,1
2048,7168,0.5,100,20,8,8,4,5,0.9,524288,5632,8192,1500,200,125,3000,-1052.4526408772788,0.1,SUCCESS,1
4608,23552,3.0,1,8,4,4,4,5,0.9,1572864,15872,9728,100,200,75,500,-1030.583496797782,0.1,SUCCESS,1
3072,30720,6.5,400,20,16,8,4,10,0.9,3145728,13824,8704,2000,250,95,8000,-993.8519151646252,0.1,SUCCESS,1
1024,10240,3.5,1,24,2,4,4,10,0.9,2016383,12800,12800,500,250,75,1000,-975.2206862886884,0.1,SUCCESS,1
896,46080,4.0,400,20,2,8,4,10,0.9,6291456,6656,4608,1500,150,100,1000,-939.0158526072186,0.1,SUCCESS,1
3584,30720,2.5,100,20,2,4,10,10,0.9,3145728,11776,9728,1000,500,115,8000,-953.7685536470606,0.1,SUCCESS,1
1280,5120,1.0,100,8,8,8,4,10,0.9,524288,512,1536,100,150,75,1000,-950.9747449729092,0.1,SUCCESS,1
4096,6990,1.1,200,8,8,4,4,5,0.9,2016383,1024,8192,100,250,100,1000,-1024.143731640661,0.1,SUCCESS,1
2048,14336,5.0,1,16,8,4,4,10,0.9,8388608,3584,512,1500,200,85,8000,-1012.2081150506532,0.1,SUCCESS,1
4096,6990,1.1,200,8,1,4,4,5,0.9,2016383,512,8192,100,300,100,1000,-1084.633895649588,0.1,SUCCESS,1
1024,10240,2.0,200,4,2,8,4,10,0.9,8388608,4608,9728,2000,300,75,1000,-944.5341779048642,0.1,SUCCESS,1
1536,11264,6.5,1,8,4,8,4,10,0.9,1572864,512,6656,100,500,75,3000,-1010.6014133688196,0.1,SUCCESS,1
2048,25600,4.0,1,24,2,8,4,10,0.9,2016383,5632,512,50,300,115,3000,-994.4621312590004,0.1,SUCCESS,1
1792,7168,3.5,1,64,8,4,4,10,0.9,3145728,6656,10752,2000,300,75,3000,-962.1616546749252,0.1,SUCCESS,1
6656,6990,3.0,400,8,16,4,4,5,0.9,1048576,5632,512,2000,300,125,500,-1026.9024320442695,0.1,SUCCESS,1
4096,10240,1.5,200,20,1,8,4,5,0.9,524288,512,13824,100,300,100,3000,-1032.804291306909,0.1,SUCCESS,1
4096,29696,0.1,200,20,8,8,4,10,0.9,524288,4608,8704,2000,200,95,6000,-885.5049691342484,0.1,SUCCESS,1
2560,6990,0.1,200,20,2,4,10,10,0.9,3145728,3584,512,50,500,75,500,-1021.307833523823,0.1,SUCCESS,1
2560,25600,7.0,400,8,16,8,4,10,0.9,6291456,4608,1536,50,150,95,3000,-967.2313398184326,0.1,SUCCESS,1
2048,30720,4.5,200,16,1,4,4,5,0.9,524288,12800,2560,100,200,125,8000,-961.8640318389648,0.1,SUCCESS,1
2560,29696,1.0,300,20,4,4,4,10,0.9,524288,15872,15872,2000,200,75,1000,-1078.8555788045423,0.1,SUCCESS,1
4096,13312,1.1,100,16,4,4,4,10,0.9,2016383,1536,11776,2000,200,85,500,-1045.4314572876544,0.1,SUCCESS,1
3072,5120,4.0,200,16,1,8,10,5,0.9,3145728,5632,11776,500,300,85,500,-1050.528761082703,0.1,SUCCESS,1
1536,30720,1.0,300,8,4,4,4,5,0.9,524288,8704,8192,500,250,85,1000,-937.7473080288314,0.1,SUCCESS,1
3072,8192,6.0,1,16,2,8,4,5,0.9,1048576,15872,10752,500,250,125,8000,-1021.6910395230952,0.1,SUCCESS,1
2560,30720,1.1,400,64,2,4,4,10,0.9,3145728,11776,14848,1500,250,100,3000,-1037.297884341741,0.1,SUCCESS,1
2048,29696,1.1,1,8,1,8,4,10,0.9,3145728,1536,1536,50,500,115,8000,-1056.5452949921566,0.1,SUCCESS,1
2560,25600,1.5,200,8,16,4,4,10,0.9,3145728,11776,9728,2000,300,75,8000,-1041.3314903623032,0.1,SUCCESS,1
1024,7168,7.5,1,8,16,4,4,5,0.9,524288,13824,15872,50,200,115,1000,-939.3480369235896,0.1,SUCCESS,1
2048,29696,1.1,1,4,8,4,4,10,0.9,1572864,14848,15872,50,250,115,500,-1019.0106777956476,0.1,SUCCESS,1
4096,5120,8.0,400,8,4,4,10,5,0.9,3145728,14848,14848,100,250,75,6000,-1069.5463180516094,0.1,SUCCESS,1
2048,14336,0.5,200,64,2,4,4,10,0.9,4194304,9728,1536,100,500,75,500,-1063.6982843376177,0.1,SUCCESS,1
4608,6990,0.1,1,32,4,4,4,10,0.9,3145728,6656,5632,1500,200,100,8000,-1072.250562152563,0.1,SUCCESS,1
4096,6990,1.1,1,8,2,4,4,5,0.9,2016383,1024,8704,100,200,125,1000,-1104.3676615906595,0.1,SUCCESS,1
3584,5120,3.0,300,16,2,4,4,10,0.9,3145728,12800,2560,2000,150,75,1000,-1026.9869181451124,0.1,SUCCESS,1
3584,29696,1.0,200,16,8,8,4,10,0.9,524288,10752,7680,100,500,85,6000,-1097.2304337151363,0.1,SUCCESS,1
2560,12288,0.1,400,32,8,8,4,10,0.9,2016383,3584,12800,1000,200,85,1000,-1090.133675525739,0.1,SUCCESS,1
5632,10240,1.0,400,64,4,8,4,10,0.9,2016383,1024,8192,50,200,125,6000,-1099.052234107491,0.1,SUCCESS,1
7680,11264,0.5,300,64,8,8,4,5,0.9,2016383,512,10752,2000,150,100,6000,-1070.9174602482403,0.1,SUCCESS,1
1792,9216,0.1,1,20,2,4,10,10,0.9,3145728,1024,14848,2000,200,125,3000,-1031.9058650902311,0.1,SUCCESS,1
3584,5120,1.5,1,20,4,4,4,10,0.9,2016383,5632,512,500,200,100,1000,-992.186942931152,0.1,SUCCESS,1
5632,12288,1.1,400,4,1,4,4,10,0.9,1048576,512,8704,100,200,125,1000,-997.3197692999908,0.1,SUCCESS,1
3584,27648,0.5,1,16,16,8,10,10,0.9,524288,7680,11776,50,150,95,500,-1081.761151172842,0.1,SUCCESS,1
4096,10240,0.5,400,24,2,8,4,10,0.9,2016383,1024,13824,2000,200,125,500,-1029.7252535781336,0.1,SUCCESS,1
1280,6990,7.0,400,8,16,4,10,10,0.9,2016383,15872,11776,100,300,125,3000,-1083.8481771779072,0.1,SUCCESS,1
7680,11264,7.5,400,8,2,4,10,5,0.9,4194304,7680,512,1000,200,115,1000,-998.2941655475366,0.1,SUCCESS,1
3584,35840,3.5,400,64,8,8,10,5,0.9,2016383,13824,11776,100,150,95,3000,-1109.635268134575,0.1,SUCCESS,1
1792,29696,3.5,400,24,4,8,10,5,0.9,1048576,15872,11776,2000,150,85,500,-1039.3403700350666,0.1,SUCCESS,1
4096,6990,0.5,1,8,2,4,4,10,0.9,2016383,512,8192,100,300,125,1000,-908.91600433705,0.1,SUCCESS,1
2048,46080,1.1,300,16,4,4,10,5,0.9,1572864,13824,11776,100,150,85,3000,-1080.211381889807,0.1,SUCCESS,1
3072,21504,1.1,400,24,4,4,10,5,0.9,6291456,6656,14848,500,300,75,3000,-1070.3743677939544,0.1,SUCCESS,1
4096,35840,5.0,1,32,4,4,4,10,0.9,4194304,10752,9728,100,150,115,8000,-1072.633040896024,0.1,SUCCESS,1
1536,35840,3.5,100,24,2,8,4,10,0.9,1048576,12800,11776,50,200,75,6000,-1063.1429430131327,0.1,SUCCESS,1
4608,9216,0.1,1,8,16,8,4,10,0.9,2016383,4608,9728,50,200,115,8000,-1057.853030135024,0.1,SUCCESS,1
5632,17408,6.5,100,4,1,8,4,10,0.9,3145728,9728,2560,1000,300,75,3000,-1081.2349754229342,0.1,SUCCESS,1
1280,35840,6.0,200,24,16,4,4,5,0.9,4194304,13824,12800,100,150,115,1000,-1061.3362897436969,0.1,SUCCESS,1
5632,14336,1.0,200,24,2,4,4,5,0.9,524288,1024,8704,50,200,85,3000,-1052.401854333753,0.1,SUCCESS,1
4096,25600,5.5,400,16,8,8,10,5,0.9,3145728,12800,15872,100,150,85,1000,-1039.0370815516776,0.1,SUCCESS,1
2048,23552,0.1,1,64,4,4,4,10,0.9,1572864,3584,13824,100,200,75,1000,-1032.711210507798,0.1,SUCCESS,1
5632,6144,1.0,200,20,8,4,10,5,0.9,3145728,512,8192,100,150,100,3000,-1101.4237670019854,0.1,SUCCESS,1
2048,21504,0.5,400,24,1,4,10,5,0.9,524288,6656,9728,2000,250,75,500,-1064.7899134503264,0.1,SUCCESS,1
3072,5120,1.1,1,64,4,4,10,5,0.9,3145728,2560,11776,2000,300,115,500,-1078.3080093232406,0.1,SUCCESS,1
2560,10240,3.5,400,16,8,8,10,5,0.9,4194304,14848,10752,2000,150,95,3000,-1079.183255958348,0.1,SUCCESS,1
5120,10240,1.0,200,20,2,4,10,5,0.9,1572864,512,512,500,200,125,8000,-1012.794480885437,0.1,SUCCESS,1
896,13312,6.0,100,16,4,8,4,5,0.9,1048576,7680,9728,50,500,100,3000,-996.8919317256187,0.1,SUCCESS,1
5120,6144,0.1,1,20,4,8,4,5,0.9,2016383,1024,8704,100,200,125,1000,-1006.0256167414452,0.1,SUCCESS,1
2048,25600,0.5,200,32,8,4,10,10,0.9,1572864,512,12800,2000,200,95,3000,-1090.986965926297,0.1,SUCCESS,1
4096,27648,2.5,100,20,2,8,4,10,0.9,3145728,11776,9728,500,300,125,500,-1064.2343242089314,0.1,SUCCESS,1
6656,6990,0.1,400,24,4,4,10,10,0.9,3145728,1024,8192,1000,250,75,3000,-1044.5163722090092,0.1,SUCCESS,1
6656,4096,0.5,400,24,4,4,10,5,0.9,1048576,512,3584,50,150,75,8000,-1065.455275595716,0.1,SUCCESS,1
3072,30720,0.5,400,24,1,4,4,10,0.9,2016383,7680,5632,100,500,75,3000,-1012.0762618616452,0.1,SUCCESS,1
3584,14336,6.0,100,20,8,8,4,10,0.9,3145728,12800,7680,100,150,95,3000,-1066.7037037363257,0.1,SUCCESS,1
3072,27648,0.1,300,64,8,4,4,10,0.9,3145728,512,12800,2000,150,125,1000,-1070.6498870053954,0.1,SUCCESS,1
2560,8192,3.0,1,16,1,4,4,10,0.9,3145728,10752,3584,500,200,85,6000,-1068.6569726745029,0.1,SUCCESS,1
2560,14336,0.5,200,64,1,8,4,10,0.9,2016383,9728,1536,100,500,75,500,-1048.14179936067,0.1,SUCCESS,1
1280,35840,1.0,100,16,16,8,4,5,0.9,3145728,512,15872,2000,150,115,3000,-973.2238552567944,0.1,SUCCESS,1
5120,5120,4.5,400,4,16,8,10,5,0.9,524288,512,3584,2000,300,100,8000,-1089.535115702534,0.1,SUCCESS,1
4096,6990,8.0,1,32,4,4,10,10,0.9,8388608,2560,11776,1000,300,75,3000,-1061.3207956760866,0.1,SUCCESS,1
2048,14336,1.1,200,24,4,4,4,5,0.9,2016383,2560,4608,2000,150,125,6000,-1100.7539843841214,0.1,SUCCESS,1
2048,27648,5.5,1,64,4,4,4,10,0.9,1572864,13824,9728,1500,200,85,3000,-1150.001680492805,0.1,SUCCESS,1
1280,46080,4.0,1,64,4,4,4,10,0.9,1572864,14848,9728,1500,300,85,3000,-1091.4711891953327,0.1,SUCCESS,1
1280,46080,8.0,1,64,8,4,10,10,0.9,524288,12800,7680,2000,500,115,1000,-1046.484997880868,0.1,SUCCESS,1
1280,25600,5.5,1,64,2,4,4,10,0.9,2016383,13824,1536,2000,200,75,6000,-1088.1841221092732,0.1,SUCCESS,1
2048,27648,5.5,1,64,4,4,4,10,0.9,1572864,13824,9728,1500,200,75,3000,-1097.152837860804,0.1,SUCCESS,1
5120,17408,1.1,400,64,8,4,10,10,0.9,1572864,512,2560,50,150,100,1000,-1102.125567979128,0.1,SUCCESS,1
4096,27648,8.0,1,32,4,4,4,5,0.9,1572864,2560,3584,2000,300,115,1000,-1040.2996769748136,0.1,SUCCESS,1
6144,10240,1.0,300,64,4,4,10,10,0.9,1048576,512,2560,1500,300,100,500,-1130.2023764945832,0.1,SUCCESS,1
5120,21504,1.0,300,64,4,4,4,10,0.9,2016383,9728,2560,1500,500,125,500,-1087.2583134954873,0.1,SUCCESS,1
7168,29696,1.1,300,64,8,4,4,10,0.9,1048576,512,2560,1500,300,95,500,-1065.6737474909307,0.1,SUCCESS,1
5632,10240,2.0,300,64,4,4,10,10,0.9,1048576,512,1536,50,250,100,3000,-1104.9388738764635,0.1,SUCCESS,1
2048,9216,0.1,400,64,4,4,4,10,0.9,1048576,512,9728,1500,500,85,500,-1141.4654729810509,0.1,SUCCESS,1
2048,9216,0.1,400,64,4,4,4,10,0.9,1572864,512,9728,2000,500,85,500,-1118.0198017164691,0.1,SUCCESS,1
1536,19456,1.1,400,64,4,4,4,10,0.9,1572864,512,8704,2000,500,85,500,-1059.6932763462555,0.1,SUCCESS,1
3072,6990,0.1,400,64,4,4,10,10,0.9,2016383,512,6656,2000,500,100,500,-1084.5764347318036,0.1,SUCCESS,1
2048,25600,6.5,200,64,8,8,4,10,0.9,1572864,3584,8704,1500,150,125,6000,-1107.8037492858737,0.1,SUCCESS,1
2048,9216,0.5,400,64,16,4,10,10,0.9,524288,512,9728,2000,500,75,500,-1027.5795921605104,0.1,SUCCESS,1
2048,10240,2.0,200,64,4,4,10,10,0.9,1048576,1024,10752,1000,300,100,6000,-1069.568653896306,0.1,SUCCESS,1
2048,9216,0.1,400,64,4,4,4,10,0.9,2016383,512,9728,1500,500,85,500,-1132.8210806120678,0.1,SUCCESS,1
4096,27648,6.5,300,64,4,4,4,10,0.9,1048576,4608,512,2000,150,75,1000,-1062.3674423996283,0.1,SUCCESS,1
6144,10240,1.0,300,24,4,4,10,10,0.9,1048576,512,2560,1500,300,115,500,-1094.706253517343,0.1,SUCCESS,1
3584,4096,7.5,1,4,8,8,10,5,0.9,8388608,7680,8192,2000,200,75,500,-1058.8814081107694,0.1,SUCCESS,1
7168,15360,4.0,1,64,16,4,4,10,0.9,2016383,6656,5632,100,150,75,1000,-1087.684803183435,0.1,SUCCESS,1
6144,35840,5.5,400,64,8,4,10,5,0.9,2016383,512,8704,50,150,85,6000,-1110.5682316469772,0.1,SUCCESS,1
1280,9216,1.5,400,64,4,4,4,10,0.9,1048576,512,9728,1500,500,85,500,-1003.3603633444664,0.1,SUCCESS,1
4608,29696,5.5,1,64,16,8,4,10,0.9,2016383,13824,9728,2000,150,75,3000,-1043.8901015396198,0.1,SUCCESS,1
6656,9216,1.0,400,32,4,4,4,10,0.9,2016383,512,1536,2000,150,125,500,-1116.0761884307306,0.1,SUCCESS,1
6144,9216,5.5,400,64,8,4,10,5,0.9,8388608,3584,8704,1500,200,115,3000,-1081.7078966785234,0.1,SUCCESS,1
2048,29696,5.5,400,64,8,4,10,5,0.9,2016383,512,8704,50,150,85,6000,-1117.1974022589263,0.1,SUCCESS,1
2048,35840,1.1,400,32,4,8,4,5,0.9,1048576,512,1536,100,500,125,1000,-1164.602459762373,0.1,SUCCESS,1
2048,35840,1.1,400,32,4,8,4,5,0.9,1048576,512,1536,100,500,100,1000,-1083.2144483441564,0.1,SUCCESS,1
2048,7168,5.5,400,24,4,4,10,10,0.9,2016383,512,512,100,500,125,6000,-1030.6129472098917,0.1,SUCCESS,1
2048,27648,1.1,400,64,4,4,4,10,0.9,1572864,512,1536,50,500,125,1000,-1085.0331608742174,0.1,SUCCESS,1
2048,51200,0.1,400,64,4,4,10,10,0.9,2016383,512,10752,500,150,85,1000,-1149.7075619063858,0.1,SUCCESS,1
5632,40960,1.5,400,24,4,4,4,10,0.9,8388608,512,11776,500,300,85,6000,-987.0010229606262,0.1,SUCCESS,1
2048,46080,0.5,400,24,4,8,4,5,0.9,1048576,512,1536,100,150,125,1000,-1107.947401013775,0.1,SUCCESS,1
2048,35840,0.1,300,32,4,4,4,10,0.9,2016383,512,7680,1500,300,85,6000,-1125.486417975729,0.1,SUCCESS,1
2048,30720,0.1,200,64,4,4,10,10,0.9,1048576,512,9728,100,500,85,8000,-1081.8177104873048,0.1,SUCCESS,1
2048,35840,0.1,400,32,4,4,10,10,0.9,2016383,512,7680,2000,300,85,500,-1056.9962812276876,0.1,SUCCESS,1
7168,9216,6.0,400,32,16,8,10,10,0.9,1048576,512,14848,1000,500,125,6000,-1108.2210860150915,0.1,SUCCESS,1
1536,19456,3.0,1,16,16,4,10,10,0.9,1048576,7680,5632,100,200,115,1000,-1148.9312995429038,0.1,SUCCESS,1
2048,46080,0.1,400,24,4,4,10,5,0.9,2016383,512,10752,500,150,85,1000,-1072.6990258730757,0.1,SUCCESS,1
2048,29696,0.5,400,32,8,8,4,5,0.9,1048576,512,1536,100,500,125,1000,-1141.7598001537926,0.1,SUCCESS,1
2048,51200,0.5,400,64,4,4,10,10,0.9,2016383,512,10752,500,150,85,1000,-1141.086767980996,0.1,SUCCESS,1
5632,51200,1.1,400,24,16,4,10,10,0.9,1572864,512,10752,2000,500,85,1000,-1184.2795922485889,0.1,SUCCESS,1
7168,51200,0.1,400,64,16,4,10,10,0.9,3145728,512,1536,50,250,125,6000,-1115.966875895473,0.1,SUCCESS,1
5120,51200,0.5,300,24,16,4,4,10,0.9,1572864,512,10752,1000,500,85,500,-1113.5872001856535,0.1,SUCCESS,1
1792,51200,1.1,400,24,4,4,4,10,0.9,6291456,512,6656,50,500,75,8000,-1147.0030806829648,0.1,SUCCESS,1
1792,51200,0.5,300,64,8,8,10,10,0.9,8388608,512,1536,2000,250,75,1000,-1151.9532247298305,0.1,SUCCESS,1
6656,51200,1.1,400,32,16,4,10,10,0.9,1048576,8704,11776,2000,300,125,8000,-1148.4770660819224,0.1,SUCCESS,1
896,6990,6.0,300,64,2,8,10,5,0.9,1572864,5632,4608,2000,150,115,500,-1123.0375158743254,0.1,SUCCESS,1
1280,51200,1.1,1,64,1,4,10,10,0.9,1048576,512,10752,2000,500,85,1000,-1089.9236565642814,0.1,SUCCESS,1
1024,5120,4.0,300,8,2,4,10,10,0.9,1572864,4608,10752,100,300,100,8000,-1112.4057023777837,0.1,SUCCESS,1
1024,51200,1.1,400,24,4,8,4,5,0.9,4194304,8704,9728,2000,200,95,3000,-1119.4726936554414,0.1,SUCCESS,1
2048,51200,1.1,300,64,4,4,10,5,0.9,1048576,9728,14848,2000,500,75,1000,-1068.6049463053362,0.1,SUCCESS,1
1792,51200,1.1,400,64,8,8,10,10,0.9,8388608,512,1536,2000,300,75,500,-1134.5078255720398,0.1,SUCCESS,1
5632,19456,1.0,200,32,2,8,4,10,0.9,1048576,10752,7680,1500,250,125,3000,-1098.0847915785707,0.1,SUCCESS,1
5632,51200,1.1,400,24,16,4,4,10,0.9,1572864,512,10752,2000,500,75,1000,-1151.9965823610785,0.1,SUCCESS,1
5632,51200,1.5,400,24,16,4,4,10,0.9,1572864,512,11776,2000,500,75,1000,-1170.5619211342655,0.1,SUCCESS,1
5632,51200,3.0,400,24,16,4,10,10,0.9,1572864,512,10752,2000,500,85,1000,-1165.1067855511078,0.1,SUCCESS,1
5632,51200,1.1,400,24,16,4,4,10,0.9,1572864,512,10752,2000,500,75,500,-1143.1129200543303,0.1,SUCCESS,1
4096,13312,4.5,200,16,8,4,10,10,0.9,3145728,1536,13824,500,500,100,1000,-1125.0053263501943,0.1,SUCCESS,1
5632,29696,1.1,300,20,4,4,10,5,0.9,524288,1536,10752,2000,200,125,3000,-1104.186457752065,0.1,SUCCESS,1
6144,51200,1.5,300,24,8,4,10,10,0.9,4194304,2560,4608,1500,500,85,3000,-1052.3977319098587,0.1,SUCCESS,1
3584,51200,1.5,400,64,2,4,10,10,0.9,2016383,512,12800,100,200,75,500,-1127.340927366995,0.1,SUCCESS,1
1536,51200,0.1,400,16,8,4,10,10,0.9,524288,512,7680,100,500,125,1000,-1122.31159961993,0.1,SUCCESS,1
5632,51200,1.1,400,16,16,4,10,10,0.9,524288,512,8192,2000,500,85,8000,-1148.2521025158355,0.1,SUCCESS,1
4096,51200,2.0,400,8,16,8,10,10,0.9,524288,1024,11776,2000,500,85,1000,-1090.4883043468767,0.1,SUCCESS,1
896,51200,7.5,300,32,16,4,4,5,0.9,524288,5632,512,50,250,75,500,-1122.8093658391415,0.1,SUCCESS,1
5632,51200,6.0,400,20,4,4,4,10,0.9,1572864,512,1536,2000,500,85,1000,-1137.8002823579066,0.1,SUCCESS,1
1280,51200,3.5,400,20,16,4,4,10,0.9,6291456,512,1536,500,500,85,1000,-1103.3386525542696,0.1,SUCCESS,1
4608,51200,3.0,400,20,16,4,4,10,0.9,1572864,512,9728,2000,500,85,1000,-1115.32884393377,0.1,SUCCESS,1
5632,51200,1.5,400,24,16,4,4,5,0.9,1572864,512,11776,2000,500,75,1000,-1162.9282354419108,0.1,SUCCESS,1
1792,51200,0.5,300,64,8,8,4,10,0.9,8388608,512,1536,100,150,75,1000,-1161.9234349303715,0.1,SUCCESS,1
5632,51200,6.0,200,24,8,4,10,10,0.9,1572864,512,11776,2000,150,95,6000,-1070.7885356956888,0.1,SUCCESS,1
2560,51200,1.0,1,4,4,4,10,5,0.9,2016383,11776,4608,1500,300,85,1000,-1105.2448697882985,0.1,SUCCESS,1
5632,51200,3.0,400,24,1,8,10,10,0.9,1572864,512,10752,2000,500,85,1000,-1096.127523678738,0.1,SUCCESS,1
5632,51200,1.5,400,20,16,4,10,10,0.9,1572864,512,10752,2000,150,85,1000,-1021.612452363622,0.1,SUCCESS,1
5632,51200,1.0,400,24,16,4,4,10,0.9,1572864,1024,11776,2000,150,85,1000,-1090.8594124637837,0.1,SUCCESS,1
896,12288,5.5,400,16,1,4,10,5,0.9,2016383,10752,11776,2000,150,75,1000,-1057.5993618864595,0.1,SUCCESS,1
5632,51200,1.5,1,24,16,8,4,10,0.9,1572864,512,11776,2000,500,75,1000,-1092.9009028584137,0.1,SUCCESS,1
5632,51200,1.5,400,32,16,4,4,10,0.9,1572864,512,10752,1500,500,85,1000,-1037.602869337379,0.1,SUCCESS,1
5120,7168,0.5,1,8,4,8,10,5,0.9,4194304,9728,14848,1500,200,100,1000,-1116.1345931547253,0.1,SUCCESS,1
640,11264,1.1,300,32,8,4,4,5,0.9,3145728,14848,15872,1500,300,115,8000,-1006.4549222127764,0.1,SUCCESS,1
5632,51200,1.1,400,20,16,4,10,10,0.9,1572864,512,8704,1500,500,85,3000,-1090.6655734471178,0.1,SUCCESS,1
2048,51200,1.1,300,24,4,4,10,10,0.9,2016383,512,10752,500,150,75,500,-1062.814743731376,0.1,SUCCESS,1
2048,29696,1.1,400,32,4,8,4,5,0.9,2016383,512,1536,100,500,125,1000,-1104.8910614424178,0.1,SUCCESS,1
2560,51200,7.0,400,20,4,4,4,10,0.9,1048576,5632,3584,2000,300,115,1000,-1059.8730591653705,0.1,SUCCESS,1
1536,51200,0.5,300,64,8,8,10,10,0.9,2016383,512,1536,2000,300,75,1000,-1100.3177814235278,0.1,SUCCESS,1
1024,51200,1.1,400,24,16,4,10,10,0.9,1048576,2560,4608,2000,500,95,8000,-1001.1149924365762,0.1,SUCCESS,1
5632,51200,1.5,400,24,16,4,4,5,0.9,1572864,512,11776,2000,150,75,1000,-1090.440475289569,0.1,SUCCESS,1
5632,46080,1.5,400,24,16,4,10,10,0.9,1572864,512,11776,2000,500,75,1000,-1109.4614501774538,0.1,SUCCESS,1
1792,51200,0.5,300,64,16,4,10,10,0.9,4194304,512,1536,2000,500,85,500,-1072.4346708751618,0.1,SUCCESS,1
2048,35840,1.0,400,64,4,8,4,5,0.9,1048576,512,1536,100,500,125,1000,-1051.3196804401894,0.1,SUCCESS,1
5632,51200,1.1,400,24,16,4,10,10,0.9,1572864,512,8704,2000,500,85,1000,-1151.0004546298585,0.1,SUCCESS,1
6656,51200,1.5,400,24,16,4,4,10,0.9,1572864,1024,11776,2000,500,75,8000,-1068.6645135959975,0.1,SUCCESS,1
5632,51200,1.1,400,64,16,4,4,10,0.9,1572864,512,10752,2000,500,85,1000,-1100.669016809056,0.1,SUCCESS,1
1280,51200,1.0,200,16,16,8,4,5,0.9,3145728,4608,13824,50,150,125,3000,-1014.2611380603048,0.1,SUCCESS,1
1792,46080,4.5,300,32,4,4,10,5,0.9,6291456,512,1536,100,150,75,1000,-1083.526757406342,0.1,SUCCESS,1
1280,51200,4.0,400,4,4,8,4,5,0.9,2016383,512,3584,500,500,75,6000,-1134.0713388458498,0.1,SUCCESS,1
7168,12288,6.5,100,16,4,4,10,5,0.9,524288,13824,9728,50,300,100,3000,-1126.126482659476,0.1,SUCCESS,1
2560,51200,0.5,400,16,4,4,4,10,0.9,2016383,512,12800,100,200,100,8000,-1128.999671227769,0.1,SUCCESS,1
1792,51200,0.5,300,16,8,4,10,10,0.9,8388608,512,1536,2000,500,75,500,-1126.371676604159,0.1,SUCCESS,1
2048,35840,1.1,400,32,8,8,4,5,0.9,1048576,1536,1536,100,150,125,6000,-1141.3338828634855,0.1,SUCCESS,1
1536,7168,4.0,1,8,16,8,10,10,0.9,1048576,1536,9728,500,250,125,3000,-1024.358228442255,0.1,SUCCESS,1
1280,6990,6.0,400,32,4,4,4,10,0.9,8388608,3584,2560,1000,200,115,500,-1086.554695635244,0.1,SUCCESS,1
1536,51200,4.5,400,20,4,4,4,10,0.9,8388608,512,6656,50,300,75,8000,-1116.841770610685,0.1,SUCCESS,1
2048,30720,0.5,400,32,4,4,4,5,0.9,1048576,1536,1536,100,500,125,1000,-1059.9809463654476,0.1,SUCCESS,1
1792,51200,0.5,300,64,8,8,4,10,0.9,8388608,512,1536,100,150,75,500,-1131.0015168730558,0.1,SUCCESS,1
5632,51200,0.5,400,24,2,4,10,10,0.9,1572864,512,10752,2000,500,85,1000,-1089.351094641059,0.1,SUCCESS,1
2048,35840,1.0,400,32,8,8,10,5,0.9,2016383,1536,3584,2000,250,125,3000,-1058.210905137687,0.1,SUCCESS,1
3072,46080,1.0,300,64,8,8,4,10,0.9,8388608,512,1536,100,150,75,1000,-1122.1316293185323,0.1,SUCCESS,1
7168,6990,7.5,200,20,8,4,10,5,0.9,2016383,2560,12800,1000,300,115,6000,-1122.2421777280883,0.1,SUCCESS,1
5632,29696,1.1,400,24,16,4,4,10,0.9,1572864,512,10752,2000,500,75,1000,-1159.5765421440492,0.1,SUCCESS,1
5632,51200,1.1,400,24,16,4,4,10,0.9,1572864,512,8704,2000,500,75,500,-1098.2735126233465,0.1,SUCCESS,1
5632,30720,1.0,400,24,16,4,4,5,0.9,1572864,512,9728,2000,500,75,1000,-1120.125950408057,0.1,SUCCESS,1
2048,15360,0.5,400,32,16,8,4,10,0.9,2016383,512,1536,1500,300,125,500,-1119.659218623421,0.1,SUCCESS,1
4096,19456,3.5,400,4,4,4,10,5,0.9,8388608,12800,13824,1000,300,125,500,-1045.5673384498389,0.1,SUCCESS,1
1792,29696,1.1,300,32,8,8,4,10,0.9,2016383,512,2560,100,250,75,1000,-1100.0098521513426,0.1,SUCCESS,1
5632,29696,1.1,400,24,16,4,4,5,0.9,1572864,512,10752,2000,500,75,500,-1057.7164878346723,0.1,SUCCESS,1
2048,35840,5.5,400,32,16,8,4,5,0.9,1048576,512,1536,2000,150,125,3000,-1087.4412271809197,0.1,SUCCESS,1
4608,51200,3.0,300,8,4,8,4,10,0.9,4194304,512,1536,50,500,125,6000,-1134.4768759729936,0.1,SUCCESS,1
1792,51200,0.5,300,64,4,8,4,10,0.9,8388608,512,1536,100,150,75,1000,-1068.474819793385,0.1,SUCCESS,1
5632,27648,1.1,400,32,16,4,4,10,0.9,2016383,512,10752,2000,500,75,1000,-980.8502576962674,0.1,SUCCESS,1
1536,51200,5.5,400,24,16,8,10,5,0.9,6291456,512,14848,2000,500,85,1000,-1100.0632793836571,0.1,SUCCESS,1
1792,51200,3.5,300,20,2,8,4,5,0.9,1048576,1536,9728,500,500,125,6000,-1043.152476075844,0.1,SUCCESS,1
2560,46080,0.5,300,64,8,8,10,10,0.9,8388608,512,1536,2000,500,75,8000,-1106.6396508607231,0.1,SUCCESS,1
5632,29696,1.1,400,64,16,4,4,10,0.9,1572864,512,10752,2000,150,75,1000,-1044.8452955805112,0.1,SUCCESS,1
1536,12288,6.0,1,16,4,4,10,5,0.9,1048576,2560,4608,50,150,115,3000,-1025.0805131378218,0.1,SUCCESS,1
2048,29696,0.5,400,32,8,4,4,5,0.9,1048576,512,1536,1000,500,125,1000,-1098.4041394022497,0.1,SUCCESS,1
2048,27648,6.5,300,64,4,4,4,5,0.9,1048576,9728,1536,100,200,100,6000,-1053.857067101357,0.1,SUCCESS,1
7168,19456,2.0,100,20,8,8,10,10,0.9,1048576,7680,3584,100,250,125,6000,-1123.7158498785166,0.1,SUCCESS,1
1792,51200,0.5,300,64,8,4,10,10,0.9,8388608,512,1536,2000,150,75,1000,-1054.6490978883166,0.1,SUCCESS,1
1792,17408,3.5,400,24,16,4,4,10,0.9,1048576,512,1536,500,500,75,1000,-1133.7449533860763,0.1,SUCCESS,1
6144,46080,5.0,300,16,8,8,4,10,0.9,4194304,512,1536,2000,500,125,3000,-1059.23204634423,0.1,SUCCESS,1
1792,51200,0.5,400,64,4,8,10,10,0.9,8388608,512,1536,2000,250,75,1000,-1062.2801895349262,0.1,SUCCESS,1
5632,51200,1.5,400,24,16,4,10,5,0.9,2016383,512,10752,2000,500,75,1000,-1067.2117441040689,0.1,SUCCESS,1
5632,51200,1.5,400,24,16,4,10,10,0.9,1572864,512,11776,2000,500,95,1000,-1041.0929209611415,0.1,SUCCESS,1
1792,14336,0.1,300,24,4,4,4,10,0.9,2016383,512,5632,2000,500,75,6000,-1139.230692094312,0.1,SUCCESS,1
1792,21504,0.1,300,24,4,4,4,10,0.9,1572864,512,1536,2000,500,75,500,-1107.7083574383546,0.1,SUCCESS,1
1792,9216,0.1,400,64,8,4,4,5,0.9,2016383,512,2560,1500,500,85,500,-1142.40329998909,0.1,SUCCESS,1
2048,29696,1.1,400,32,4,8,4,5,0.9,2016383,512,1536,100,150,125,500,-1098.519666643222,0.1,SUCCESS,1
2048,40960,4.5,400,24,16,8,10,10,0.9,4194304,512,2560,2000,200,75,500,-1111.7130997711804,0.1,SUCCESS,1
5632,29696,1.1,400,24,4,4,4,10,0.9,1572864,512,8704,2000,500,75,1000,-1131.1714721466496,0.1,SUCCESS,1
1792,29696,0.1,400,24,16,4,4,10,0.9,2016383,512,10752,2000,500,75,3000,-1037.36040444975,0.1,SUCCESS,1
4608,12288,0.1,300,32,4,4,4,5,0.9,4194304,512,1536,1500,500,75,8000,-1119.1631680665082,0.1,SUCCESS,1
4608,40960,1.1,300,32,8,8,10,10,0.9,1572864,512,10752,2000,200,75,500,-1086.9480794929136,0.1,SUCCESS,1
1280,51200,1.0,300,16,8,8,10,10,0.9,4194304,512,1536,2000,250,75,1000,-1171.666659890528,0.1,SUCCESS,1
896,51200,3.0,400,24,16,4,10,10,0.9,1572864,512,10752,2000,500,85,1000,-1083.446741776865,0.1,SUCCESS,1
1792,30720,0.5,400,64,8,8,10,10,0.9,1048576,512,1536,1500,250,75,500,-1089.01357021916,0.1,SUCCESS,1
1792,46080,1.0,300,64,8,8,4,10,0.9,8388608,512,1536,2000,250,75,8000,-1127.9476470053887,0.1,SUCCESS,1
1280,51200,1.0,200,16,8,8,10,10,0.9,4194304,512,1536,2000,200,75,1000,-1091.332510232165,0.1,SUCCESS,1
2048,35840,0.5,300,20,8,8,10,5,0.9,1048576,512,1536,100,500,125,1000,-1158.681398088181,0.1,SUCCESS,1
2048,35840,0.5,200,20,8,8,10,5,0.9,1048576,512,1536,100,500,125,1000,-1149.339187007264,0.1,SUCCESS,1
5632,35840,1.0,300,20,8,8,10,10,0.9,2016383,512,1536,100,500,125,3000,-1107.8112528706774,0.1,SUCCESS,1
2048,35840,0.5,1,20,8,8,4,5,0.9,1048576,512,1536,100,500,125,1000,-1154.7450057197716,0.1,SUCCESS,1
2048,35840,0.1,1,20,8,8,4,5,0.9,1048576,512,1536,100,300,125,1000,-1106.382851230694,0.1,SUCCESS,1
5632,35840,1.1,400,20,16,4,4,10,0.9,1572864,512,10752,2000,500,75,1000,-1104.0623885373184,0.1,SUCCESS,1
768,35840,0.5,300,4,16,8,10,10,0.9,2016383,512,4608,50,250,125,1000,-1132.370291627291,0.1,SUCCESS,1
1792,46080,1.0,400,64,8,8,4,10,0.9,8388608,512,1536,100,500,75,1000,-1129.0949368817112,0.1,SUCCESS,1
1280,46080,1.0,300,16,8,8,10,10,0.9,4194304,512,1536,100,250,75,1000,-1139.0570249763643,0.1,SUCCESS,1
1792,30720,0.5,300,64,8,8,4,5,0.9,2016383,512,1536,100,500,75,1000,-1107.1539167661613,0.1,SUCCESS,1
1792,29696,1.0,300,24,8,8,10,10,0.9,4194304,512,1536,2000,250,75,6000,-1137.4824886824408,0.1,SUCCESS,1
2048,35840,1.1,400,32,8,8,4,5,0.9,1048576,512,1536,100,500,125,500,-1118.6274319986987,0.1,SUCCESS,1
1792,46080,4.0,1,20,16,4,10,5,0.9,1048576,512,8192,50,500,125,500,-1156.662742457955,0.1,SUCCESS,1
1792,35840,7.0,100,20,4,4,4,5,0.9,2016383,512,5632,100,500,115,500,-1129.7857129691788,0.1,SUCCESS,1
1792,30720,4.0,1,20,16,4,10,5,0.9,1048576,512,8192,50,500,125,500,-1137.3550494672086,0.1,SUCCESS,1
1792,30720,7.0,300,20,4,8,4,10,0.9,524288,512,5632,50,500,115,6000,-1146.134861713407,0.1,SUCCESS,1
5632,51200,1.5,400,24,4,4,4,5,0.9,2016383,512,11776,2000,500,75,500,-1163.062095927616,0.1,SUCCESS,1
5632,8192,6.0,1,20,8,4,4,5,0.9,6291456,512,2560,50,500,75,500,-1144.7003269354136,0.1,SUCCESS,1
2048,25600,1.0,300,24,4,8,10,10,0.9,2016383,512,8704,2000,500,75,500,-1076.0031928126964,0.1,SUCCESS,1
6144,23552,8.0,1,20,4,4,4,10,0.9,4194304,512,5632,100,500,125,1000,-1150.5374181112986,0.1,SUCCESS,1
5632,8192,4.5,100,20,16,8,4,10,0.9,3145728,512,7680,100,500,115,1000,-1112.3784983872558,0.1,SUCCESS,1
5632,30720,1.1,400,24,4,4,4,5,0.9,524288,512,11776,2000,500,75,500,-1138.7423359475908,0.1,SUCCESS,1
5632,30720,1.1,400,24,16,4,10,10,0.9,2016383,512,9728,2000,500,85,1000,-1104.7774195964212,0.1,SUCCESS,1
5632,29696,1.1,400,24,4,4,4,10,0.9,2016383,512,8704,2000,500,75,3000,-1074.5632358369396,0.1,SUCCESS,1
5632,11264,2.0,1,20,8,4,4,5,0.9,6291456,512,1536,50,500,75,500,-1125.5395187841943,0.1,SUCCESS,1
2560,30720,1.1,400,24,8,4,10,10,0.9,524288,512,10752,2000,500,75,1000,-1162.1745958479169,0.1,SUCCESS,1
2560,30720,0.5,400,64,4,4,4,10,0.9,524288,512,10752,500,250,75,1000,-1133.557529556028,0.1,SUCCESS,1
5632,51200,1.5,400,64,4,4,4,5,0.9,2016383,512,11776,2000,500,75,1000,-1106.512277934546,0.1,SUCCESS,1
5632,29696,2.5,400,64,16,4,4,5,0.9,1572864,512,11776,100,500,75,500,-1136.102540570448,0.1,SUCCESS,1
5632,29696,1.1,400,64,16,4,4,10,0.9,4194304,512,10752,100,500,75,1000,-1116.4487998493862,0.1,SUCCESS,1
768,51200,4.0,1,20,4,8,10,5,0.9,1048576,512,14848,50,500,125,1000,-1097.5998097950996,0.1,SUCCESS,1
1280,51200,1.0,300,4,8,8,10,10,0.9,6291456,512,1536,2000,250,75,1000,-1120.3832462758205,0.1,SUCCESS,1
5120,9216,6.0,1,20,8,8,4,5,0.9,6291456,512,3584,100,300,85,500,-1113.7814070497898,0.1,SUCCESS,1
1792,7168,3.0,400,64,8,4,4,5,0.9,3145728,512,4608,100,500,75,500,-1129.3635773508154,0.1,SUCCESS,1
2560,14336,1.5,200,64,4,4,4,5,0.9,2016383,512,1536,1500,500,100,500,-1063.2414711108563,0.1,SUCCESS,1
2560,23552,6.0,400,64,4,4,4,10,0.9,2016383,512,1536,500,500,75,500,-1137.024424421181,0.1,SUCCESS,1
2560,25600,5.0,400,8,8,4,4,5,0.9,4194304,512,1536,1500,500,85,500,-1136.002903465026,0.1,SUCCESS,1
5632,29696,2.0,400,24,4,4,4,10,0.9,1048576,512,9728,2000,500,75,500,-1074.6115734953098,0.1,SUCCESS,1
2560,30720,1.0,400,32,8,4,10,10,0.9,524288,512,10752,1000,500,75,1000,-1129.4664272144912,0.1,SUCCESS,1
3072,7168,7.0,300,8,4,4,4,5,0.9,6291456,512,6656,1000,500,75,1000,-1079.0089829297294,0.1,SUCCESS,1
7168,6990,5.5,100,32,4,8,4,10,0.9,1572864,8704,1536,100,250,125,3000,-1062.892978428928,0.1,SUCCESS,1
7168,27648,0.5,1,20,8,4,10,10,0.9,3145728,512,1536,100,500,125,500,-1094.0373890134936,0.1,SUCCESS,1
5632,51200,1.0,400,24,8,4,4,5,0.9,1572864,512,12800,2000,500,75,1000,-1085.803239035259,0.1,SUCCESS,1
3584,51200,1.5,400,24,4,4,4,10,0.9,2016383,512,11776,2000,500,75,500,-1084.1398818312284,0.1,SUCCESS,1
7168,10240,4.5,1,16,4,4,10,10,0.9,1048576,4608,4608,500,300,100,1000,-1105.776913778573,0.1,SUCCESS,1
4096,8192,3.5,400,16,16,4,10,5,0.9,524288,10752,1536,2000,300,75,1000,-1159.7654958126202,0.1,SUCCESS,1
5632,30720,2.5,400,24,4,8,4,5,0.9,2016383,512,11776,2000,500,75,500,-1095.6363330243337,0.1,SUCCESS,1
2048,29696,7.0,1,20,4,4,4,10,0.9,524288,512,11776,500,500,125,1000,-1079.2030235575594,0.1,SUCCESS,1
1280,40960,1.0,300,16,8,8,10,10,0.9,4194304,512,1536,2000,250,75,1000,-1113.8806634166308,0.1,SUCCESS,1
1792,29696,0.1,300,64,8,4,4,10,0.9,4194304,512,1536,100,150,75,500,-1110.054198196752,0.1,SUCCESS,1
4096,7168,8.0,1,20,4,8,4,10,0.9,1048576,512,1536,100,500,125,1000,-1117.5662575527283,0.1,SUCCESS,1
5632,6990,3.5,1,4,16,8,10,5,0.9,524288,7680,3584,50,300,125,1000,-1132.5144508852684,0.1,SUCCESS,1
5120,5120,2.0,100,4,16,4,10,10,0.9,1048576,3584,3584,100,200,95,6000,-1064.3892739407593,0.1,SUCCESS,1
7168,27648,2.5,1,4,8,8,10,5,0.9,524288,3584,1536,1500,300,125,8000,-1146.4069045937438,0.1,SUCCESS,1
896,7168,1.5,200,24,4,8,10,5,0.9,3145728,3584,8704,1000,500,85,3000,-1062.9477666563914,0.1,SUCCESS,1
7168,12288,2.5,1,20,16,8,10,5,0.9,2016383,3584,1536,2000,300,125,1000,-1054.8135437147623,0.1,SUCCESS,1
2560,6990,2.0,100,24,8,8,10,5,0.9,4194304,512,8192,50,500,125,1000,-1135.295469766534,0.1,SUCCESS,1
5632,46080,2.5,400,32,4,4,4,5,0.9,524288,512,11776,2000,500,75,500,-1063.977957543412,0.1,SUCCESS,1
2048,35840,1.5,1,32,16,4,4,5,0.9,2016383,3584,2560,500,150,125,8000,-1120.3042763459478,0.1,SUCCESS,1
3584,9216,5.5,200,8,4,4,10,10,0.9,524288,7680,512,1000,150,125,8000,-1130.637040913438,0.1,SUCCESS,1
1792,29696,1.1,400,20,8,8,4,5,0.9,524288,512,1536,2000,500,75,6000,-1137.527441870188,0.1,SUCCESS,1
2560,30720,0.5,400,64,4,4,4,5,0.9,524288,512,10752,2000,500,75,500,-1118.6732871255829,0.1,SUCCESS,1
5120,11264,3.5,400,16,16,8,10,5,0.9,524288,10752,2560,1500,300,85,8000,-1026.3696937398363,0.1,SUCCESS,1
4096,6990,6.0,300,20,8,8,10,5,0.9,524288,11776,1536,100,150,75,1000,-1110.4343750442206,0.1,SUCCESS,1
2560,13312,5.0,100,32,16,8,4,5,0.9,6291456,512,5632,100,500,125,500,-1074.4994780275715,0.1,SUCCESS,1
1792,27648,0.5,400,24,8,8,10,10,0.9,2016383,512,10752,2000,200,75,1000,-1131.0693745196363,0.1,SUCCESS,1
2048,29696,1.1,400,24,8,8,10,10,0.9,524288,512,8704,2000,500,85,6000,-1135.9714327301567,0.1,SUCCESS,1
2048,25600,1.1,400,64,4,4,4,5,0.9,2016383,512,2560,1500,500,85,500,-1078.3483453418696,0.1,SUCCESS,1
6656,27648,3.5,1,8,16,8,10,5,0.9,524288,13824,1536,100,300,100,3000,-1142.9235025362896,0.1,SUCCESS,1
5120,29696,1.0,400,16,4,8,10,5,0.9,524288,512,14848,500,500,125,1000,-1102.2815306264083,0.1,SUCCESS,1
2048,40960,4.5,300,20,8,4,10,5,0.9,1048576,512,1536,50,500,125,500,-1060.4536749366218,0.1,SUCCESS,1
4608,51200,1.5,400,32,4,4,4,10,0.9,1048576,512,11776,1500,300,75,1000,-1095.751166105619,0.1,SUCCESS,1
1280,19456,2.0,1,4,16,4,10,5,0.9,524288,7680,1536,500,250,125,3000,-1080.6144951577148,0.1,SUCCESS,1
1280,35840,6.5,1,4,4,8,10,5,0.9,8388608,14848,12800,1500,150,75,3000,-1118.2033300356666,0.1,SUCCESS,1
1792,29696,0.5,400,64,4,4,4,5,0.9,2016383,512,4608,1500,500,100,500,-1125.4080250270222,0.1,SUCCESS,1
2560,27648,1.0,400,24,8,4,10,10,0.9,1048576,512,10752,100,500,75,1000,-1146.7183316132555,0.1,SUCCESS,1
2048,29696,1.1,400,24,4,4,4,5,0.9,524288,512,1536,100,500,75,6000,-1085.016896919991,0.1,SUCCESS,1
3584,29696,5.5,200,8,2,8,4,5,0.9,1572864,6656,14848,500,300,75,3000,-1050.1607075024426,0.1,SUCCESS,1
3584,23552,1.0,400,64,8,4,4,10,0.9,2016383,512,1536,2000,200,85,6000,-1130.1548858449387,0.1,SUCCESS,1
1792,21504,0.5,400,32,8,8,10,10,0.9,524288,512,8192,100,500,85,1000,-1117.491119075531,0.1,SUCCESS,1
1280,30720,1.0,300,24,4,4,4,10,0.9,4194304,512,1536,100,500,75,6000,-1122.7350448433854,0.1,SUCCESS,1
2560,29696,1.1,400,32,8,4,10,10,0.9,1048576,512,10752,2000,500,85,1000,-1108.0199853519832,0.1,SUCCESS,1
2048,12288,1.0,400,20,4,8,10,5,0.9,1572864,512,1536,2000,500,75,1000,-1101.7956173330476,0.1,SUCCESS,1
1280,51200,1.0,300,20,8,8,10,10,0.9,4194304,512,1536,2000,250,75,500,-1095.4956901505034,0.1,SUCCESS,1
2048,27648,5.0,400,24,8,4,10,10,0.9,1572864,512,2560,2000,500,85,500,-1129.878705763116,0.1,SUCCESS,1
4096,46080,0.5,200,16,2,8,4,10,0.9,4194304,11776,10752,1500,250,125,6000,-1141.707939439293,0.1,SUCCESS,1
2560,30720,1.1,400,24,4,4,10,10,0.9,524288,512,10752,2000,500,85,1000,-1126.4897024051045,0.1,SUCCESS,1
2048,29696,1.1,400,32,8,8,4,5,0.9,1048576,512,1536,2000,500,85,6000,-1089.412660077514,0.1,SUCCESS,1
5120,6990,0.5,100,16,8,4,10,5,0.9,1572864,7680,2560,2000,300,125,1000,-1083.465851509928,0.1,SUCCESS,1
5632,25600,1.1,1,16,16,8,10,5,0.9,6291456,9728,7680,1500,150,125,6000,-1120.036556584355,0.1,SUCCESS,1
5632,51200,3.5,400,4,16,8,10,5,0.9,1572864,6656,1536,100,250,75,8000,-1094.0185526608625,0.1,SUCCESS,1
6144,6144,8.0,100,4,1,4,10,10,0.9,6291456,15872,6656,2000,300,85,3000,-1121.0612222667876,0.1,SUCCESS,1
1792,27648,5.5,300,20,4,4,4,10,0.9,2016383,512,1536,2000,500,85,3000,-1067.7421140109896,0.1,SUCCESS,1
5632,17408,4.0,100,4,8,4,4,10,0.9,4194304,512,8192,50,500,85,8000,-1119.1319055785864,0.1,SUCCESS,1
2560,29696,2.5,300,64,4,4,4,10,0.9,1572864,512,8192,500,500,75,500,-1096.75999506458,0.1,SUCCESS,1
640,35840,4.0,100,16,8,8,4,5,0.9,1048576,512,6656,50,500,115,1000,-1077.5925041366777,0.1,SUCCESS,1
1792,17408,7.0,200,24,8,8,4,5,0.9,1048576,512,1536,1000,300,125,1000,-1100.2536541077352,0.1,SUCCESS,1
896,46080,1.0,400,64,8,4,4,5,0.9,4194304,512,3584,500,500,85,6000,-1041.940719094001,0.1,SUCCESS,1
768,12288,6.0,1,8,16,8,10,10,0.9,524288,1536,1536,2000,500,75,3000,-1078.8322172778085,0.1,SUCCESS,1
1792,29696,1.0,400,20,4,8,4,5,0.9,1048576,512,1536,100,500,125,500,-1087.4448815105368,0.1,SUCCESS,1
1792,23552,6.0,400,4,1,4,10,5,0.9,6291456,11776,4608,500,300,115,500,-1046.0894155254348,0.1,SUCCESS,1
2560,27648,2.5,300,64,8,4,4,5,0.9,6291456,512,512,1500,500,75,500,-1084.429706683453,0.1,SUCCESS,1
1792,29696,1.0,400,8,4,8,10,5,0.9,4194304,512,512,2000,200,100,6000,-1085.0110759631284,0.1,SUCCESS,1
3072,6144,3.5,200,16,16,4,10,10,0.9,524288,10752,1536,1500,300,100,8000,-1073.6056730106188,0.1,SUCCESS,1
2048,40960,1.0,300,32,8,8,10,5,0.9,1048576,512,1536,100,500,125,1000,-1090.1713628451612,0.1,SUCCESS,1
2048,30720,8.0,400,8,16,4,10,10,0.9,3145728,512,3584,2000,500,85,8000,-1029.883432617573,0.1,SUCCESS,1
6144,25600,7.5,100,4,16,8,10,5,0.9,524288,3584,2560,500,300,100,8000,-1100.9908964090637,0.1,SUCCESS,1
1792,6990,7.5,400,24,8,8,4,10,0.9,4194304,512,3584,50,300,115,1000,-1060.9437878525328,0.1,SUCCESS,1
5632,27648,0.1,1,4,16,8,10,10,0.9,1048576,7680,8192,50,250,125,3000,-1148.8351148485183,0.1,SUCCESS,1
3584,6990,4.0,100,20,8,4,4,5,0.9,2016383,512,2560,50,500,85,1000,-1059.4157454622982,0.1,SUCCESS,1
1792,30720,0.5,400,64,4,4,10,10,0.9,2016383,512,10752,2000,500,75,3000,-1121.7475541987392,0.1,SUCCESS,1
5632,29696,6.5,200,20,8,8,10,10,0.9,2016383,13824,1536,50,250,100,1000,-1139.119147671916,0.1,SUCCESS,1
2048,30720,1.1,400,32,4,8,10,10,0.9,524288,512,10752,500,500,75,500,-1096.5205104913357,0.1,SUCCESS,1
2048,8192,1.1,400,64,8,4,4,5,0.9,3145728,512,1536,2000,500,125,500,-1079.3620838832878,0.1,SUCCESS,1
2560,35840,1.1,400,16,8,4,10,10,0.9,524288,512,10752,2000,500,95,3000,-1093.2792444999632,0.1,SUCCESS,1
2560,30720,1.0,400,32,8,4,10,10,0.9,524288,512,10752,2000,500,75,3000,-1119.1482790247978,0.1,SUCCESS,1
1792,19456,1.0,400,32,4,4,10,10,0.9,4194304,512,6656,50,200,75,6000,-1115.9368759308425,0.1,SUCCESS,1
6144,14336,3.0,1,4,4,4,10,5,0.9,2016383,12800,3584,1500,300,125,8000,-1081.255457789476,0.1,SUCCESS,1
2560,12288,6.5,400,8,16,4,10,10,0.9,524288,5632,1536,2000,250,115,6000,-1114.2874434685966,0.1,SUCCESS,1
3584,11264,4.0,400,64,4,4,10,5,0.9,2016383,512,4608,2000,500,85,500,-980.6680224530278,0.1,SUCCESS,1
6144,21504,0.1,1,20,16,8,10,10,0.9,1048576,7680,8704,100,200,115,3000,-1102.8985004464869,0.1,SUCCESS,1
2560,46080,1.1,1,24,8,4,4,10,0.9,524288,512,9728,2000,500,75,1000,-1077.3988708375005,0.1,SUCCESS,1
2048,35840,1.1,400,24,8,8,4,5,0.9,2016383,1024,1536,100,300,125,6000,-1074.0461860514897,0.1,SUCCESS,1
2048,29696,1.0,400,64,4,4,10,10,0.9,8388608,512,8704,1500,500,85,1000,-1142.9294047742508,0.1,SUCCESS,1
1792,30720,1.1,400,24,8,8,10,10,0.9,2016383,512,10752,500,500,75,6000,-1062.021507428932,0.1,SUCCESS,1
5632,51200,1.1,400,24,16,4,10,5,0.9,1572864,512,11776,2000,250,85,1000,-1056.1137619157698,0.1,SUCCESS,1
4096,51200,0.1,1,20,16,4,4,10,0.9,3145728,7680,3584,50,500,125,6000,-1033.4354828267062,0.1,SUCCESS,1
6144,51200,0.1,100,24,16,4,10,10,0.9,1048576,8704,13824,1500,250,100,3000,-1129.3413275306991,0.1,SUCCESS,1
5632,21504,0.5,200,64,2,4,4,5,0.9,1572864,8704,15872,100,150,125,500,-1098.7564786767582,0.1,SUCCESS,1
2048,35840,1.0,400,32,4,8,4,10,0.9,2016383,512,1536,1500,150,85,500,-1072.8773155569206,0.1,SUCCESS,1
2560,30720,1.0,300,24,4,8,4,10,0.9,8388608,512,6656,2000,500,75,500,-1097.6066434083818,0.1,SUCCESS,1
4096,27648,4.5,100,16,8,4,10,10,0.9,1048576,4608,5632,100,500,125,3000,-1051.5412670985108,0.1,SUCCESS,1
6656,40960,4.5,1,24,16,8,10,10,0.9,2016383,2560,8192,100,250,115,3000,-1140.12113662435,0.1,SUCCESS,1
