x1,x2,Throughput,Timestamp
0,0,55.602112642270264,8
7.847246149072758,10.233780248772497,86.94201350520811,8
-4.36397253561586,5.440730238991661,106.02238476655955,9
9.402010215293888,0.8501510736929984,2.9786831987725346,9
-2.6642908963260727,3.207445859797785,64.67217525508168,9
9.77510878392958,11.065022503179481,69.51727222203274,9
5.265971762763671,14.916673723535704,203.1599126057867,9
3.7824658651457614,10.409805636237122,75.94599180650387,9
7.455603109550417,13.954524994395184,173.48522747027454,9
3.553270173958058,9.25245853547404,54.149262431819466,9
5.867974545255773,13.052056874015648,161.42153148339628,10
1.1702554289011387,12.532450275756991,81.28039642396327,10
-0.9994039088370945,2.900815745457687,38.413842056621746,10
4.012232816091602,1.8523181729331077,3.8380838358672245,10
-2.2961492773739858,0.312918291827107,104.08280328048143,10
5.871909653721525,10.568290493735734,108.28412589143,10
6.716052282426599,0.4967231984751178,19.12769551867811,10
-1.0628427939740694,0.7000378379509842,65.61371319676324,10
7.959980009838528,4.952025485523378,20.786283094809043,10
9.698867877493601,11.679734347319503,81.10654011402367,10
-0.6097679230353572,9.370939438409364,23.405558992772555,10
1.3263694180818604,9.807760585905413,44.716595938633205,10
8.202122318346776,1.6629789508374666,6.724919638055127,10
8.227563481162242,14.278939977407536,165.97855356211355,10
4.303871235710286,10.768224524662214,91.28847740023924,10
-0.08547343082978998,5.941240240307861,19.60537253055731,11
9.714600381047932,1.159198591685125,3.2667771692259704,11
9.335218374016229,14.072921189405204,136.68200243975434,11
0.48523179790546944,7.399441481046691,23.078856583678963,11
0.6174531152529106,9.847102787276755,40.68287689784974,11
5.133351547992071,2.468258817476361,15.446708496150585,11
0.8877081063610381,9.384057174189993,38.10461972417842,11
5.636345939018689,1.2831256466022727,17.684814124635068,11
-3.6293562544850975,9.503572519983557,17.313312187096056,11
0.24659213436496064,1.7955758297090012,33.90264224903635,11
0.5401696321539662,8.72141509360669,30.790859032363105,11
-4.503786206076813,13.00170495949507,15.777073840368473,11
8.064066027615462,9.14972708179316,65.50439355139098,11
-2.8433259077673654,14.807592861698653,11.305886560063085,11
6.673773235514032,11.89278877099117,134.67047251115756,12
7.0705869638387355,5.963094689321537,39.41406043918646,12
-3.070195764375332,13.048756919945104,1.3147749474563764,12
5.369194843311398,5.181695627793326,31.885932918884624,12
7.4240618728620955,14.84824495294631,197.43620485220174,12
2.211192139007591,7.271028831930795,21.556729990037354,12
1.7033383952270107,9.769582907239514,46.010845795207686,12
-2.9167168275836306,8.482120617963906,11.260612513138868,12
2.383084561330988,6.57126258389914,16.210049265559636,12
1.9233566771970159,13.669927241978533,111.8115010653057,12
-0.10277309885043628,5.422753949071414,20.10227669193952,12
-4.597776018570865,5.026598982949298,130.38395102322517,12
2.762500819343307,4.650962179762798,5.330475765159428,12
-1.367142276928373,10.985907212127907,18.53960633040296,13
0.6160600470205404,14.303413889780764,103.11978081709404,13
3.1936452853857578,14.82491537366381,158.9229983331834,13
-4.143673371411106,11.313466130430893,17.075256306984617,13
8.197475972336937,5.0292843250278985,18.291911204767803,13
-1.4436302648413033,1.6048459246820377,59.68711194782818,13
4.991161957918118,3.7693256188159734,18.866305709850817,13
5.936147193445873,10.277682613325549,103.1767374082055,13
-0.3640223032778893,2.4055592490702695,36.53670843997841,13
-4.943908807531641,1.6184275987441743,249.5975856906027,14
-0.4283162205961224,2.1842916681951983,39.175012577319855,14
3.5582412187245804,6.101309544588052,18.266423382748243,14
7.1497401384354085,7.655258735593458,57.570443149334004,14
1.8147824846730796,6.947742227890836,19.31256707846591,14
-1.24038016793095,2.7409446891964824,42.621223635052786,14
9.281205374193895,7.831910676513794,30.476186839317222,14
7.5232664417872925,12.809332178739663,144.70640187817727,14
6.267281952464584,3.8338927947978245,27.077657689467042,14
-3.5826609588025633,6.749393361878254,45.01861371217779,14
6.044145854302418,12.136408747587868,141.13641949003406,15
5.1501501597100745,9.656283492135337,85.07646370426455,15
0.7366814230185907,10.705328976217176,50.841516541767604,15
2.007304842749349,5.581679771135097,11.029455782413114,15
1.8739380233160574,0.35006889505151717,16.874941760681445,15
-3.9762966551868706,6.035245264387181,73.0379861225415,15
9.0044951446961,2.027913683807874,1.246839141673549,15
9.94098397041437,14.1900833913242,128.10423757301123,15
6.578743281331899,6.245832985615176,45.45282521712474,15
9.768373041078231,4.146875690545758,2.827261957087292,16
9.670503075690053,5.983754102264118,11.534647994585688,16
9.777916070850706,1.2995742071577987,3.2087724685678776,16
-3.942576336030281,13.485727305884573,3.9523069659182113,16
8.637322881405678,4.86397841662636,12.063632615773464,16
9.662577680944985,5.528844232923866,8.767534805825623,16
7.593197328333943,7.783860773133488,53.698153953460036,16
6.776777063995748,14.951781409705642,209.02285299247612,16
-0.9281715005383777,13.961032836494757,56.36340827162981,16
-2.7421988994648707,10.92302264170566,1.323962053789181,16
-1.936053850868312,7.702159167782772,10.042441898220387,17
8.785214628323684,5.550424259971774,14.984009179577125,17
4.238011399618829,0.9743460058840776,5.974979854811325,17
3.4816979664553713,5.3812519727580606,12.214283412689127,17
-1.1958477998720425,8.78290530601002,13.999435446690562,17
3.8930047394765417,13.064805766640022,130.7381625580567,17
8.829217046308402,2.0899699522353297,2.0561596977689423,17
6.5523664058950235,8.84459799546583,78.95774764017557,17
9.638110005833683,4.97646057069703,5.977706611133673,17
-4.330292465505413,4.721597934416981,118.62437639824977,17
-4.666906539154511,12.288918637891967,25.184371571674504,897
-4.7415391701106575,13.002757138532052,22.16848492609688,1662
-4.784094330745617,13.371640069542044,20.922817193579725,2457
0.5738297981442964,12.968239415534896,79.5137308535928,2505
-4.8773356654312625,10.652187598869899,49.81142636463782,3295
7.706996971473886,3.308992095697228,15.023064638476928,3341
-4.890327692725373,14.593095024646965,16.89611685832751,4210
10,1.5731592863184636,3.9874610359911866,5054
-4.885171695435448,13.47516476592128,23.094193775169998,5897
-4.889705297891667,13.220484096132939,25.019299876630733,6705
8.966596600936033,1.6277547661515719,1.6262908274709815,7531
-4.910426410769171,14.497830926774462,17.8052044873001,8385
9.865386343227366,1.605279125475077,2.9188902710668145,9244
10,1.6174816706622086,3.8626814571421013,10054
-4.922351170514092,14.506633114990759,18.041164258829156,10895
9.963675398806847,1.6225425659352932,3.566548789248932,11724
3.8258299641411018,1.6197451355797379,2.592480433135405,12526
-4.9352296560802955,14.678610733625183,17.516233894076734,13339
-4.936692177620746,14.594789230112653,17.94650651624693,14134
-4.938640257041748,14.796577365594217,17.05732459222008,14962
9.012029481632874,1.8326392474284192,1.3042422612591924,15765
-2.2104187294188686,14.812954665235496,26.01936624854315,16588
3.869667211635587,1.6192982787361685,2.856891950545819,17405
8.896695208689145,1.6183811510096104,1.9059218802217295,18199
-2.809257743379365,13.130765408265475,3.613468097012304,18997
-4.939911600552524,13.117323852233637,27.35440756587556,19840
5.138173530734813,1.8472852462371612,14.343456273678223,21191
3.7905138432190704,1.6191547947422245,2.391337538570248,22401
-4.941055989430033,13.575189724369455,24.028510424157197,23512
8.3247008670694,2.0878988922879325,5.793020532631448,24580
9.336676599935636,1.750694231482058,0.8589203723082353,25575
9.30930198772257,1.7617340392806051,0.8432446275032621,26808
9.325630665695455,2.0858604374409215,0.53915588382843,28011
8.280686296182258,1.5827400266636038,6.035214707461439,29053
9.332037655786015,1.8326392474284192,0.7586506529807391,30085
8.744657435038592,14.077798029535359,149.34972707921764,30173
9.127593538408465,1.6187651467528246,1.1994414586710764,31456
8.734587375133932,1.959481346744473,2.5956002501735895,33452
5.6912333469661505,6.306883737701094,44.805498223934684,33572
9.335608451585768,1.9198947844834657,0.6673164505644351,35564
5.215922685612496,1.5823581417029813,14.76954230967042,37115
5.29289471893553,1.6343131142020506,15.459098951687135,38767
7.296685911623811,1.115121899841324,15.100941130120479,39761
5.242517232993414,1.6986041692216827,15.097141561153972,41724
9.334253637106645,1.9919043455177288,0.6035003256840934,43589
-3.5331398674822587,14.816794815436785,3.6241637612673525,45358
9.164358771382945,0.0671212763269195,5.548330298007023,46530
-2.9569449668766876,13.055970288375734,2.050290733280388,47538
9.914305398165952,1.750694231482058,2.890273678204525,48528
8.744769666344526,1.8991239571819216,2.537554611672733,49684
-4.941941529641408,14.730865588346337,17.426803706671752,50942
-3.208540245095702,14.81978444543689,6.099584790705752,51858
-4.9427557893916285,14.619546456278682,17.967764930757046,52729
-4.624231462296314,12.242666010085177,24.204699195135934,52797
-2.8124510480140748,14.822192092587615,11.963653867140664,53745
7.350547868909063,2.0440629045611383,15.214441571496625,54776
-2.8489164161954443,14.822990253155272,11.30573065854265,56257
9.05868792757298,4.750780439739281,7.6250632126416065,57486
3.1290216208982837,1.5987643616887002,0.8693239599767502,59158
3.3863032366100807,1.6186599445165495,0.9079109900962496,60148
5.263776540440469,1.635159298532011,15.218056572264427,61050
-3.4321404019876107,7.610755355969427,29.67383184923913,61129
-2.967541329093431,13.052985341750315,1.964682819351193,62126
-3.060886293617137,13.07110659040673,1.4077020522199089,63354
-4.943397275894225,13.052989189510079,27.971912241152666,64359
-4.943670928984613,14.706926242861055,17.576141963850688,65488
-3.2067552963106447,13.61500235771957,1.8174059810735006,66399
5.266842991139814,2.0666455352142763,15.804498516226221,67227
8.233094867594419,1.9323497958821825,6.524187576539977,68057
8.22107160266079,1.6186599445165495,6.554587320480493,69011
-2.7362622584661667,13.642318532839045,6.559256256601534,69921
9.932483780407598,4.676691995402355,4.637136683460855,70765
8.95209523642774,1.6184249372515558,1.6876549948856905,71608
-2.950179936282411,14.823647036219773,9.596818396454546,72427
9.335442546935814,1.921999889418813,0.6653077869419946,73235
-4.984578561569314,14.459882355604757,19.78015727551893,74108
-4.995001509272948,14.818952398877428,18.21900483828221,74994
-4.943878436675869,14.452806372196989,18.82403709219546,75838
-4.970294469442382,14.796757559932537,17.762393230506525,76667
2.5519701785456563,12.112178299235174,89.11371207634885,76737
-4.978213739499743,13.198928681702029,27.933441824157512,77580
-4.986360116297494,13.643615417903812,24.879009883908026,78424
-4.970975051896014,10.926544536185352,50.61361100913575,79249
6.793106976846419,1.1189020187727274,18.38151425852526,79319
-4.9811475496165825,13.059704634853116,29.141810782800817,80192
-4.950803283623967,14.659353166191464,17.962874115913323,81027
6.213773677474043,13.968707762440781,185.22347868710733,81097
3.1141995085553464,1.6177607714459659,0.8621220530432385,81935
-4.944044070568033,14.706838158789003,17.585002886425208,82785
-2.3241016170775457,14.183036700670037,17.767941212077613,82857
-4.948132956950224,14.259330445359028,19.964593179309496,83759
3.18082468032091,1.5987643616887002,0.8223839984433212,84686
3.2708679733652133,1.6187317051254058,0.7889411325688229,85537
-4.949394064894455,13.636471276839734,23.85058950351179,86362
8.740211180505101,1.7165520478316656,2.6196521731338933,87174
-4.9438210301098175,13.49680887668148,24.656099740487853,88240
-3.0913696017914947,13.058948194837017,1.2277901205010338,89359
-4.987145374303059,12.979358194063641,30.002064250487653,90482
7.5933786700638315,1.6181868221607223,12.53899495284138,91830
9.334478821012445,1.5044654908090607,1.2387827915995224,93107
8.742881282247579,4.150777098647073,7.3451792844375765,94110
8.224128146344375,1.824064745877455,6.557255559686704,95173
-3.0629722028276207,14.823812738431416,7.918487394860453,96230
8.23033996905139,2.839028863347555,7.8804567964167616,97287
8.2284619810623,3.582528512266713,10.219354581992768,98232
-2.829587158499,13.065805887448875,3.1964279616016276,99463
-4.911436582410586,12.31672236471646,33.20879198282154,100578
-4.954970242773491,12.092689324673062,36.9586728428247,101804
8.225813036597652,1.6177607714459659,6.5123364759085,103287
-3.366479519457302,4.0911001379024095,76.86812001551847,104591
2.080654265613779,1.6141081486700168,7.982578633383062,105631
-3.0390872658633334,13.052418237836857,1.493603348255073,106623
-2.961233791353651,14.824160087412785,9.424526191968564,107578
-2.998427215222736,1.9629909404382848,99.90890834341903,108944
-0.8702392990159833,2.902628611542964,37.168482386635574,109041
-2.606637465846014,14.824268501751725,16.163613888377213,110558
-3.098837618175729,13.656177012601006,2.6080026674539534,111567
-3.04616126251242,13.70523465897043,3.191877503222906,112454
-3.1467577348514126,13.807247452481743,2.707901946153033,113621
6.223422350204155,1.6177607714459659,19.854540633130828,114773
-3.0761359401402975,13.896424944510184,3.580373261111374,116073
7.49781975153663,1.9818618747346457,13.773957918718203,117149
-3.153350734138967,13.94876676874731,3.106193132394651,118246
8.744296507219392,1.5753231221201953,2.68517399831177,119277
-3.0657906899938143,13.956944419758742,3.89761748731118,120636
4.787090795305536,9.84121813348381,82.9613034974262,120807
5.2654007803087115,1.5617756146794237,15.173387377985676,121989
3.161351955813444,1.6181891810853286,0.8112221624017852,122984
7.952464502971681,7.270918372382459,42.20828134652853,123118
-3.025137554936946,14.824652110571796,8.45920589908619,124786
4.710272439623596,1.6186366445229905,10.041724797238754,126677
9.32196130509446,3.8667680000580646,2.6305100744966268,126905
8.744701732180932,2.6363991380801832,2.9901624160142317,128425
5.8130361684926495,0.18846540643188847,19.416145365701375,128614
7.408764498483739,1.8602763685478543,14.449661668281664,130250
9.33516413101582,2.9608111886940764,0.7504259533449655,131341
3.2482594432716247,1.6182840703813264,0.7830868511606557,132228
5.266296972954244,2.709198787238171,17.324865647217496,133289
-3.033308511218391,13.952660632874842,4.203689139904151,134367
-3.1957561935983296,1.241542519679758,125.04696372195706,135856
3.212451091755323,2.3052030397397987,0.4291764029024243,137229
7.426638624149954,1.7257808266083405,14.156436772933915,139024
8.227756080142399,3.9870164051367363,11.953784877333893,140531
-3.1698440883741203,13.073820653521636,0.9358206752453828,143147
-3.191515930268004,13.059584653272639,0.8511253804576242,146152
-2.9516863081282656,13.954561752728724,5.112925822690795,148448
-3.169772570418729,13.953999735689694,2.997581500276274,150320
9.01152949455526,1.224386016329124,2.0601276388702665,152019
-3.216031916627878,14.12598044299789,3.217953768574737,154316
-3.0741648688675065,13.060970152305806,1.3173268210855138,156876
-4.2534653170506225,9.544421743329904,36.68649996158105,159086
-4.040470575463718,1.6789830523814215,169.41820540571703,159438
-3.186978500942654,14.050749262890026,3.1846978296749064,161859
-1.0588819106198883,13.051953078377668,41.97122760122772,163467
-3.576694778407931,14.016026971841995,1.7426731060330614,164348
-3.2382863975658935,14.297420233950536,3.642668392832996,165293
8.227628378304912,4.26069851845648,13.309170133140798,166264
3.3700235894672854,1.6557293094117218,0.8479077619067077,167317
3.2151545390561633,6.493670138768285,18.70237933091893,167427
8.227451952241559,1.0689340790043604,6.834583755867758,168390
7.410160466980923,1.8372950743624945,14.411828774402803,169315
3.1904148007491013,1.678151217905007,0.7219019161412294,170183
-3.130446935439695,13.052067211610588,1.0446376872044425,171081
-3.0270319829361725,13.024614910222125,1.5078406047926531,172494
6.210629814329227,1.6850296747388989,19.92101845456211,174197
-3.9484249042304533,13.128840004229465,4.724547541194086,176341
4.807238371364043,11.988823654644099,124.42534060268292,176560
6.725094135160042,1.6573476143798016,18.948084171153283,178542
-3.512381069355916,13.99000766570284,1.7003115485103883,180767
9.33526436546272,2.634582920422543,0.4911124956248756,183830
-3.3545263416069226,13.954331291650712,1.9643970944021536,187779
-4.049728280653376,13.093004167126717,6.256471119686788,190168
-3.7016334693506305,13.954500253141159,1.9506590809049253,191202
-4.947395257401929,12.353243029387293,34.164403906207475,192143
-3.9540703470374465,13.030337122100025,5.041464627563902,193076
8.523800118440004,1.6184794920820371,4.079148213485674,194199
-4.033346851475853,13.038454948881439,6.166848493734116,195234
-3.5072423409272524,14.40377779610861,2.5523693545127983,196226
-4.938723898014894,12.991312030075179,28.313977325129205,197533
-3.195560002019029,13.81974331065251,2.4131598060327786,202479
2.9884491498612835,1.6183996990385718,1.1172014699673039,205620
3.4412514145975166,4.816142003097485,8.461242912549318,209157
8.681635859204826,4.699552319030853,10.65828176281613,212343
-4.060040806885455,13.024067218209211,6.6269794159467885,213342
9.159662847853888,1.6833591300636923,1.0663961186298394,214555
-3.7625926107312493,13.678906780755888,2.2097636793821858,215603
3.1956270408449825,1.603470373119922,0.8085088856393057,216593
-2.9460854558931735,13.063144839749388,2.15096815502206,217667
-3.2864033748647254,13.064741696989016,0.6911270307786399,218782
-4.013672535936857,13.933900154193616,4.109982026865488,219749
0.5148964552328472,2.8028161508181864,24.174640603309143,219872
6.216060041593824,1.2295875945497963,19.597686428971024,220981
3.3155326265408327,1.6824145093181997,0.7551563869202287,222166
-4.042404694389682,14.030462598059339,4.3017764207487454,223157
3.3155904465647303,1.3334017821093718,1.1986752902711864,224117
3.2329134207758443,1.2908644010002104,1.273285801768175,225363
-3.5216457101274488,13.97498611177442,1.6728215265040731,227354
-3.771240008353132,13.971301033537014,2.2566297986358634,228746
-3.1969559965503103,13.662073733000671,1.9841784394279003,229932
-4.041069990204019,14.002304649193118,4.317684614770409,231504
3.4371282736123323,1.678647473576636,0.9564239521453715,233537
2.7557817094334576,1.6184296215164693,2.057603754481544,234570
9.334101569110642,1.2497481641186954,1.7594367173298693,235588
2.8262144683703134,1.6790913488806296,1.6019981765334013,236535
-4.038848130079331,14.08097483208457,4.21704187968962,237581
-4.038969160958009,14.556500034211673,4.011953879535306,239023
-4.0409251827812565,13.218172700205919,5.775544042430873,240524
-3.2169313755302427,13.96603586974615,2.7029472547018045,241720
1.665963775142373,1.664092963832672,13.26136437244594,242780
3.151070629696571,1.0688793536764167,1.8352980628143722,244247
3.2859095599673758,1.2638062695238665,1.310116471605557,246678
3.313280902900731,1.2288298802443212,1.3782725849273447,249133
8.74456071616673,0.8959451746422895,3.6693030471963795,251420
-2.1608679038639265,3.623544207199393,45.858072998781026,251723
2.9431026491909122,1.2334565260033448,2.0298482704155063,253514
-3.1142280470600747,14.063975429172844,3.8411807010276053,256433
1.4343738415860976,1.6758157387491766,16.628573126464307,259323
-3.249187093164689,13.0392910072577,0.7076515758989945,261769
-4.039551022121163,13.965568427864937,4.342620573347631,264311
-4.040087694663498,14.393750268104425,4.040896309292773,265670
8.201235522092956,5.851327177484846,24.498587795512815,265928
-3.019697002468227,14.357736736041122,6.103880425407155,267168
-3.505620221900668,14.329395401568124,2.3783552740657,269026
6.777260251641573,2.442492475759598,20.131396166294863,270388
-4.869084959218448,14.647373161084248,16.184480028112247,270644
-3.7181853694799436,14.311574162281456,2.3198934111166736,272090
-4.0404024320630745,14.644395777071955,4.033303232951929,273269
-2.8964882981080717,14.29817060861486,7.468056930669676,275082
-3.331532837442923,14.066570122433246,2.340640785311213,276593
-3.621075543935948,14.307364455020666,2.203781864765025,277613
-3.56660989019933,14.285928570436937,2.1856647853313227,278663
1.1278555910583004,1.6541719323535915,21.487327304014194,279629
-4.040527952875531,13.473380530923057,5.160367846308738,281052
1.3875636598645054,1.6585417091950825,17.422588632109203,282003
1.1573459854318315,1.6192386898187048,21.211843623172683,283017
-4.944217140977248,12.506020363337464,32.6446684880506,284067
-4.810259617797575,8.770736054318867,72.94094882774557,284975
4.40261723542528,1.6796389254697894,7.106234963969765,285902
-3.2864033748647254,13.064926241827502,0.6912891017783469,286820
3.353979070176271,1.2436664632432683,1.3732038040479395,287799
9.834773012358724,4.784570270848833,4.965107278320645,288984
-4.043331450660189,13.035095225495844,6.33059374743214,290121
10,5.026033004642609,6.035978780833098,291267
-3.7761093147046756,14.212176017279324,2.3966527539251095,292474
-3.5836713826324367,14.072234966990322,1.8244783234693056,294422
1.3693138272297238,1.6174841281407415,17.901618831505232,295751
-3.249187093164689,13.674258583349943,1.7511624468122946,297155
7.508718025157709,3.540881495081145,18.124365971989924,297323
-3.775871777506124,14.280983599019233,2.4501375714455147,298279
-3.764122237298749,14.214431310172946,2.353853686679228,299252
-4.440367983439623,14.824776174909028,8.043274025424296,300378
3.533647809273308,1.2403022096374134,1.6871516092606083,301665
6.211874230370679,0.6306453294170054,19.79649062472943,302795
3.9131123472920173,1.6741994002651392,3.122486070349285,304039
2.7704402826513004,1.0920767991636646,3.2722882941463967,305694
-3.413690332497441,13.968256534073056,1.8115951190284516,307124
7.388949343858149,5.686958740102927,33.61160976774125,308636
-4.254227392517058,13.06705112082776,9.921938667703449,310607
-3.6347382957879377,14.82644719719654,3.3239110446284243,311672
-3.78101785127445,14.82823179987506,3.223649215715133,312772
-1.6091864323975194,4.00993753139637,33.50136326658762,312940
-3.9267599720255824,14.829509040481403,3.5543674792876425,314186
-2.7384603399975385,14.840777622402644,13.513056272308699,315527
-3.9711109475195427,14.847281843895487,3.756315965253034,316527
-2.3843719021179006,14.833877423898386,21.55116370858596,317710
5.996172733360952,2.3052030397397987,20.658214227565097,319054
6.2135250408562595,0.04541746118502164,20.687616957755356,320086
7.188366841385179,12.0105207952467,132.04887817198363,320219
0.4916258037458565,14.844088918078008,110.53491973352618,321282
-3.679995812298527,14.96447920495251,3.600800839410092,322605
-3.545279746035966,14.847846940824123,3.6712936817073434,323623
-3.801567544839579,14.886614514594406,3.353738638597293,324661
-3.4889947898626015,14.96003294605986,4.337092772664556,325654
-3.730392681768924,14.883348301703554,3.333940339461094,326654
-3.3577332784918332,14.906895186659758,5.058320652307939,327678
-3.7766330623088393,14.913700425246404,3.3943933182396027,328721
-3.9033933515964616,14.920605109580936,3.5993359340131548,329720
-2.4592176219379267,14.882017461871111,20.077107204172805,330704
-1.1956000353426828,14.900429788240295,59.9344758282275,331748
5.8760701458848015,0.454979247179887,19.24432979987573,331883
-3.8874175531700255,14.951970167099118,3.6074808127123985,332852
-2.6292169445376383,14.864381610023862,15.97103934111977,333802
-2.42104737145875,10.692483190692158,2.7912633199146955,333937
-3.1666293094853213,14.943590731357135,7.204337718238602,334926
-2.6539622409548764,0.048761707987904364,124.39568867524923,335079
8.744626347420327,3.3831622265507764,4.5570084065923,336063
-2.4731519210141677,14.976455311921153,20.528204380331275,337003
-3.0125532839364,13.042023094499887,1.633311427262985,337953
3.1765837789183013,5.338520082562877,9.955882884990718,338872
-3.249591355603232,12.834609821958416,0.5429669821064635,339852
3.1907393822697863,5.550888971492314,11.391444327081446,340810
9.560585374255183,4.722985175164345,5.027657880816595,341803
-2.4318127564683643,14.944457980786888,21.294118944779758,342740
0.4395680969358349,7.924681170594533,25.445728786595588,342874
3.198559947432299,6.1581039066206555,15.835665763925256,343835
-3.2947827060607278,12.676969863102332,0.5112822783241278,344748
-3.823945781735272,14.8261565077272,3.2723426471109613,345692
-3.195798585378788,13.59130744309528,1.817775702886184,346639
-3.8180057260690825,14.948940371470636,3.4906683861574335,347582
-4.381407338261228,7.826822576705093,65.04040367195353,347722
9.335252225688967,4.578408994152112,5.17954827482705,348661
-3.806705070173995,14.8570363637892,3.3029378760402883,349604
-3.670608075157235,14.915716827042596,3.4879102855846957,350605
-3.9346155601131034,14.825797690620318,3.580040812921035,351603
-3.42056976230825,5.718091348531516,53.14925601710162,351746
-2.6823297006236926,14.014396191868912,9.321971561964766,352696
-3.2944020949651995,12.853264602181715,0.553045827446887,353652
-3.5238663983200293,14.84594456719342,3.7588796525438255,354620
-3.288356684490415,12.77798044796664,0.5228680094076115,355654
-3.5136633433416193,14.272662702608272,2.233432621493373,356662
-3.521272081543996,14.276224478323241,2.2269181181800555,357629
-3.251356720350596,12.805903849718788,0.526194236186841,358582
-2.49393973992067,14.953791644412957,19.823640376411483,359540
8.7645727487551,11.499857747224754,93.14975573433873,359684
-3.3791083473139043,14.073335908481603,2.1564499421572476,360675
5.265924273463073,2.2132437627243506,16.07183580560175,361636
-2.3225970816048758,14.949448405106999,24.199687601481248,362607
8.74532726461465,5.300831713448184,13.681430724006892,363595
7.396358473764153,3.844096904249169,20.737657465750935,363738
-2.9817042969311216,12.837326242232377,1.4101270932677767,364717
-3.1216421395939538,12.809463449573075,0.7389389457224667,365675
3.348037379922694,5.03501254985324,9.101947018271064,366662
-3.787058726568743,14.91715436361131,3.4052695656866927,367650
-2.993206704330942,12.70553651179262,1.1185300985243192,368649
3.358294156789311,5.0264961199016,9.116342759404787,369709
-4.04045061156055,15,4.234663666144252,370707
-3.2919735721961523,14.845302479293128,5.372602277094873,371678
-3.313906363043906,14.85031931529099,5.1943438172773035,372763
-3.8802859187596477,14.848269051637404,3.4299729825581684,373806
-3.2560621594051584,12.137315672924581,0.6325175146565307,374768
2.6562310501026047,1.6514847329392548,2.5728480445622335,375747
-2.67750676482767,12.67711197547605,3.6323955623652164,376703
8.719393080378145,5.151985077168292,12.97874542972857,377692
-2.579752285401529,14.95163735352908,17.762918286530418,378640
3.1915726939363225,1.5328529584045263,0.9047794074860089,379615
-3.0250656664966056,12.129954772964217,0.4807586266035617,380581
-2.998637284116322,12.987986679350524,1.606546691519327,381538
-3.4479184959704714,14.951790766883624,4.563975290751047,382563
9.827718421377575,5.4018750573065475,7.751317979429775,383611
1.4779033595029505,5.028508021463355,12.09738802482735,384848
9.941507657890474,2.4232226640175663,1.9241777482731557,385853
10,5.026844394140898,6.039262445075495,386823
-2.6368817890840077,14.920392757222269,16.229020017543384,387811
-4.518489933670369,14.847785487655916,9.11244493062671,388824
-2.998464723565766,13.736349450470648,3.7457047348398023,389822
-3.0674711262902616,14.07770958369471,4.345173588972367,390811
6.418875708694266,4.8716120967759275,33.688432181382964,390969
5.266043941120177,1.8973620867707446,15.533325421277976,392098
3.3522916670110927,5.027167512625433,9.082692703865144,393130
2.969197560687446,10.74494983691427,69.95688973169328,393288
-3.0802271159223924,12.102259974548387,0.4166242463917129,394324
-3.576013446716272,14.916656614015915,3.7649347663947266,395366
-2.506541679029473,14.910339000943647,19.157233064169926,396432
-2.6325831158244988,15,16.940840159446587,397463
-0.8941604785652411,3.5127798619394617,32.121628327233424,397626
-4.004200885278323,14.072906963174164,3.8920663971142506,398634
-3.323368641672323,13.67244173150269,1.4706415290529264,399631
5.224708169030521,12.629612011961704,145.09068358060134,399789
-2.9980149839025545,12.129954772964217,0.5356334100022746,400814
-3.2588812896562356,12.601041976641243,0.4656550982840333,401821
-1.4544379742107258,3.276830243928364,39.324199178498375,401990
-2.525644133187307,13.977749760789935,11.984526499051281,403058
-3.3542365634345988,12.63739657591806,0.638025791922253,404083
9.946180449112502,0.2669340010868214,8.872292284438508,405103
-2.17585622147743,5.760012506307268,23.15376639992242,405280
-2.9696307108353417,12.62073700142291,1.1098102962811645,406370
-3.442996849720335,12.633965736856554,0.9729618716605284,407403
-2.04238467879559,14.849319078461297,31.24023969411659,408382
-3.2821394038161085,12.622838300369423,0.4926250152691871,409465
8.744680032510402,4.82135837574108,10.715470863429712,410501
-3.0781472008306694,12.632662282374815,0.6769160747277692,411500
3.193328498228391,1.5451432212857237,0.8866361202398121,412538
-3.1413343975717556,12.624633317640862,0.5205655145248755,413596
6.762734259508537,2.684994174528564,20.890690355970094,414680
1.3172192854393323,5.026732215759432,13.217080340289895,415683
-3.2947827060607278,13.6696486734212,1.5578144380433336,416661
3.9047277355829753,2.304178045945976,3.362307216130125,417789
9.335393546696025,0.028748794863333482,6.0620619261993705,418874
-4.943940356988071,15,16.30874509490679,419908
-3.2781617207253615,12.627233089854602,0.4877605261665554,420915
-3.1749005447265173,12.136187726497305,0.45117529962893954,421936
8.428491413328757,13.67274904414666,146.62796835112312,423005
-3.3007522352280088,12.136932898252569,0.7936565540213589,424093
8.46684761365307,2.0283462133455714,4.535698335065705,425176
8.456046224973246,1.5461240735905921,4.616160524823407,426217
2.588627346005869,13.260071312358003,112.38013074371636,426391
2.5947632456101335,1.5796955176634375,3.144581660381398,427425
-3.266804725179193,11.992887164852434,0.8153471224225086,428501
-3.070152883627264,12.083804801442042,0.4227865379575171,429538
8.430099271718113,2.115821490276953,4.892967084154782,430539
-2.168959547568702,2.611504429971271,60.06901903293244,431581
0.0510656198995294,15,102.05300490554615,432606
-2.496868435428766,14.917981972723974,19.454288833498136,433655
-2.6274850871350326,13.968365979920037,10.018684542997201,434670
9.938892428339758,3.419525458924834,1.8664225325030408,435751
-3.318285711340982,12.629554812193536,0.5528817725566864,436794
2.623888768636516,1.0877502994603836,4.298775824062648,437920
-3.0716697924765457,12.013254600390912,0.43025036002342,439060
7.418634312476227,1.1807214177169483,14.064331364672197,440154
8.428255312012952,1.0359828982200379,5.312008415110931,441148
-4.040496231184122,12.802845108538857,7.039532414724002,442196
-2.9797462058724147,0.19682730071055643,137.2402866030128,443226
-3.347518985333328,11.992885171348684,1.2130409773328186,444338
-3.257769483530625,11.998940824555541,0.7728675850269529,445414
-2.980265860335431,11.863992121317757,0.5232814041811853,446475
-3.1073261190195485,12.010498742647407,0.4367582950546769,447532
-3.1915773000614385,11.935368764587837,0.6215528929529182,448645
-2.9982873723814,12.762794731787963,1.184449589044064,449744
-3.301348540437436,11.976251123841616,0.9907245239653903,450769
9.872034222987105,0.32337588558160885,7.869055054129655,451807
3.8822520398974465,1.6211884244517665,2.9350418288184414,452854
-3.088750873892531,11.920666552211449,0.4631385272844355,453896
-3.6590446406114063,14.916980633210823,3.5150036466069103,454897
-3.080592368804311,11.894513039742684,0.47067571201894687,456011
6.345102259465817,4.761877483636919,32.975004097668055,456241
8.666686780072963,0.3059694747245496,5.5996260723526685,457397
-3.3093278567298245,12.629711820772112,0.5353563357323754,458401
5.188899358560764,3.865275178553752,21.402522097115384,459414
2.583763163744287,1.6709431180067738,3.0183637932340455,460430
-3.032949397677478,11.884883860687117,0.4715422633423376,461452
-3.068043059078429,11.986344013443176,0.4365253722070648,462469
-3.0746592846285665,12.809232895356036,0.9017340441028008,463519
-3.5852773866765766,12.629593631021594,1.8709445742192745,464588
-3.3928035255820346,11.893724324580354,1.6856201745108912,465690
8.744678449214046,1.9764213311572345,2.5344955681501196,466757
-2.4221386963072473,13.89968230667254,13.580903957153147,467813
-2.4703915408435786,14.848321955961891,19.522693936626943,468968
8.291272760400194,3.34102221799032,8.676552679622223,470057
-2.5234302666140276,13.936874918936995,11.773048422083331,471255
-2.9776202633080704,12.013594397310829,0.5433731407790692,472369
-3.077647052073808,11.988767117611165,0.4352238692756849,473420
7.484915571136304,3.061977574666357,16.4816442127158,474569
-2.9799729461729214,12.117288861389529,0.5746994747245004,475647
5.734132448714597,0.7956430873788104,18.29694761375336,475838
-3.028396360643423,11.89117734278923,0.47220822011607666,476912
8.482248247633732,2.6149695578624503,5.029234336245577,477998
-2.8258805569840137,11.893307917538898,1.005081769837215,479052
8.227508528692692,1.9227123151193624,6.570407086632619,480144
-2.4774699559987132,13.943588236674096,12.727799803580734,481219
-4.0404833799690705,14.532514604504023,4.0229418842632105,482357
8.862216737851488,0.030864870667176015,5.919707152363593,483686
8.510067217408066,3.3553182381678743,6.525864305506948,484831
-3.068043059078429,11.992107666136642,0.43526064596272995,485906
3.0503694577741527,1.6789568308871323,0.8843831658814132,486940
9.323032649879151,0.25805722347872717,4.994913213650025,488022
8.219514919543363,2.8707772505901246,8.067838647358112,489174
3.192971541007262,5.0101787991296876,8.110662093997185,490254
9.755123849311628,4.703566752818311,4.664452478245938,491302
3.9020768411156084,2.3052030397397987,3.3441665366898095,492342
8.429379528883555,5.127805183811766,16.09433163594275,493394
9.45976211559486,0.19616027488866342,5.732970571406615,494485
9.333331973618396,0.22402983231966633,5.1682577471571145,495556
9.483626533583791,0.1977714851774853,5.830908748470746,496687
-3.545755089248779,11.892733152415055,3.0612215295535155,497784
3.894916377782039,1.4714614059778761,3.07976565164034,498861
9.920144538697485,5.460109929600365,7.9811652255006456,499911
8.428635480997405,2.4891265702727283,5.308199097185938,500986
8.30593986324138,0.051648141374931206,8.500358378808405,502027
2.831333244046463,9.427334313662334,48.43792544533643,502220
8.339421737374519,5.03700294080639,16.577594806645717,503273
2.995754159277914,1.241253583434652,1.8228428718612815,504427
-3.829348864515557,4.132270024263082,99.73482136121629,504632
4.695063730910219,4.641810063375379,20.50394203629578,504848
-2.858184386001725,12.011114425881406,0.9464509357621704,505894
-2.5450521383898934,14.84627647893192,17.729488723027636,506945
3.873606583863399,1.241989274940823,3.140011381696068,508029
-2.4130813483368367,15,22.258861742431293,509087
9.470344563506613,0.19692031432524149,5.775343673128868,510188
8.415345128235181,3.865007916642166,9.339881056455214,511218
-2.987558540960479,11.990483238456234,0.5183972070754326,512295
-2.5051469133516715,14.911380340272936,19.199427565063623,513346
7.437955962360082,3.3998527853346583,18.25204895841069,514395
-2.9797882366132384,11.964640837713704,0.5289502700473374,515469
-2.79919749785826,7.738736443487561,14.857350400298763,516539
-2.9795208092798267,12.215638339420568,0.6304829118272632,517604
-2.577626813113203,14.916176259204674,17.530304716053404,518676
3.6188782100070505,0.19684430827268468,4.4824743268237,519820
9.983417308078883,4.042445304976656,2.9725650081325803,520898
8.42455056068589,2.8752317801867386,6.056353395015085,521993
-2.5287025767426257,13.952568770386392,11.767760777055145,523190
-2.3416676174118214,14.84788881896778,22.780999565197934,524334
-2.083097156228952,13.054411186107687,15.3959939895943,525410
8.227241927208102,3.714546987498964,10.760436548340877,526548
-3.231491529542793,11.989114407575544,0.689649496369757,527607
-3.132362846575866,11.359630274987044,1.1961013289771092,528680
3.193354273528845,5.262577927446171,9.57710097834228,529749
9.951885831027214,3.530630840681385,2.031977944431624,530799
2.5872830883772053,0.9764739675165611,4.97034810564357,531889
9.32750733595591,4.529507144746837,5.002931342332217,532974
-3.015611471160829,11.447883376516174,0.7510865776089215,534048
3.2785110671079156,0.3155790974533321,3.9290189232907835,535182
0.5957381919155367,8.966092339923998,32.91244910456173,535393
-2.9981754540886327,6.43110633379557,30.76720613487491,536502
-2.373850996747545,3.4237143391925913,53.25133346131519,536799
3.001987223193808,0.3145152023727216,4.783973129822023,538015
4.503021499034713,1.611255424392694,8.029418792167672,538254
-2.990474617059186,11.732574251708341,0.5405169069113409,539574
2.5142391365911143,0.2609635219259224,8.7498513872399,540648
-1.747283398828901,15,42.24140354074343,541784
9.947165083034813,3.9333958139461074,2.643818243841741,542848
7.447738315859407,3.4189611927748156,18.232543541914303,543996
9.943067219049265,3.823709289573422,2.427764622238703,545028
-3.8559908911773224,13.674491164287419,2.8926494064237573,546096
-3.853306128942397,14.059348064815293,2.7289312759371445,547191
3.319685446220358,1.6790440440700427,0.7624346944258154,548304
3.8915490236864017,1.3905913457139714,3.1124928811750996,549411
-3.7512122129739587,14.95170023152935,3.4815870819689225,550493
3.9927390315129365,0.06644521706809259,6.355291743907804,551570
-3.3735952687404316,12.670612863421095,0.6836748702682129,552607
2.8652375666366146,0.024489470159571255,6.892281125715912,553666
3.194298798380741,1.4455721672030053,1.033242695074902,554762
-3.1255401722117275,11.718051607464686,0.6678668961837975,555861
-2.9818449380447825,11.629217557383773,0.5904603728839213,556954
4.50720341496257,0.05020765822075176,10.005606911716503,558057
7.406295792412028,3.247716846086495,17.955234475250045,559142
9.133798594842881,7.209730634143727,25.4948738045129,559348
0.5185703086799709,7.443694989909555,23.33174232109237,559562
-2.5299852371042526,13.970898023904134,11.85676950051664,560672
2.5902105110807874,2.235302045284192,2.0799620546050255,561765
-3.075893375000259,11.632041588620158,0.6544347164060422,562852
9.001189493733806,1.2413271824643335,2.0557070389671024,563916
-2.420433663035592,12.738880155617384,7.324523114265824,564991
2.581735216825944,0.2770070134470304,7.989927247519363,566089
8.739092440428585,5.355446965010106,14.11518586850945,567175
9.436057865990039,4.710873691479526,5.355098770125201,568323
-3.589788082190907,14.280135992578591,2.1600029848960647,569525
9.813000904503633,0.054407075597618655,8.77170960810664,569740
2.575095018135956,0.06901866772912918,9.12981868866564,570862
-3.3611226805653147,12.629310746882465,0.6605586485900439,571929
6.015996600064675,5.038071146233771,34.764153506054946,572138
2.05903776415098,1.2418237667365533,9.611978128516308,573254
9.940853532034003,2.931380826473719,1.648620979398224,574363
-3.198231247456464,14.825005710902253,6.2381471493099445,575445
9.717406282496231,4.134325512821075,2.770075093868064,576842
9.817601492014528,4.721365472598247,4.72057504721519,578177
-2.1037161808027802,14.916340804492341,30.086162298252372,579558
-3.0792051633846373,10.597245664819999,2.75234544500666,580867
2.3166859241044406,0.31306429754388976,10.73683563583706,582716
-2.980684538708629,11.576272237287009,0.6213849116095176,583993
7.413576881358056,5.03006460269302,27.998973230095825,585177
3.1946078189315017,4.9857998500109275,7.98367746326773,586347
-3.030691452028517,11.526815919467126,0.6904067250304156,587430
-3.3611190373203765,11.893174353744044,1.4667019599278035,588492
-2.9834319077201474,11.465714150330728,0.7047211489882201,589732
2.051976718920293,0.0213586411975849,16.162408138195534,590912
6.75267963772928,5.4140606352077185,36.8015088467522,591148
4.943048459628082,11.543043768118489,117.33340118984675,591388
4.658186454384076,1.6789822569167085,9.563652746642907,592569
-3.2078826145271053,11.550173405648591,1.2016800274012738,593712
2.983211812013044,0.049191402259307834,6.052624707767054,595062
9.04412213929256,0.04795738188705813,5.599418091479165,596382
8.418929577527587,4.794191210577426,14.082338236002112,597518
-3.062904761523495,11.532203318582495,0.7350590669260626,598640
-2.6637806537773936,12.34069709913103,2.8763348534871245,599776
-2.653754742669384,13.51300875901406,7.180752897895268,600913
-2.6325920106584864,14.916666569498224,16.295120498058985,602024
-2.803874766770339,11.541307964990892,0.9442724567245708,603136
-3.240150062748694,10.65514316452044,3.896532858523816,604325
-2.46098193404357,14.91673979110444,20.32522935555938,605470
-2.439122927251899,14.95183658814546,21.172310164607204,607008
8.459505986678206,0.19628624423797666,7.046304370041348,608221
9.411583359090375,14.327016283209982,141.1324275634336,608457
-1.4246074504694834,13.969190804784827,40.98881166600849,609610
9.342537794351365,5.397955125715562,9.379130099210506,610757
3.19371914186031,6.7605984756710455,20.894689477561855,611841
-4.589572098221813,14.878308323739203,10.140158521687416,612967
-2.6619956610501356,12.15187471331346,2.4806827670702187,614146
-3.482952320961192,13.672207017824235,1.2675276266105264,615261
-2.6609720408256816,13.184901644860508,5.627388918460529,616505
-2.747093176593599,14.317523706008837,9.9592783659339,617587
9.941124055844861,1.8607733530691963,2.8252533110263,618825
-0.09939122290701796,5.035609302712063,20.817769238336936,619991
6.781004628613388,5.556764416149395,37.875093655499214,621190
-2.657794115550425,12.11171930062881,2.4391620372726805,622319
9.95174008027236,5.392053472129303,7.637914111631819,623733
-3.014257723866775,10.580371726804737,2.409692134870699,624859
-3.690280793635605,14.324377459548336,2.2860515346784105,626087
7.432848267460837,5.006181734676148,27.606716775620093,627161
3.523704884310165,1.8253093930480708,1.1194908047832968,627389
3.433730023341294,0.196816060303989,4.269470995833107,628486
-2.7545958659166727,10.395296572903266,2.0469660618163887,629611
4.603693443949046,7.322651422340326,43.90679802585806,629839
3.0581723198261113,4.340518257419223,4.429531107259999,630072
9.47218995259412,5.069524071717015,6.9328229556041165,631139
-2.962395619425396,10.55124137743975,2.2345114447578585,632203
-3.03423057523133,11.54498764843605,0.6773618283968421,633312
-2.8401203189174353,11.543245724020819,0.8312997161251143,634416
-3.8679527903737503,1.3227237470775655,165.79355865548072,634677
-3.8653812347962853,13.538111494680878,3.101053752666491,635740
9.942583573855773,9.463604906205829,44.1303871521378,636775
-3.882369695272984,11.505026868084848,9.784486683177086,637937
2.5880379983768007,4.704188410813689,5.665261877482182,639338
1.9163520752679446,2.249335468105943,8.128467380208846,640454
-3.8670380015747794,13.640578002973207,3.0144224797017847,641719
-2.4179356369070435,10.359853709712976,2.8636574312925527,642822
-2.6540186681737223,11.683346146190244,1.818634343966858,643996
-2.4159804886511513,14.426473775937362,17.464767951454956,645225
3.329116013363418,1.3091504369110927,1.245446466691611,646334
-3.2464635150707943,13.672950622637519,1.7605208807621988,647494
-3.2638007210445292,10.555902215534537,4.528607396216995,648627
-3.8357384850651624,13.668949070442004,2.7330416066592003,649765
-2.676473934059197,5.935488232552048,28.976941688839407,650025
1.8981860636062935,0.3182659571360722,16.684995446981546,651374
-2.8327286083884484,10.580015152268537,1.783555529701914,652530
-2.84565108571594,10.317449661181337,2.3969841603555766,653624
-2.9327793259251274,13.672712862208382,4.19335768355919,654741
-2.946761183484768,10.304104090633638,2.852332544325524,655828
9.43595765620522,4.942930896978243,6.442633159424726,656939
2.1711276271274933,5.026615738028329,8.084205250135497,658106
3.1937379894262783,4.053892846714126,3.720455407806165,659254
-2.8171826748452626,10.46999743514785,1.9781881884226618,660371
9.518180502370985,5.446333526208973,8.800048178757962,661750
1.9341212907802676,1.6427729538630516,9.693030722573084,663066
4.793138967237802,1.5209485607517776,10.80749135203315,664623
9.856656137640623,0.0488753574486385,9.201055594834827,665927
-3.829999992181955,14.153192814398098,2.6111107882440487,667136
-2.834511439014009,10.271182744192425,2.480383209113291,668721
-4.591388325365036,9.413496055711704,52.6288927823539,669194
-3.876079829822794,14.308123068759535,2.9128725381967717,671449
2.8440139887999436,2.5766119825820435,0.8232834316723547,672050
-2.3347165904189464,10.403615220618443,3.357932815311707,673692
4.774550985205522,1.832921728852076,10.83359528637589,674826
3.8937280963630077,1.2902458335691933,3.2103341125742144,676019
-3.8681473856333515,14.049796571918273,2.824291562554679,677263
9.402552609575721,5.039481263889594,7.0730002679330335,678453
-4.365078253085657,14.963485993314048,6.929947907115668,679767
-0.6387255679495887,0.2974198392829302,63.56702635287682,680018
-0.004556713388241818,8.426169721020706,25.453161784452583,680279
-2.6539422475159413,11.388139725655707,1.5818451174683865,681529
-3.8427004001103207,10.666354705955246,13.93271620662199,682721
9.378260810074218,0.04850075726928739,6.108624226582388,683953
-2.8630111339851334,10.283766222572089,2.5416708855271413,685306
-2.1795874338556875,13.893135457167883,19.02876860674916,686513
-2.2681334203844523,14.983738130556205,26.011338926306713,687607
2.87766539356108,13.171803795617366,114.835056087858,687893
-3.097964916821042,12.178516088720796,0.40709004381396774,688168
-3.8274116734865165,13.694671070845045,2.6526008902700378,689507
-3.8679416439818173,14.842551962229823,3.3896435710897723,690823
-2.7238224776349704,10.280391997656215,2.2501873299117108,692168
-3.7656021484050006,14.076160619814349,2.2705879382060985,693803
-2.731188818115489,10.27462085579688,2.2682115762935577,695638
-2.9207380186499674,10.279462611028633,2.7951698101189475,697438
-2.3987598598014173,14.972303193252861,22.38641136462769,698922
8.908590574910514,1.3202498009686758,2.2171213424048535,700040
-2.773369854905832,10.276448237624246,2.3210087423674457,701683
-3.8679935845169506,14.222744392295242,2.8396711802710435,703003
-0.3066834583322695,11.162600317321798,40.89156777948828,703375
1.9253240019604112,4.251162704396614,7.366451093503682,704892
4.999889368071964,10.794876765128388,103.40984818580529,705246
9.998530513448719,5.42788340367396,7.8228146644687255,706665
-3.8287150722066916,13.682238784785895,2.6699215668676786,708001
9.942890346405868,2.942768183084547,1.6581269334387585,709502
9.942151625457157,3.429558511625148,1.8884342236383738,711895
9.268493562787949,4.722471182361974,6.160979203527824,714012
-3.2450787821364493,14.07291939498629,2.8450477328378803,716040
1.9232478659614785,4.054956915849583,7.092477712307365,717306
-4.3117134813723235,14.889864083106417,6.3947340920024605,718732
8.716970299458287,1.2415295625507545,3.1960168965829325,719851
-2.582148193657315,9.918939995592181,2.9684596877147706,720956
9.409126302275656,2.5186934396573357,0.4022970181190715,722350
4.37073989326176,6.38558487724545,30.53852144984695,722686
2.9661876232133197,1.5877134062828886,1.2308935930685028,724069
9.94105336592507,5.573670734044255,8.559709160135654,725372
-4.34311955345067,14.5508301225393,7.171434441145655,727035
1.5114139737027203,0.2125309786003663,24.090811213851794,728216
-2.8586320061909847,10.17568104490176,2.8236050181314454,729467
-4.332230016421272,14.109885776015117,7.900180045898328,730668
-3.7087115393792343,14.882644531460963,3.348702346529964,730959
8.286913888218901,5.283127295442802,18.9364813467943,732084
-2.2185236515740265,14.956992929261133,27.1530680480119,733244
-2.8467473688464016,10.871428856202416,1.3109897669697457,734567
4.676885157939589,6.088509707735362,31.80858843947879,734848
3.402446939639203,1.3288308763820267,1.287523905760784,735989
9.940930401628256,1.7161677789047503,3.158349176870015,737121
8.842739870560735,0.3004360755923967,4.962726470683687,738276
8.799220626606479,2.250144163564859,2.279809452067826,739444
-4.326930434362788,14.349666522066046,7.3027230632722775,740561
2.5721115057872606,1.3239168820181344,3.9785235162709425,741700
-4.330472278096749,14.1017397535233,7.892704586461512,742808
-4.36398441574454,14.918307248900906,6.959435646713791,743942
3.212451091755323,4.721397650835268,6.6770271639071685,745136
9.955380805085275,4.721943813173736,4.826320996184524,746271
-4.328101593620197,14.832787821255497,6.626323482270319,747416
-4.3572641247735096,14.806539836768703,6.998749405295084,748600
-4.330207902317871,14.948547210218434,6.552524324607971,749747
2.88425134435656,1.5014720466890636,1.6799273851963896,750881
-3.829564247747774,14.182274771131565,2.619186775830035,752082
1.897455451253518,4.7444634467593065,8.606918216094973,753303
4.820297211083885,1.5988006424376648,11.106447527818169,754535
3.193581487184602,5.60064054278507,11.739708514229468,755682
9.445289167035678,5.104751281652713,7.224516315708891,756833
9.31384698548515,5.590563005609271,10.745257968405477,758000
9.485129630393308,5.422118976200461,8.800682280161737,759196
3.8927553889110946,1.1020850563941815,3.417463412009579,760409
-4.369014146790311,6.229700302681077,91.21810036528049,761675
-2.836989558815638,10.278448015221578,2.4693725516683287,762941
9.388819142005026,5.518876818249017,9.853827642364145,764067
6.72007040346851,5.608085280441996,38.67684763742045,765203
9.940954755794554,0.6394166922344497,6.963833662884416,766345
-4.359523751666548,14.739282376225523,7.109766546773537,767486
8.598712892790395,5.468941305853521,16.470599678897067,768778
-4.738349719378194,5.5047228209328996,129.86809740510847,769976
-2.787902716879104,10.226713329600477,2.467126006415233,771152
-3.828835220598731,13.888968980290676,2.587315915113379,772314
3.7902773298223753,0.30093193045373,4.666420534564658,773512
-4.33031663503348,14.686786285428216,6.813725101543556,774652
9.879446732829834,5.50862236079409,8.255595874345936,776502
3.341231583411602,1.3220671817152847,1.2324339362623586,778392
9.740466706452201,4.118843919219101,2.7347468301205176,779606
-2.572227748547602,10.571802329887156,2.0546278503372326,780734
-3.6004488321185786,12.641992401835333,1.973223290164432,781004
2.877855484813474,2.2754685263508683,0.7757841388748865,782302
-2.34587793497829,13.672840041274984,13.702856993102328,783809
-2.855507428990111,10.755436249421226,1.4981399079551547,785309
9.409126302275656,5.23382076704009,8.083001043570501,786659
9.446376064414629,5.5259465198566495,9.597200842427679,788427
-3.976699109196534,14.314449897678314,3.55935237591933,790630
8.744642823040271,3.948480970846486,6.484356010464722,793135
-1.5514847607648017,13.835045864469809,35.73663062746604,793468
-2.748374204275734,10.759413886386964,1.479478440246357,795486
1.2107297217670778,11.95908404129419,72.62164284597696,795878
-2.6223640797216223,5.479163354970992,32.83145853705239,797336
5.860529361825757,2.533913766633922,20.785755118876477,798512
9.401561410128279,5.523820416218955,9.815151269610373,799712
-4.363244648156646,14.698898817370313,7.21195136335988,800927
-2.348574731473714,10.772575238908948,3.365991788606518,802297
8.772661645495221,1.4565643226178249,2.642069849281003,803671
9.361893395642817,5.426926139936259,9.443645103110628,805075
2.875716834020243,1.8931171186801035,1.0933146859106166,806377
9.375541369396817,5.448166054258984,9.496040786439309,807524
8.769225735246309,2.238531002945039,2.4564095722518546,808718
9.634600908435162,5.4399552223498455,8.349551847276679,809912
2.9981037119563583,1.241723094147858,1.8140989634460052,811075
8.762730158766301,1.1245935547310448,3.1465613053646067,812373
-3.828978490665349,14.01708630359659,2.5793026324252324,813666
9.3595763399875,5.543177456654291,10.169091318555054,815840
8.765168033103722,1.737458755921303,2.468445982334992,817319
-2.0199438936091987,14.944578822626763,32.89827877285563,818776
-2.356374418659511,11.354177016718133,3.995107717475869,820777
9.500223449216135,5.4416570365020105,8.848442031930482,822181
3.519299315379067,1.3222732826827475,1.5324984904205188,823336
9.284730200542937,5.486854494440173,10.27286702112201,824462
8.764905546419195,2.4354785691235254,2.626031663428246,825689
3.6327583486395216,0.3022891753799444,4.160122347086682,826963
-2.3244133441855683,12.772425127653994,9.070253210856256,828158
9.955515802595292,4.1276247970613085,3.0843156188242142,829320
8.227592028569447,3.657276735778334,10.523374703209308,830552
2.27238443403745,11.709135927587889,78.7751296363323,830833
-3.316045657843075,11.495664878367368,1.989683930709706,832055
2.5895108860272344,3.4253010861857494,2.2873468191994437,833292
-2.095464713349537,14.9518108346667,30.687800598095965,834453
6.282555412137736,5.448830534853377,38.51461170251615,835612
-0.4903958799998529,14.974926965965881,85.11108520018192,836810
8.402543119897992,5.541086625334156,19.382536840750337,837970
-2.979773345895586,14.293930236102888,6.30465361273646,839124
-3.973996419744012,14.324440766080563,3.538461203075679,840507
9.939923730694368,5.455138060393518,7.950765479586732,841812
-3.18836109270782,14.951757722359908,6.982889859588153,842966
9.970142139663542,5.512375484071929,8.236934688415879,844217
4.585155046777443,11.905394728159989,118.75803789272256,844543
-2.2266363853028706,14.848147510353826,25.89598436473746,845740
9.416361941442046,5.4688886811170265,9.404100099872894,846879
-3.97633885063343,14.910515073967222,3.8444265989166553,848073
-4.378531682911017,14.922554952031296,7.126764511362621,849216
9.407253482437607,5.4537325300948485,9.36025508690609,850383
-3.8292572216601832,13.963880361551022,2.5807713033324067,851558
2.5883751906244523,4.143229512105263,3.7824920328660063,852737
9.067001446949238,1.3237945449759492,1.7557829556372653,853934
4.562277736724399,1.2394465090141231,8.599500851878403,855119
2.588842402450526,1.9481076662882986,2.4636920148104373,856287
-3.368365812941185,12.862825494215203,0.6450403654184633,857456
-3.366764310606994,12.820452276243667,0.6402900720085221,858620
-4.3634920792071945,14.03018053399055,8.605872685750285,859784
8.764687033379868,1.8929914922260618,2.4215825609723742,860923
-4.92863622784186,6.75308907430362,116.69597484595624,862067
9.812517742232245,1.2415896248394624,3.606771307517736,863248
2.5396092240724126,2.2611360945003143,2.366852817041101,864397
9.348687560036508,2.6083086805680473,0.4643792982245625,865786
8.764535699535246,3.585155144271288,5.010410122992981,867176
2.5563887440120316,5.504094013941929,9.440267210479405,868667
-2.0372182397861383,5.831985285452952,21.256835428849854,869042
9.335208518422341,5.435254963486191,9.646221768831094,870596
8.369709577088642,5.504125583530348,19.51738703478006,872109
4.106750287712121,4.721755102285533,14.014514839661341,874795
9.335225336028422,1.1946402513330874,1.8904537772297463,876766
-4.3639455254965345,14.343618723754695,7.849363155070841,878287
4.5804482737855015,1.5636043360754104,8.757285861574578,879662
4.586439253983743,1.7184058747216773,8.88411149109401,881031
5.234000391674812,0.337895475452568,15.54300971193398,882256
9.958954941481032,5.541982732753855,8.389557388943938,883679
3.4811619490164922,0.31277230351152,3.8781816759516916,885092
8.764544926878912,1.4403651982807784,2.7009623127292315,886565
2.3573499972122267,8.78597308814481,37.073920762870685,886981
-2.547650152218202,7.398069917016262,14.258173886728507,888445
-2.578932531849845,9.63451489162579,3.6448667304151705,889843
6.773536174463109,2.64758397183045,20.72341618697393,891086
9.335217097798742,1.2307351867567091,1.8046972794265184,892490
-2.0007418797147025,14.95114286156524,33.55742374568216,894043
-3.115892246004934,11.957834174664006,0.46633189710599154,896235
2.2559198508159417,5.5063654955413615,9.874419509644309,898343
-3.220498222057305,10.233715155879384,5.408329548215595,900208
-2.5769757248298326,9.673454100009774,3.5415271585742767,901415
9.412349573837494,5.209296317439882,7.932336239807497,902821
-2.460986886051697,7.036489994059762,15.952635364970313,904089
-2.0591896012501607,14.920538959709111,31.458336199147723,905226
4.925506276449811,0.9603592513116102,12.14284393664675,906412
6.74897189217265,5.521068507154239,37.74794853077403,907687
-2.8235761124079626,10.257543401057667,2.4827547317787655,908882
7.421220569264888,0.3070036570805843,15.019997940106542,910159
9.412095873572888,5.142074936638354,7.569014061096201,911575
-2.654561496036089,6.949176161694272,19.03707264817416,912855
8.69209189667492,6.1206152108970695,20.454141840117032,913264
3.254135335020079,0.8937548991430169,2.135952660812684,914495
-2.3235918697065903,8.702115656200174,6.303063623439141,915685
-3.829503774576741,13.981855417011271,2.5817137558331025,916893
3.46436223427035,4.131152547812643,5.280283762695475,918099
-2.405593161502244,9.832247642561509,3.4367552695226022,919297
9.563539765855149,10.60988291523858,64.73596964247736,919608
9.409793938451386,4.621522560041229,5.060820137229884,920797
9.370707575329183,4.362638667084767,4.147908703030273,921101
-1.707825116033161,14.917162136838844,42.587361018332935,922413
2.4121500134963805,1.322685894615831,5.369010166715261,923703
3.2711487432129296,2.38224863114282,0.5208431068609709,925010
4.585692830799857,0.9605171180786499,8.996183948009122,926241
4.304658756726363,1.9115420720081013,6.328534007809808,927439
-3.8294292153883225,14.26472651873378,2.657142321700288,928610
-2.338545441597279,6.810805251103257,16.418114395565635,929851
-4.991709914399904,1.0775143679234769,271.40514426155374,931146
-4.994757379927219,14.950977853243726,17.60948272181307,932476
3.2614709908256394,1.0793543945773547,1.6856464819181642,933767
-4.992341520956729,14.94838059729292,17.56782542476881,935057
-4.993462098096264,15,17.365952646467047,936401
-4.996979361076133,9.960297854885148,64.80055818254593,937626
-4.9918266142200185,15,17.330444615398502,939054
3.182753270228158,1.075115921509094,1.7702522147621274,940462
9.36222812354629,1.0783559168116348,2.224042766900677,941856
3.4643908631872495,1.0762467307716905,1.8163382661583665,943050
1.2645189133386534,1.3235478934378084,21.1347720134668,944433
-2.54647683691067,4.066206625797391,48.62026198744525,944792
9.882999870227469,5.505787951342916,8.237877143705429,946105
2.882981029503254,4.133201660679234,3.432708555998035,947457
4.116204343981186,0.04381354651216865,7.148824637287927,948870
-4.998342412733779,7.396081844199188,108.4840509886964,950409
5.304186613856944,1.0768614717217868,15.369983160785017,951804
3.168424847699633,1.0774377527138141,1.7860370596534771,953092
3.4690638368049385,1.0777064139938242,1.821643328043578,954648
-2.8126148238256024,11.502471492262417,0.9128359525750032,956525
-4.991462492179069,15,17.32254463942282,958357
2.5437635718573617,3.4842355014080253,2.5488723930745696,959620
3.105186419646813,5.884955842969881,13.230625022396474,960836
4.095192285176553,1.0776246122078648,4.769006717495407,962031
-3.758040305559885,14.976024769637329,3.5352594212084796,963233
-3.3625205028777545,12.571523390029535,0.6892193858331446,964688
9.720411672710366,1.0776005099285197,3.563623372068614,966011
-3.848082209929892,1.0434483603591695,171.5375012993793,968105
-4.991761540770316,14.931038110745035,17.632202187659963,970272
8.776919219375602,7.974371770356849,38.24315312637641,971005
4.146189078996954,9.477381362863357,66.55724971291156,971456
-2.723782968934181,9.89261351279013,3.186217183144282,972688
-2.4899071549668705,9.882535610790619,3.1421829237898162,973919
-3.850671475088637,7.744835602682952,42.392329397349336,975242
1.358741661518434,4.924342664101766,12.740643715557106,975581
3.4354506049808897,1.0616472249691786,1.8001981746238656,976877
3.1091529980005443,1.0456840645156271,1.9773373934447154,978084
9.087972823709382,1.0774622664747466,2.209965915956534,979328
4.783136353836458,1.8623048087873375,10.948501579383102,980555
3.4001304136724606,1.0454031278515967,1.791572606877958,981787
3.620931220752139,1.042405329090232,2.2694054122465124,983023
-3.051950714795697,11.499277180141453,0.7515324627633628,984317
-2.8294628754719082,10.240401480015809,2.5442140475530266,985638
-1.4188170845913883,1.0632007511493475,67.03029717668664,986871
3.2492367016103394,1.0441463301475253,1.7722949317006105,988146
4.909388475931335,1.0433618549309192,11.945305568532497,989420
-2.979684889610569,14.621802976958339,7.990131924006366,990667
-3.3497421915456127,10.766558425856164,4.6624402597967265,991877
1.368177146056495,0.8581179295600924,22.21189085232607,993135
2.6525326552077395,0.048625860951593755,8.486077848267199,994429
-2.128297714402578,1.0668988273853968,84.22870685921781,995621
-2.6627926820203376,11.658899653024068,1.7326397856420641,996864
-3.1802182907484076,14.325680859445162,4.237487752537691,998048
3.0762041850274517,1.0666743168014206,2.005684721303334,999285
-0.8627943281605255,4.939458115248333,22.64475528596144,999625
1.4880523422947496,1.05065180314092,19.01383054225448,1000916
4.583389347721127,0.06712997728780055,10.592714762524304,1002111
-2.766019878807134,9.861289591446628,3.4060612233068097,1003331
-2.8151523826458615,10.808353883028548,1.3892507012173017,1004561
9.410889200519605,4.696891267036308,5.387701163312532,1005846
-2.6499657154439964,8.481272909978403,8.522948979066086,1007240
-2.390605261070416,1.0689114331191962,92.74010488128661,1008454
5.812285448797189,0.22360020550386056,19.34922362965621,1008833
-2.5608029505520147,12.634225660881143,4.901329835701372,1010112
8.545942373507389,2.9463815307540044,5.111985123029996,1010450
-2.590538514612783,12.607467385391237,4.435740532820993,1011686
-2.2970327381818545,1.0979883067651666,88.99154776895395,1012972
9.971653012968265,14.964422608968745,145.54610379474207,1014282
5.387092293777947,13.146916042086682,159.3198700414801,1014626
7.812153987048665,1.0436728555648545,10.567162579859518,1015901
3.1868070283995014,5.881504170809473,13.668229632752366,1017082
-3.7077928027883145,14.964126667049731,3.552704199475084,1018294
9.97165359933825,3.006448541199171,1.7993156167604347,1019563
9.971074927167027,3.5349861263667126,2.109728381490534,1020786
9.81716277416016,1.0774835634743531,4.184522597933254,1022013
9.99994185522934,5.891942225577285,10.289408176575025,1023221
-1.8099212556575601,1.077482100864375,75.3974239772777,1024435
-2.811689332809383,14.532776906375819,10.13635241041343,1024765
-2.3466374857087167,9.855070626519337,3.624878980173114,1026022
-2.8899554168629598,14.964220397241188,11.496677746488617,1027256
3.532303114576413,1.3231457756257283,1.5662380631364616,1028484
10,6.089544913561026,11.47016804814426,1029780
9.977463722263085,5.705639812939321,9.252970913419084,1031026
-2.7871278345074164,10.235804862435346,2.4433909422425844,1032270
3.193483971248261,5.697129286927803,12.397982887862147,1033493
-2.568189846897154,14.292378367953491,13.175777274235777,1034746
2.9279899251829375,1.9656738192980368,0.8482409926740093,1035948
9.709859813395466,1.3234489285614148,2.7525116378921073,1037176
-2.6524648187467745,8.554262167890519,8.160368297328041,1038449
6.807391444359297,6.089182773715571,42.68670418169394,1039669
-2.568161353597751,10.046493163389382,2.7310569428107856,1040865
0.5488513052056581,13.681282117678439,90.71219322045883,1041205
-2.6506021863304157,13.313928109879914,6.318484396162723,1042448
-3.8470450482552554,14.329695539563957,2.776780934097503,1043697
9.679312093416156,4.131972387965234,2.7633238412767476,1044958
-2.599759240188651,13.222164362066682,6.66351070656984,1046193
-3.0034114921965385,10.420954257553017,2.8132997910436757,1047473
9.41102517502855,0.4500394930846825,4.452511244889084,1048695
3.153996149684284,1.0663127512010329,1.836308850144178,1049953
-2.557737425037583,5.323207887361961,33.26666789714604,1050308
-2.547329693695293,12.670687145140619,5.206134155332783,1051545
-3.976038310937995,14.877312377391258,3.8083686774191765,1052801
9.411387231704996,5.021951854905631,6.943258542837751,1054059
5.073328683997188,1.04352049957122,13.433895099973126,1055298
-2.3920055070766457,10.48029514377062,2.9758761627520007,1056552
-2.380085342243197,12.641060899592404,7.549648005772804,1057764
-0.6993933685385532,4.68106308071706,23.574108507364357,1058103
-3.1957548066995507,12.40471741123723,0.41196868277920906,1059323
-2.9096174714837644,10.567624319048742,1.9933559354135166,1060573
4.434314253049118,5.01932289680376,19.871569965834432,1060933
1.3562023523434936,1.043488893908452,21.259979001546547,1062206
9.971706431550892,5.630442885957765,8.85002274918463,1063478
8.428452947741881,2.1020953053585303,4.897408772850609,1064769
9.970683651616168,7.0016550387683285,18.015635859000838,1066045
-2.5567116670618097,13.056424460846545,6.585741136702728,1067268
-2.9554000699280127,10.568588612014091,2.1600900541593004,1068521
-4.9915906053667225,15,17.325323949683074,1069818
-0.9914870782008487,4.611023874252899,24.829296223463633,1070165
-2.4104745846197515,11.751773035558186,4.208607954927296,1071415
8.847251181294132,13.766608687303899,139.68131448057312,1071777
-4.991718671041216,14.527965689136808,19.593402271071678,1073016
-2.7882577875196377,10.786410850528435,1.4208383100210344,1074264
-2.7616740619792077,9.841025204265502,3.4528915502627466,1075527
-2.541088323649884,9.848988737603577,3.1375167215687814,1076813
9.409126302275656,2.6105685633459275,0.42118688538584337,1078111
-2.8623841541300092,10.411657828596944,2.2155252894114206,1079397
2.6711503132956746,1.9638931189256834,1.9402353301607338,1080681
-2.3621565165189518,13.435467269012342,11.902873347920782,1081926
-2.911615639557063,9.843666383680443,4.2057159143746095,1083156
-2.682660914923436,10.567796322962893,1.7902328770942404,1084379
-2.7173225810713904,9.842617222856653,3.311352082827706,1085633
2.9901748078012185,1.9628797571090457,0.6953861680545774,1086873
3.4433316195340815,1.097801214164408,1.741141753379047,1088081
3.450320568944127,1.0642854304953537,1.8167080054398905,1089426
-0.735512726416875,1.641301321668109,48.470764697000085,1090696
8.894311402432033,1.323055871035332,2.2663332400980742,1091920
8.852953928188155,2.513439722451732,2.1544415265322243,1093173
-3.4064742117530704,14.964432760062413,4.9098733977792905,1094438
4.510770547602576,4.5690890927265,17.80952743927834,1094795
-2.573851082356591,9.986713800794007,2.8364945983670156,1096111
-2.3574973483384434,10.32651419452331,3.222044557766008,1097356
8.334746489503354,1.0775309289590038,5.958220306290325,1098609
-2.3898434469146608,10.650203100472833,2.9975448405034664,1099869
9.97137844772923,6.628100325622032,15.144532680251448,1101147
8.848751705104688,1.8337328729238016,1.9866437878731489,1102370
8.846781753022896,4.7069523701248865,9.12049387154269,1103615
9.953269882538711,5.6246444022654405,8.824907286334772,1104881
6.497082735227442,12.300600403174132,144.5519800074508,1105251
3.015989800223652,1.96352720722592,0.6428317648183892,1106538
-4.48561920642168,0.39443664197288153,243.27767412956936,1106893
-4.472503532741619,14.977443944180319,8.244074126724398,1108236
-4.717043504227531,15,11.954141033337363,1109504
9.412415741905342,6.027261859219811,13.091237957233762,1110753
-1.290690250942229,5.655401741756596,19.48758158288015,1112043
3.736600438212637,12.92299679113976,124.51069404361365,1112463
0.6812624160973106,0.3693249428385264,38.677349623025194,1113736
-4.73795520561187,14.823291465996382,12.861318557249497,1114977
-2.3621765288583143,10.547000230449374,3.1742280545215893,1116229
-4.483548074805887,14.99221909716332,8.370057079849055,1117556
9.103436980959415,2.6128507173427056,1.0458680930665238,1118810
9.331008653638227,5.6907100579949175,11.28833647721433,1120059
2.114587496726598,5.505023519819877,10.289172705497148,1121294
8.934609232687993,5.579364918812467,13.686235967693316,1122545
3.9185608597086343,0.31296656215026497,5.209910579035617,1123890
-4.492853742570865,14.93453620504311,8.587448809173992,1125182
9.01471486157985,0.4174586978929753,4.1985051898600165,1126445
-2.8089296466771057,0.7283784641737031,116.73309267614607,1126808
-2.36112744453408,13.060079381153479,9.843773466514419,1128079
6.374259755596828,2.0481293999259855,20.453753528878973,1128506
9.055802059231413,0.39606400318650786,4.231377645798595,1129800
-4.485099334035504,14.960555403664607,8.43906719412151,1131043
-2.2250558391551185,10.578624241706207,4.314639087765838,1132297
8.529922409884607,0.38926182863479525,6.049990508133003,1133599
