shared_buffers,work_mem,random_page_cost,effective_io_concurrency,max_wal_size,max_parallel_workers_per_gather,max_parallel_workers,max_worker_processes,checkpoint_timeout,checkpoint_completion_target,effective_cache_size,temp_buffers,wal_buffers,bgwriter_lru_maxpages,bgwriter_delay,default_statistics_target,deadlock_timeout,Throughput,Timestamp
4096,6990,1.1,200,8,2,4,4,5,0.9,2016383,1024,8192,100,200,100,1000,-350.66822817202285,1490636
4096,10240,2,200,4,1,4,4,10,0.9,2016383,11776,6656,2000,500,100,500,-194.7764742810736,3320327
7168,17408,2.5,200,20,16,8,10,10,0.9,6291456,512,512,50,300,115,1000,-342.99663027129424,5109003
2048,14336,3,100,16,16,4,4,10,0.9,2016383,2560,3584,50,500,95,3000,-332.6489951334648,7263788
1536,6144,4.5,400,20,8,4,10,5,0.9,1572864,11776,13824,50,150,125,500,-196.24820527876275,9239564
896,11264,1,300,8,1,8,4,10,0.9,3145728,2560,11776,100,250,125,3000,-148.976854948346,11043395
7168,17408,1.1,200,16,16,4,10,5,0.9,1048576,6656,9728,1500,300,75,3000,-277.8844472180102,13003749
896,23552,1.5,200,8,1,8,4,10,0.9,1048576,8704,7680,2000,250,75,3000,-225.7582998300491,15094237
6656,27648,1.5,400,64,2,8,4,5,0.9,3145728,15872,11776,100,300,125,1000,-169.46499447600607,16898693
1536,7168,7.5,400,4,4,8,4,5,0.9,1048576,3584,9728,500,250,115,8000,-228.1679901816056,18751458
640,11264,4,300,32,16,4,10,5,0.9,1572864,15872,13824,50,150,115,3000,-137.33781058382638,20886149
1792,12288,3,300,24,2,8,10,5,0.9,1048576,14848,3584,500,500,75,3000,-133.73316922624093,22891235
6656,12288,1.5,100,32,8,8,4,5,0.9,1572864,6656,10752,2000,300,115,500,-244.86806249823718,24961863
1536,25600,4.5,300,8,2,4,10,5,0.9,1572864,4608,1536,500,250,125,500,-256.848691077115,27056990
1536,4096,5.5,300,64,1,8,4,5,0.9,1048576,8704,512,2000,150,75,500,-181.204705744905,28966075
4608,51200,2.5,200,16,2,4,4,5,0.9,4194304,3584,6656,100,250,125,8000,-273.0083032228786,30792357
2048,30720,5,200,4,4,8,10,5,0.9,1572864,10752,8192,500,500,100,8000,-264.3032681046083,32883776
640,12288,1.1,100,32,16,4,10,5,0.9,2016383,512,11776,100,250,115,500,-110.98154318175786,35261593
640,12288,5.5,300,32,2,8,4,10,0.9,6291456,8704,9728,100,300,75,1000,-124.85701769142985,37467874
6144,17408,0.1,400,20,8,8,10,10,0.9,524288,1536,2560,100,500,95,1000,-343.9877763913243,39646599
2048,11264,0.5,200,16,8,8,10,5,0.9,524288,1024,8704,500,150,100,1000,-224.8635743672267,41713367
2048,14336,2.0,1,32,8,8,4,10,0.9,2016383,2560,512,100,150,85,500,-421.14486533191024,43701316
896,14336,2.0,1,32,8,8,10,10,0.9,524288,512,6656,1000,500,85,500,-223.352678593901,45474352
2048,13312,2.0,1,32,8,8,10,10,0.9,2016383,2560,4608,100,150,85,500,-315.86146971387944,47543901
6144,14336,1.0,200,32,8,4,4,10,0.9,2016383,1024,1536,100,300,115,500,-325.8469555197251,49664755
3584,13312,0.1,400,64,8,8,10,10,0.9,524288,10752,512,50,150,95,500,-205.21331001289278,51533847
4096,46080,4.0,1,8,8,4,10,5,0.9,2016383,512,512,50,150,75,8000,-295.96293994087335,53370547
4608,14336,0.5,200,4,1,8,10,10,0.9,1048576,1024,512,50,150,115,500,-344.84026605254985,55418418
2048,14336,3.0,1,20,16,8,4,5,0.9,524288,1536,512,50,200,95,1000,-261.74057440036114,57465880
8192,9216,1.1,1,24,4,8,10,10,0.9,1048576,2560,512,500,150,85,1000,-0.0,59333850
7680,17408,1.1,1,4,8,8,4,10,0.9,2016383,2560,512,100,500,115,500,-230.02328667425974,61044233
1024,13312,8.0,1,32,4,8,10,10,0.9,2016383,2560,512,50,150,75,3000,-123.09660503958233,63394907
2048,10240,4.5,400,32,1,8,10,5,0.9,8388608,13824,7680,100,500,85,500,-180.44481521909586,65485113
8192,29696,2.5,1,32,2,8,4,10,0.9,1572864,1024,512,100,150,85,500,-0.0,68008793
7168,51200,1.5,1,24,16,8,4,10,0.9,2016383,1536,512,1500,150,75,6000,-256.8332301698456,69789627
3584,15360,7.0,1,64,4,8,10,10,0.9,1572864,6656,2560,1000,150,85,3000,-237.2281214459198,71795605
2048,14336,3.5,1,32,4,8,4,10,0.9,1048576,2560,512,50,150,75,8000,-273.10150954818204,74009356
2048,35840,1.1,1,24,2,4,10,10,0.9,1048576,1024,2560,100,150,85,500,-239.03839680985934,76190970
3584,14336,1.5,100,16,2,4,4,10,0.9,3145728,512,4608,100,150,95,1000,-173.13980797265893,78470317
2048,21504,2.5,1,32,8,4,4,10,0.9,2016383,1536,512,100,150,115,3000,-128.67332652651436,80927958
7680,14336,6.5,200,32,8,8,10,10,0.9,2016383,5632,6656,100,150,100,500,-244.86992214605695,83330926
2560,4096,4.5,1,32,2,8,10,10,0.9,2016383,2560,512,50,150,115,500,-191.4965835261908,85528886
4096,14336,2.0,100,24,16,8,10,10,0.9,3145728,6656,512,100,150,75,500,-222.78822490267558,87905382
2048,6990,0.5,100,32,16,8,4,5,0.9,2016383,2560,2560,1500,150,75,500,-179.1147672347131,90280671
7680,29696,0.1,400,24,1,8,4,10,0.9,524288,512,6656,50,200,125,1000,-159.50909702356523,92426358
1536,14336,1.0,1,24,8,8,4,10,0.9,1572864,2560,512,50,250,85,500,-197.47838408362426,94785298
8192,6990,6.5,100,8,2,8,10,5,0.9,524288,1024,3584,100,150,100,6000,-0.0,97149765
2048,14336,3.0,1,32,4,4,4,10,0.9,2016383,512,1536,100,150,85,500,-225.198084893709,98556357
3584,14336,7.0,1,32,8,4,10,5,0.9,1048576,4608,14848,2000,300,100,1000,-182.02829235997825,100564895
2048,14336,2.0,1,32,8,8,4,10,0.9,2016383,2560,512,100,150,100,500,-313.3180272795845,102745650
2048,14336,2.0,1,32,8,4,4,10,0.9,2016383,2560,512,100,150,85,500,-242.51590806623932,104659462
7168,6990,2.5,100,4,8,4,4,10,0.9,2016383,2560,2560,50,250,85,8000,-282.31952130329773,106511967
2048,14336,2.0,1,32,1,8,4,10,0.9,1572864,2560,512,100,150,85,500,-333.1215987414562,108653455
7680,5120,2.0,200,64,1,4,4,5,0.9,2016383,1536,9728,50,300,115,1000,-282.91526667438296,110763765
8192,17408,2.5,200,20,16,8,10,10,0.9,6291456,512,512,50,300,115,1000,-0.0,112624103
4096,12288,3.5,400,32,16,4,4,10,0.9,6291456,3584,2560,500,500,100,500,-299.3977464964793,114226813
7680,11264,1.1,200,4,2,8,10,5,0.9,2016383,1024,512,50,150,75,1000,-324.2680710686412,116323582
4608,14336,1.5,200,4,1,8,10,10,0.9,1048576,1024,512,50,150,115,1000,-142.35665676552392,118287702
4096,35840,7.5,200,20,8,8,10,5,0.9,1572864,512,2560,50,300,100,8000,-120.4399757845392,120828810
7680,11264,1.1,200,24,2,8,4,10,0.9,2016383,1024,512,50,200,75,1000,-143.61327956069178,123451605
5632,11264,2,1,24,8,8,10,10,0.9,524288,2560,9728,1500,150,85,500,-76.11657400602843,126058386
6144,14336,2,1,32,1,8,10,10,0.9,524288,2560,512,100,150,95,500,-107.85166473971692,128590521
2048,12288,2.0,1,32,8,8,4,10,0.9,2016383,2560,512,100,200,85,500,-170.7148970466825,131168665
1024,13312,2.0,1,32,8,8,4,10,0.9,2016383,2560,512,100,150,85,500,-77.55333276977912,133592278
4096,17408,2.0,1,32,8,8,4,10,0.9,2016383,1024,512,100,300,100,500,-140.396023384426,135602689
2048,14336,2.0,1,32,2,8,4,10,0.9,2016383,2560,512,100,150,95,500,-203.3943870384154,138053422
6144,6144,0.1,100,16,1,4,10,10,0.9,1048576,1024,1536,1500,200,85,1000,-249.42270807809237,140400640
8192,30720,0.1,300,8,8,4,4,10,0.9,524288,1536,6656,100,500,95,6000,-0.0,142334600
2048,14336,0.5,1,32,8,8,4,10,0.9,1572864,1024,512,100,150,85,500,-259.92808034186703,143881051
2048,14336,2.0,1,32,8,8,4,10,0.9,1572864,2560,512,100,150,85,1000,-303.08833711100175,146360428
768,12288,2.0,200,24,4,8,4,10,0.9,3145728,10752,15872,2000,500,100,1000,-89.2213421977601,148490411
1792,14336,2.0,1,32,8,8,4,10,0.9,3145728,2560,512,100,150,85,500,-215.49600303526634,150388063
3072,17408,1.1,100,16,8,4,4,5,0.9,524288,1536,2560,100,500,85,6000,-274.910160699708,152517908
1536,27648,2.0,1,32,2,4,10,5,0.9,8388608,7680,14848,1000,150,100,8000,-250.54274691394932,154851863
2048,13312,2.0,1,32,8,8,10,10,0.9,2016383,2560,2560,500,150,85,500,-224.82527350545925,157063520
2048,14336,2.0,1,32,8,8,10,10,0.9,2016383,2560,512,100,150,85,500,-153.4515126926516,158934006
5632,17408,5.5,400,20,4,4,10,10,0.9,524288,512,6656,50,500,95,6000,-248.9166341042223,161081992
2048,14336,2.0,1,64,8,8,4,10,0.9,2016383,2560,512,100,150,85,500,-184.86643744399245,163376013
6656,15360,0.5,300,20,4,8,10,10,0.9,524288,2560,2560,50,150,100,3000,-107.8732484230633,165485322
2048,14336,2.0,1,32,8,8,4,10,0.9,2016383,2560,512,1000,150,85,500,-259.25140212091884,167407158
6144,14336,1.0,200,20,8,4,4,10,0.9,2016383,1024,1536,100,200,85,500,-272.483228527655,169722282
7680,13312,1.1,100,4,2,8,10,5,0.9,524288,512,1536,100,500,75,1000,-191.21665846187855,172198028
6656,17408,0.1,400,8,8,8,4,10,0.9,524288,1536,2560,50,500,100,1000,-108.56072756659981,174422409
2560,14336,2.0,1,32,8,8,4,10,0.9,2016383,2560,512,100,150,85,500,-309.31320927296036,176383112
7680,35840,2.5,300,4,2,8,4,10,0.9,4194304,4608,7680,100,300,85,1000,-257.5046981092171,178609294
5120,35840,0.1,300,4,16,4,4,10,0.9,524288,1536,1536,1000,500,95,6000,-248.94340051728196,180842316
2048,13312,2.0,1,24,8,8,4,10,0.9,2016383,2560,2560,100,150,85,500,-165.81977385222876,182846303
7680,17408,2.5,200,8,16,8,10,10,0.9,6291456,512,512,50,300,115,1000,-355.9946596631721,184685452
4608,14336,8.0,1,4,16,8,4,5,0.9,6291456,1536,9728,50,200,125,500,-331.8049243949299,187124938
2560,11264,4.5,300,8,8,4,4,5,0.9,524288,15872,6656,50,250,85,8000,-306.79206920754007,189348303
6144,14336,0.1,200,16,1,4,4,5,0.9,2016383,1024,1536,100,300,115,1000,-197.89527517112887,191416046
7680,6144,4.0,400,24,1,8,10,10,0.9,524288,2560,2560,50,300,95,6000,-250.71498452461756,193351670
2048,15360,2.0,1,32,8,8,4,10,0.9,2016383,2560,512,100,150,85,500,-328.51769272587114,195296993
2048,21504,2.0,200,32,8,8,4,10,0.9,2016383,2560,512,100,150,85,500,-384.8583157158025,197430599
2048,21504,2.0,200,32,8,8,4,10,0.9,2016383,1536,512,100,150,85,500,-300.08635323497316,199565755
7680,17408,2.5,200,16,16,8,10,10,0.9,6291456,512,512,50,300,115,1000,-174.20820757271863,201349306
2048,23552,2.0,200,32,2,8,4,10,0.9,2016383,2560,512,100,150,85,500,-314.3644227909003,203202939
1024,6990,5.5,100,64,1,4,4,5,0.9,524288,3584,9728,2000,300,85,8000,-191.84855460498488,205434543
7680,19456,8.0,300,4,16,4,4,10,0.9,2016383,4608,6656,1000,200,95,1000,-356.3611216949796,207641894
4608,6990,8,300,4,16,8,4,5,0.9,2016383,512,4608,500,250,115,500,-231.37159262621455,209637784
7168,17408,7.0,300,4,16,8,10,10,0.9,524288,1536,10752,1500,150,75,1000,-394.21673495860813,211466185
768,17408,6.5,200,4,16,4,4,10,0.9,2016383,1536,10752,1000,150,75,1000,-176.06333152288548,213148521
7680,25600,7.0,400,24,16,8,10,10,0.9,1048576,6656,8192,1500,150,75,1000,-413.04024504566905,215330977
4608,46080,7.5,300,8,16,4,10,10,0.9,524288,2560,1536,1500,250,75,500,-284.4582812893203,217533453
7168,21504,7.5,400,16,16,8,4,5,0.9,1572864,1024,5632,2000,150,85,6000,-134.69227288088248,219647687
5632,5120,7.5,200,8,8,4,4,10,0.9,1048576,1536,3584,100,300,85,6000,-282.10983616926467,221423465
7680,25600,7.0,400,24,8,8,10,10,0.9,1048576,6656,8192,1500,150,75,1000,-304.50311925038534,223586833
7680,25600,7.5,400,24,16,8,10,10,0.9,524288,6656,8192,1500,150,75,1000,-403.50985628996466,226089132
7680,29696,8.0,100,24,16,8,10,10,0.9,1048576,7680,10752,1500,250,75,500,-300.4162719784818,228143902
6144,25600,7,400,4,16,4,4,10,0.9,524288,1024,9728,1500,150,85,1000,-156.98507115145577,230248430
7680,19456,7,400,4,16,8,10,10,0.9,524288,4608,6656,1000,150,95,500,-216.59403049420308,232627702
7168,17408,7.0,300,4,16,8,10,10,0.9,524288,1536,8704,1500,150,100,1000,-242.25496001137748,234986965
7680,25600,7.0,400,24,16,8,10,10,0.9,1048576,6656,8192,2000,150,75,1000,-168.98484745371684,237223519
6656,17408,7.0,300,4,16,8,10,10,0.9,524288,1536,10752,1500,150,75,1000,-169.18156385813197,239135413
7168,17408,7.5,400,16,16,8,10,10,0.9,1048576,1536,10752,100,150,75,1000,-243.58332117527783,241652751
7168,25600,7.0,400,24,16,8,10,10,0.9,1048576,6656,6656,1500,150,95,1000,-180.29125212285942,244256954
7680,25600,7.5,100,24,8,4,4,5,0.9,524288,6656,10752,1500,200,85,3000,-84.40766884131864,246272215
7680,25600,7.5,400,24,8,8,10,10,0.9,524288,6656,8192,1500,150,75,1000,-222.28622736304013,248414534
7680,25600,6,400,24,16,8,10,5,0.9,524288,6656,8192,1500,150,75,1000,-157.41444267697943,250992714
7680,25600,7.0,400,24,16,8,10,10,0.9,1048576,6656,8192,1500,150,75,3000,-155.9298933174449,253557918
7680,25600,7,200,24,16,8,4,10,0.9,524288,6656,8192,1500,150,75,1000,-130.94008200702265,255591384
7680,21504,7.0,400,24,16,8,10,10,0.9,1048576,6656,8192,1500,150,75,1000,-146.79790353329344,257956499
7168,14336,7.0,300,4,16,8,10,10,0.9,524288,1536,10752,1500,150,75,1000,-215.72045554852286,260422329
7168,25600,7.0,400,24,16,8,10,10,0.9,1048576,6656,8192,1500,150,75,1000,-141.2729793752981,262655228
7680,25600,7.5,400,24,16,8,10,10,0.9,524288,6656,8192,1500,150,75,3000,-169.18801444347946,264775043
7680,25600,7,400,24,16,8,10,10,0.9,1048576,6656,8192,1500,150,75,1000,-327.5299294025614,267097449
768,9216,6.0,400,64,2,8,4,10,0.9,1048576,1536,11776,2000,250,75,8000,-103.81030715317996,269391135
2560,51200,7.5,1,24,1,8,4,10,0.9,1572864,13824,12800,1500,200,75,6000,-185.30789557643968,271351138
7680,27648,7.5,400,24,16,8,10,10,0.9,524288,6656,8192,1500,150,75,1000,-269.36123799072874,273529462
7680,25600,7,400,24,16,8,10,10,0.9,1572864,6656,8192,1500,150,75,1000,-226.1648231152403,275954055
1280,17408,8.0,100,16,4,4,4,10,0.9,3145728,9728,11776,1500,300,100,1000,-109.68549976331711,278243288
1024,7168,1.0,300,4,2,8,4,10,0.9,524288,1024,6656,1500,150,125,3000,-121.81831340730878,280251668
2560,46080,1.1,100,32,16,8,4,5,0.9,4194304,6656,3584,50,150,95,8000,-232.67719704520837,282541668
7680,19456,0.5,200,4,8,4,4,5,0.9,3145728,6656,8192,1000,150,95,1000,-137.0931852886874,284952685
7680,25600,7.0,400,20,16,8,10,10,0.9,524288,6656,9728,1500,150,75,1000,-176.19824879223893,287243135
7680,25600,7.0,400,24,16,4,10,10,0.9,1048576,6656,8192,1500,150,75,1000,-211.82465454329085,289436633
5632,21504,0.1,100,8,16,4,10,5,0.9,4194304,512,10752,50,300,125,1000,-263.64723722719253,291789542
7680,25600,7.5,400,32,16,8,10,10,0.9,524288,6656,8192,1500,150,75,1000,-120.5483258892733,293903518
3072,51200,5.5,1,32,2,8,4,10,0.9,2016383,3584,8192,2000,500,125,1000,-183.25125705647366,295878886
7680,25600,7.5,400,24,16,8,10,10,0.9,1048576,6656,8192,1500,150,75,1000,-155.66990506963793,298390643
3584,15360,2.5,200,24,1,8,4,5,0.9,4194304,2560,512,100,150,75,500,-119.27986212122659,300771037
7680,27648,7.0,400,24,16,8,10,10,0.9,1048576,6656,8192,1500,150,75,1000,-203.5725365101374,302774467
6656,35840,5.0,1,24,8,8,4,5,0.9,3145728,512,1536,2000,300,100,8000,-168.49832716517125,305152823
1792,29696,2.0,1,16,16,8,10,5,0.9,2016383,12800,12800,500,250,75,500,-127.09489363534263,307626961
640,27648,0.5,300,32,1,4,10,10,0.9,1048576,5632,14848,100,150,115,1000,-84.03491627167111,309707358
7680,25600,7.5,400,24,16,8,10,10,0.9,524288,4608,8192,1500,150,75,1000,-162.05496355599942,312039180
7680,40960,2.0,100,8,1,4,4,10,0.9,6291456,1024,9728,50,200,85,1000,-171.90665409971723,314503786
2048,21504,3.0,200,20,16,4,10,10,0.9,2016383,3584,10752,50,500,85,1000,-135.7166491526593,316691016
6656,7168,6.0,400,4,8,4,4,10,0.9,6291456,14848,4608,1000,200,115,500,-111.33783122057646,319112021
7680,25600,7.5,400,24,16,8,10,10,0.9,524288,7680,8192,1500,150,75,1000,-274.36817183839827,321712669
5632,6990,2.5,100,4,8,4,4,5,0.9,1048576,1024,8192,100,150,95,500,-107.06322271835786,323958747
7680,25600,7,300,24,16,8,10,10,0.9,1048576,6656,8192,1500,150,75,1000,-190.53487273064397,325998274
7680,25600,7,400,24,16,8,10,10,0.9,1048576,6656,8192,1500,150,85,1000,-156.52653518933377,328453770
3072,17408,0.1,100,20,4,8,4,10,0.9,1572864,13824,512,100,300,125,8000,-98.42990891181395,330834140
5120,6990,4.5,400,24,2,8,4,5,0.9,3145728,5632,10752,500,500,85,500,-124.94342439455563,332897177
3072,21504,5.5,1,20,8,8,10,5,0.9,3145728,15872,8704,100,300,115,6000,-188.46829774360822,335372356
7680,15360,0.1,200,4,1,8,4,10,0.9,2016383,4608,8704,100,500,115,6000,-192.1564656582761,337752568
7680,25600,6.5,400,24,16,8,10,10,0.9,1048576,6656,8192,1500,150,75,1000,-137.0114945213146,340111509
7680,25600,7.5,400,24,16,8,10,10,0.9,524288,6656,8192,1000,150,75,1000,-217.429431074674,342459352
2048,21504,2.0,200,32,8,8,4,10,0.9,2016383,2560,512,1500,150,85,500,-183.60405020852494,345090287
2048,14336,2.0,1,32,8,8,4,5,0.9,2016383,2560,512,100,150,85,500,-61.469950866760925,347275651
7680,25600,7.5,400,24,16,8,10,10,0.9,524288,6656,6656,1500,150,75,1000,-145.47330534984584,349335312
7680,19456,8.0,300,32,8,8,10,10,0.9,1048576,7680,1536,50,500,85,6000,-196.70999482193724,351737378
2048,14336,2.5,1,32,8,8,4,10,0.9,2016383,2560,512,100,150,85,500,-159.94847448950958,354005461
2560,8192,8.0,1,4,1,4,10,5,0.9,1572864,4608,3584,1500,500,85,500,-166.49157211360549,356112015
7680,25600,7.0,400,24,16,8,10,10,0.9,524288,6656,8192,1500,150,75,1000,-110.59989363257996,358683609
7680,25600,7.5,400,24,16,8,10,10,0.9,524288,6656,8192,1500,200,75,1000,-265.559897532178,361272244
7680,25600,7.0,400,24,16,8,10,10,0.9,1048576,5632,8192,1500,150,75,1000,-138.03831780103175,363407434
7168,51200,2.5,300,4,16,8,10,5,0.9,6291456,3584,6656,50,250,95,500,-180.82996087593105,365559192
2048,21504,2.0,1,32,8,8,4,10,0.9,2016383,2560,2560,100,150,85,500,-231.494304627105,367970865
7680,25600,7.0,400,24,16,8,10,10,0.9,1048576,6656,8192,1500,150,75,500,-159.22130992292207,370196585
7680,25600,7.0,400,24,16,8,10,5,0.9,1048576,6656,8192,1500,150,75,1000,-134.71546948317737,372320750
7680,17408,2.5,200,32,16,8,10,10,0.9,6291456,512,512,50,300,115,500,-201.86486301887768,374776607
7680,25600,7.0,400,24,16,8,10,10,0.9,1048576,6656,8704,1500,150,75,1000,-185.5114832876379,377364316
2048,21504,2.0,200,20,8,8,4,5,0.9,2016383,2560,512,100,150,85,500,-133.0831887948582,379646381
6144,13312,0.5,100,8,8,8,10,10,0.9,2016383,1536,512,100,200,115,3000,-178.08823578252216,381747149
7680,25600,7.0,400,20,16,8,10,10,0.9,1048576,6656,8192,1500,150,75,1000,-177.2445368998109,384219271
7680,25600,8,400,24,16,8,10,10,0.9,524288,6656,8192,1500,150,75,1000,-143.67896033314594,386737543
7680,23552,7.5,400,24,16,8,10,10,0.9,524288,6656,8192,1500,150,75,1000,-149.95852532655675,388828983
7168,15360,8,100,8,4,8,10,10,0.9,1048576,1536,3584,100,250,85,500,-225.69643204356456,391203286
2048,25600,2.0,200,32,8,8,4,10,0.9,2016383,2560,512,100,150,85,500,-165.65322160437668,393567651
7680,25600,7.5,400,24,16,8,10,10,0.9,524288,6656,7680,1500,150,75,1000,-138.9416627816262,395728180
7680,25600,7.5,300,24,16,8,10,10,0.9,524288,6656,8192,1500,150,75,1000,-216.50985393379216,398149716
7168,17408,7.0,300,4,2,8,10,10,0.9,524288,1536,10752,1500,200,75,1000,-239.07655274828312,400523487
5120,6144,0.5,300,8,2,4,10,10,0.9,1048576,512,10752,1000,250,115,500,-131.1081223046616,402652621
2048,14336,2.0,1,32,8,8,4,10,0.9,2016383,2560,512,100,150,75,500,-193.43326330404423,404755641
2048,14336,2.0,200,32,8,8,4,10,0.9,1048576,2560,512,100,150,85,500,-199.87199242130592,407270704
6656,17408,2.5,200,8,16,8,10,10,0.9,6291456,512,512,100,150,125,6000,-100.95327275935061,409654833
4096,6990,8.0,200,4,2,4,4,10,0.9,1572864,2560,3584,500,500,95,500,-175.2813195111966,411714885
5120,14336,3.0,400,4,2,4,4,5,0.9,4194304,3584,13824,1000,150,85,3000,-239.43769058373425,414132165
2048,14336,2.0,1,32,16,8,4,10,0.9,2016383,2560,512,100,150,85,500,-206.14313042527579,416750779
6656,17408,2.5,200,8,16,8,10,10,0.9,6291456,512,512,50,300,85,1000,-105.11163821522362,419085766
2048,14336,1.5,1,32,8,8,4,10,0.9,2016383,2560,512,100,150,85,500,-171.57412441265186,421507663
7168,17408,7.5,300,4,16,8,10,10,0.9,524288,1536,9728,1500,150,75,1000,-236.28328945355747,423896873
1280,9216,1.1,300,16,4,4,10,5,0.9,1572864,13824,6656,50,300,100,3000,-114.05327152729522,426556228
2048,14336,2.0,1,32,8,8,4,10,0.9,2016383,1536,512,100,150,85,500,-90.0966471235026,428798574
7680,7168,8,300,4,16,4,10,10,0.9,3145728,1536,10752,1500,150,85,6000,-234.30779064143667,431385823
7680,17408,8.0,200,16,16,8,4,5,0.9,1048576,1536,7680,1000,500,75,500,-226.57499152647296,433970341
4096,30720,0.1,100,32,2,4,4,5,0.9,2016383,3584,7680,500,200,95,1000,-137.5640861961938,436205673
7680,5120,1.0,300,64,2,8,4,5,0.9,8388608,1536,9728,1500,250,115,500,-146.69554768991162,438303403
7168,17408,8,300,4,16,8,4,10,0.9,3145728,2560,10752,1500,150,75,1000,-186.65900005515587,440688781
7680,19456,7.5,300,4,16,4,4,10,0.9,2016383,5632,6656,1000,200,95,1000,-301.750699536694,443229598
7680,8192,0.5,1,8,16,4,4,5,0.9,3145728,4608,2560,1000,500,95,1000,-49.632304543836334,445474484
7680,25600,7.5,400,24,16,8,10,10,0.9,524288,6656,8704,1500,150,75,1000,-198.2915592640265,447575197
2048,21504,2.0,400,32,8,8,4,10,0.9,2016383,2560,512,100,150,85,500,-189.5858524972023,449959542
5120,14336,0.1,300,4,1,8,10,5,0.9,1048576,512,512,50,250,85,500,-133.03171653021386,452398244
5120,6990,1.1,1,8,2,4,4,5,0.9,2016383,1024,8192,100,200,100,1000,-130.817029393237,454498659
7168,17408,0.1,400,8,8,8,10,10,0.9,524288,1536,2560,100,500,95,1000,-204.81360703648426,456762147
2048,14336,2.0,1,32,8,8,4,10,0.9,2016383,4608,512,100,150,85,500,-281.59480186426555,459237394
7680,12288,1.1,400,32,1,4,10,5,0.9,2016383,512,9728,1000,150,75,6000,-86.2632847465446,461355103
2048,46080,6.0,1,4,16,4,10,10,0.9,8388608,8704,1536,1000,250,95,500,-200.23793120403278,463356531
2048,14336,2.0,1,32,8,8,4,10,0.9,2016383,2560,1536,100,150,85,500,-280.00690902548837,465694324
4608,14336,0.5,200,4,1,8,10,10,0.9,524288,1024,512,50,150,115,500,-153.91158529027678,467959311
7680,19456,8.0,100,4,16,4,10,5,0.9,2016383,4608,6656,1000,200,95,1000,-125.26659810992776,470007751
3072,21504,0.5,200,4,1,8,4,10,0.9,2016383,1024,512,50,150,100,500,-200.54749582900465,472422455
7680,19456,8.0,100,8,16,4,4,10,0.9,1572864,512,1536,1500,200,95,3000,-158.43653104763672,474976403
2048,14336,2.0,1,32,8,8,4,10,0.9,2016383,2560,512,100,300,85,500,-140.44161743907094,477092006
6656,14336,4.5,400,4,16,8,4,10,0.9,6291456,2560,2560,100,500,125,1000,-206.03653455913124,479244638
7168,17408,7.0,300,4,16,4,10,10,0.9,524288,1536,10752,1500,150,75,1000,-240.7883170231354,481749715
7680,25600,7.5,400,24,16,8,4,10,0.9,524288,6656,8192,1500,150,75,1000,-196.0832592792224,484027046
7680,25600,7,400,24,16,8,10,10,0.9,524288,6656,8192,1500,150,75,1000,-135.06162690362328,485994039
5120,11264,2.5,300,8,1,4,4,10,0.9,3145728,2560,5632,100,200,125,3000,-212.25976945792817,488038569
5120,14336,0.1,400,20,8,8,10,10,0.9,524288,1536,2560,100,150,75,1000,-189.98018297466783,490808088
7680,25600,7.0,400,24,16,8,4,10,0.9,1048576,6656,8192,1500,150,75,1000,-166.09492097112425,493233377
2048,21504,2.0,200,32,8,8,4,10,0.9,2016383,2560,512,50,150,85,1000,-159.19489340097678,495250679
7680,25600,7.0,400,24,16,8,10,10,0.9,1048576,6656,8192,1000,150,75,1000,-186.65413600839815,497598540
2048,14336,2.0,1,32,8,8,4,10,0.9,2016383,3584,512,100,150,85,500,-239.18490348131726,500131840
2048,14336,2.0,100,32,8,8,4,10,0.9,2016383,2560,512,100,150,85,500,-111.0599041506865,502270379
7168,17408,2.5,200,8,16,8,10,10,0.9,6291456,512,512,50,200,115,1000,-178.33295875880927,504392029
3072,4096,6.5,400,16,2,4,10,5,0.9,2016383,1536,14848,100,150,125,1000,-232.99687729403846,506850677
7680,17408,2.5,1,8,16,8,10,10,0.9,6291456,512,1536,50,300,100,1000,-165.71655941849994,509355475
1536,14336,2.0,1,32,8,8,4,10,0.9,2016383,2560,512,100,150,85,500,-124.9916889979812,511563524
6656,19456,8.0,300,4,16,4,4,10,0.9,2016383,8704,6656,1000,200,95,1000,-184.43449020955916,513810365
4608,6990,1.1,200,4,2,4,4,5,0.9,2016383,1024,8192,100,200,85,1000,-180.50418692173216,516667691
4096,8192,0.1,400,20,4,4,4,5,0.9,2016383,2560,1536,500,500,95,1000,-56.49999170580122,519040872
7168,17408,2.5,200,20,8,8,10,10,0.9,6291456,512,512,50,300,115,1000,-108.20166239396336,521276894
2048,21504,2.0,200,32,16,8,4,10,0.9,2016383,2560,512,100,150,95,500,-192.2762292753303,523943440
4096,7168,6.5,200,8,4,8,4,5,0.9,3145728,12800,8704,50,200,100,1000,-153.63495987566964,526354254
7680,25600,7.0,400,24,16,8,10,10,0.9,1572864,6656,8192,1500,150,75,1000,-161.03978080016557,528483112
7168,17408,2.5,200,8,16,8,10,10,0.9,6291456,512,512,50,500,115,1000,-207.42162080090645,530854550
2048,17408,2.0,200,32,8,8,4,10,0.9,2016383,1536,512,100,150,85,500,-292.9552778235107,533385461
3072,6144,1.5,1,64,4,8,10,10,0.9,6291456,5632,4608,1000,250,125,3000,-108.30148295323662,535612925
7168,17408,2.5,200,20,16,8,10,10,0.9,6291456,512,512,100,500,115,1000,-126.13831938222498,537666146
4096,7168,0.5,400,16,4,8,4,5,0.9,1048576,1536,4608,100,500,115,1000,-133.8949934195074,540291507
6144,17408,0.1,400,20,8,8,10,10,0.9,524288,2560,2560,100,500,95,1000,-131.14488454856806,542939497
4096,14336,5.0,1,8,1,8,4,5,0.9,2016383,3584,7680,50,150,115,500,-128.83495396963292,545004368
7680,17408,2.5,200,20,16,8,10,10,0.9,6291456,512,512,50,300,115,1000,-201.9548528220351,547512722
1792,14336,1.1,300,32,1,8,10,10,0.9,2016383,1536,512,2000,500,100,500,-147.16305888280283,550150688
2048,14336,2.0,1,32,8,8,4,10,0.9,2016383,2560,512,500,150,85,500,-72.09994037407031,552495600
2048,14336,2.0,1,32,8,8,4,10,0.9,2016383,2560,512,50,150,85,500,-139.33115449855737,554634762
4096,8192,1.1,200,8,2,4,4,5,0.9,2016383,1024,8192,100,200,100,500,-230.21961881788374,556991746
2048,21504,2.0,100,32,8,8,4,10,0.9,1048576,2560,512,100,150,85,500,-192.0085245147673,559442921
2048,30720,1.0,1,64,1,4,4,10,0.9,1572864,1024,2560,100,200,95,1000,-141.46830393339042,561469707
1536,4096,7.5,1,4,16,8,4,5,0.9,2016383,4608,2560,50,500,100,6000,-129.44496723424265,563648985
7168,14336,5.5,1,20,4,8,10,10,0.9,8388608,2560,13824,2000,200,100,6000,-285.4693509545933,566020082
2048,14336,2.0,1,20,8,8,4,10,0.9,2016383,2560,512,100,150,85,500,-108.94679380568853,568147972
8192,10240,8.0,200,4,16,4,4,10,0.9,524288,14848,5632,50,250,95,6000,-0.0,570113242
4096,21504,2.0,200,32,8,8,4,10,0.9,2016383,2560,512,100,150,85,500,-280.8132086939226,572092759
2048,14336,2.0,1,32,4,8,4,10,0.9,2016383,2560,512,100,150,85,500,-187.56079841292222,574473104
2048,46080,5.0,200,32,16,8,10,5,0.9,2016383,6656,4608,50,300,95,500,-136.34112408065585,576391915
7680,25600,7.5,400,24,16,4,10,10,0.9,524288,6656,8192,1500,150,75,1000,-205.55981167363774,578619297
2048,14336,2.0,1,32,8,8,4,10,0.9,2016383,2560,512,100,150,95,500,-188.06154533040964,581049825
7168,17408,2.5,200,8,16,8,10,10,0.9,6291456,512,512,50,300,115,1000,-128.65325522150943,583351717
3072,46080,2.5,300,4,1,8,10,10,0.9,4194304,14848,8704,50,250,125,6000,-216.748091597438,585299866
7168,10240,8.0,300,8,16,4,4,10,0.9,1048576,1536,4608,50,300,95,3000,-277.8103566358268,587658098
7680,12288,7.0,300,16,16,4,10,10,0.9,2016383,4608,3584,100,150,85,500,-280.1764122973037,590061174
3584,11264,0.1,400,20,4,8,10,5,0.9,6291456,512,9728,50,200,95,500,-85.77550020141994,592115011
7680,17408,2.5,200,8,16,8,10,10,0.9,6291456,4608,512,50,300,115,1000,-253.75869679614232,594126798
7680,17408,3,200,8,16,8,10,10,0.9,6291456,512,512,50,300,115,1000,-258.73143803431924,596414342
7680,17408,7.0,300,4,16,8,10,10,0.9,524288,1536,10752,1500,150,75,1000,-213.3062295018823,598787842
7680,19456,8.0,1,4,16,4,4,10,0.9,2016383,4608,6656,1000,200,115,1000,-168.08317287693444,600917737
7680,19456,8.0,300,4,4,4,4,10,0.9,2016383,4608,6656,1000,200,95,1000,-270.2080361782855,603034805
7680,8192,2.5,200,4,2,4,4,5,0.9,2016383,3584,8704,1000,250,125,1000,-282.4259274120551,605441729
5632,11264,8.0,200,16,1,4,10,5,0.9,3145728,13824,11776,50,300,95,500,-178.22990799950378,607717335
4608,14336,1,200,4,8,8,10,10,0.9,1048576,1536,512,50,500,115,500,-204.66570751112792,609716432
4096,6990,2.5,200,8,1,4,4,5,0.9,524288,512,13824,100,500,95,6000,-168.0049613795378,612008286
2048,14336,2.0,1,32,8,8,4,10,0.9,3145728,2560,512,100,150,85,500,-276.46318223606727,614668290
2048,14336,2.0,1,32,8,8,4,10,0.9,1572864,2560,512,100,150,85,500,-114.16142454654182,616876744
7680,14336,1.5,1,32,1,8,4,10,0.9,1572864,10752,14848,100,200,85,500,-0.0,618930103
7680,15360,3.0,200,4,16,4,4,5,0.9,2016383,13824,7680,50,150,115,1000,-279.5199151177215,620673645
2048,21504,1.5,1,32,1,8,4,10,0.9,2016383,2560,512,100,150,85,500,-222.44927932427635,622871414
4608,40960,3.5,300,32,4,8,4,10,0.9,1572864,9728,12800,1000,150,100,8000,-150.36132838068553,624920501
2048,21504,2.0,200,32,8,8,4,10,0.9,4194304,2560,512,100,150,85,500,-227.0297675271938,627123646
1792,6990,2.5,400,8,2,4,4,10,0.9,3145728,1536,1536,50,500,95,1000,-320.3760339081359,629414732
4096,6144,3.5,300,4,16,8,10,5,0.9,6291456,1024,14848,50,200,125,8000,-84.73662992302796,631589048
3584,4096,1.1,200,8,2,4,4,5,0.9,3145728,4608,7680,2000,200,115,1000,-243.08007337068315,633585280
7680,13312,2.0,1,32,8,4,10,10,0.9,2016383,9728,5632,50,500,95,500,-290.1516011514023,635855944
6144,17408,2.5,200,8,16,4,4,10,0.9,2016383,1024,512,100,300,115,6000,-357.88957968314446,638022444
2560,13312,2.0,200,8,2,4,10,10,0.9,6291456,1024,512,50,300,125,6000,-314.9615426274621,639945980
7168,9216,1.5,200,20,16,4,4,10,0.9,3145728,1536,512,500,300,115,6000,-186.31121353538876,641840003
2048,13312,2.0,1,32,8,8,4,10,0.9,2016383,2560,512,100,150,85,500,-276.3416031716565,643816204
6144,19456,2.5,200,16,16,4,10,10,0.9,2016383,1024,512,50,300,115,3000,-343.67830616269924,646153332
6144,17408,2.5,200,8,16,4,4,10,0.9,2016383,512,512,100,300,125,6000,-240.35277300607328,648368816
1536,17408,2.5,200,20,16,4,4,10,0.9,3145728,1024,512,50,500,115,6000,-152.51161137180264,650400582
7168,10240,5.0,400,16,4,8,4,10,0.9,4194304,6656,3584,2000,250,75,1000,-295.87969473105625,652440813
3584,13312,1.5,300,24,4,4,10,10,0.9,2016383,1024,15872,50,300,100,500,-277.8298561207155,654717959
4608,19456,1.1,300,64,8,4,4,5,0.9,2016383,5632,1536,50,300,85,500,-203.6126325786743,656895372
7168,23552,1.5,400,16,4,4,10,5,0.9,1048576,12800,15872,50,250,75,1000,-148.41096369672414,658743974
8192,25600,4.5,300,16,2,4,10,10,0.9,1572864,1024,3584,50,300,95,500,-0.0,660708151
1792,29696,1,400,8,8,4,4,10,0.9,2016383,1024,3584,50,300,75,6000,-335.74308445258055,662600174
1792,6990,1.1,100,16,2,4,10,5,0.9,2016383,2560,512,50,500,95,1000,-179.69496965970234,664657310
1280,23552,6.5,300,4,2,4,4,10,0.9,1048576,1024,6656,100,300,85,6000,-156.94181936730516,666511332
1280,30720,4.5,1,32,8,8,10,10,0.9,1572864,1024,10752,1000,250,75,6000,-140.7970445282403,668827190
6656,17408,2.5,200,8,16,4,4,10,0.9,2016383,1024,512,100,300,85,6000,-331.05190518809087,671277855
6144,10240,3.5,100,8,16,4,4,10,0.9,2016383,7680,512,500,250,115,3000,-111.63060938055503,673341524
5120,51200,1.5,100,64,16,4,4,5,0.9,3145728,15872,13824,2000,500,75,1000,-250.2132068348586,675244047
7680,30720,5.5,1,4,2,8,10,5,0.9,8388608,1536,14848,1000,300,125,6000,-0.0,677491258
2560,29696,4.5,200,16,16,4,10,10,0.9,2016383,1024,512,100,300,115,500,-175.73062217222693,679333815
4096,12288,1.0,1,4,8,8,4,5,0.9,2016383,1024,512,50,500,75,3000,-144.36608173795767,681330720
2048,19456,1.1,100,8,8,4,4,10,0.9,3145728,12800,512,100,500,115,3000,-270.79154819852357,683558002
7680,13312,8.0,1,16,8,8,4,5,0.9,524288,1536,10752,50,150,125,8000,-196.47930011541465,685951794
5120,11264,3.5,1,16,16,4,10,10,0.9,1048576,1024,2560,50,500,100,6000,-137.16488177301622,687900042
7680,14336,5.0,400,32,8,4,4,10,0.9,4194304,2560,13824,50,300,95,8000,-0.0,689848739
1792,27648,1,400,16,4,4,4,10,0.9,2016383,1536,8704,1500,300,100,8000,-262.85684113384104,691682965
3072,19456,1,300,8,8,4,4,5,0.9,1572864,1024,1536,50,500,85,3000,-149.7770219755054,693893057
4608,21504,1.5,400,8,16,4,10,10,0.9,8388608,1024,512,50,500,100,6000,-220.68560572321442,695909603
5120,12288,4.5,200,8,2,4,4,5,0.9,2016383,1024,8704,2000,150,100,6000,-197.09324012465518,698342222
1792,14336,1.0,400,8,16,4,4,10,0.9,2016383,10752,3584,50,300,75,6000,-207.05465657397025,700958541
5632,14336,3.0,200,32,8,4,10,5,0.9,1048576,2560,9728,100,500,100,8000,-99.29461722327918,702914123
7168,46080,7.5,1,24,16,4,10,5,0.9,8388608,10752,512,500,500,115,1000,-225.0031100376219,704835114
3072,13312,4.5,300,20,16,4,10,10,0.9,6291456,1536,512,500,300,95,1000,-304.9280785501691,707170235
6144,17408,2.5,200,8,16,4,4,10,0.9,2016383,1024,512,100,300,115,8000,-318.752238523296,709557504
2560,27648,1.0,400,64,2,4,4,10,0.9,1572864,1024,3584,50,300,100,6000,-320.97710884852154,711552442
6144,29696,1.0,200,32,16,4,10,10,0.9,524288,1024,1536,100,300,85,8000,-171.12322331650182,713539350
6144,19456,5.5,400,32,16,4,10,10,0.9,2016383,4608,1536,500,300,85,3000,-262.93682237208435,715724029
6144,17408,8.0,100,8,8,4,10,10,0.9,524288,3584,512,1000,300,85,6000,-331.17460607111786,717995970
7680,25600,7.0,400,24,16,8,10,10,0.9,1048576,6656,8192,500,150,75,1000,-399.05495170994885,719914191
768,8192,6.5,400,4,16,8,4,5,0.9,8388608,1024,8704,100,250,115,500,-78.20490511776853,721823743
7680,25600,7.0,400,32,16,8,10,10,0.9,1048576,6656,8192,500,150,75,1000,-196.26991772495893,723820140
7680,11264,4.5,1,8,8,8,4,10,0.9,1572864,6656,1536,1500,250,95,8000,-154.08649156988733,726375614
7680,23552,7.0,400,24,16,8,10,10,0.9,1048576,6656,8192,500,150,75,1000,-116.5666577244498,728607003
7168,6990,0.1,1,64,1,8,10,5,0.9,6291456,5632,8704,1000,250,115,500,-200.632368368848,730795147
7168,25600,7.0,400,24,16,8,10,10,0.9,1048576,6656,8192,500,150,75,1000,-201.3881550078142,733277120
768,5120,1.1,300,24,8,8,4,10,0.9,1572864,7680,5632,1000,200,125,6000,-109.90183539119428,735626313
7680,15360,8.0,300,4,16,4,10,10,0.9,1572864,4608,6656,100,250,95,3000,-141.91665021426942,737881480
7680,25600,7,400,24,16,8,10,10,0.9,1048576,6656,8192,500,150,75,1000,-178.7205731043872,740545618
2048,15360,4.0,200,64,2,4,4,10,0.9,1048576,3584,10752,100,300,85,500,-216.7970110811154,743030712
896,27648,1.0,300,24,2,8,4,5,0.9,8388608,2560,8704,100,300,75,500,-57.7516211181556,745125889
896,21504,1.1,100,4,2,8,10,5,0.9,1572864,15872,8704,1000,250,125,8000,-97.51086279285227,747333359
5632,13312,4.0,400,20,16,4,4,10,0.9,3145728,1024,3584,100,300,115,8000,-211.34320520792414,749812662
7680,25600,7.0,400,24,16,8,10,10,0.9,1048576,6656,8192,100,150,75,1000,-136.47929838197535,752170896
6144,19456,2.5,100,8,16,4,4,10,0.9,2016383,1024,512,500,300,115,6000,-81.87033712661292,754300155
7680,25600,7.0,400,24,16,8,10,10,0.9,1572864,6656,8192,500,150,75,1000,-225.85539716453522,756806518
6144,19456,2.5,200,8,16,4,4,10,0.9,2016383,1024,512,100,300,115,6000,-168.14310163060293,759206710
7680,13312,4.5,100,32,1,4,4,10,0.9,2016383,2560,2560,100,500,75,6000,-139.93831459069517,761747828
7168,17408,5.0,1,16,2,4,10,10,0.9,524288,1536,512,2000,500,85,8000,-82.40935914820294,764392504
7680,25600,7.0,300,24,16,8,10,10,0.9,1048576,6656,8192,1500,150,75,1000,-132.4548937212839,767178651
6656,21504,4.5,400,64,8,4,4,10,0.9,2016383,1024,3584,50,300,100,3000,-150.42608731011427,769333400
6144,17408,7.5,200,16,16,4,4,10,0.9,2016383,4608,1536,50,250,100,8000,-238.0066376968954,771661051
6144,17408,2.5,200,4,16,4,4,10,0.9,2016383,1024,512,500,300,115,3000,-280.4177356521145,773895849
6144,17408,2.5,100,8,16,4,4,10,0.9,2016383,2560,512,100,300,115,6000,-196.92690656905046,775780323
6656,13312,8.0,1,8,4,4,10,10,0.9,524288,3584,512,1000,500,95,8000,-280.77416397998894,777668314
6144,19456,2.5,200,8,16,4,10,10,0.9,6291456,1024,3584,50,250,115,3000,-321.4413366369532,779812811
6656,8192,1,400,8,8,4,4,10,0.9,2016383,1024,7680,1500,300,85,8000,-275.7073601651822,781885770
4096,6990,1.1,400,8,2,4,4,5,0.9,2016383,512,8192,100,200,100,1000,-175.61992592732034,783797472
1536,19456,6.0,300,16,16,4,4,5,0.9,1048576,2560,9728,1000,500,115,6000,-233.77813885719593,785719257
1792,21504,8,100,16,16,4,4,5,0.9,8388608,4608,6656,50,250,75,6000,-218.82646022833706,787436464
7680,17408,8.0,300,4,16,4,4,10,0.9,2016383,4608,6656,2000,250,95,1000,-200.27293331525286,789543608
5120,12288,5.0,100,16,2,4,10,10,0.9,6291456,8704,9728,50,500,85,3000,-221.2083487682718,791389336
7680,19456,2,200,8,16,4,4,10,0.9,8388608,1024,3584,50,300,75,1000,-300.58575592496794,793442259
7680,8192,4.5,200,4,2,8,10,5,0.9,2016383,1024,13824,2000,150,115,1000,-0.0,795643522
7680,25600,7.5,400,24,16,8,10,10,0.9,524288,6656,8192,2000,150,75,1000,-195.88491716908334,797145843
2560,15360,3,200,24,8,4,10,10,0.9,4194304,1536,1536,50,300,95,3000,-280.08147969349034,799001086
7680,19456,8.0,300,4,16,4,4,10,0.9,2016383,2560,8192,1000,200,95,8000,-349.92057935512315,801134283
7680,17408,8.0,300,20,2,4,10,10,0.9,2016383,2560,8192,1000,200,95,8000,-472.3794394918777,802997953
7680,14336,8.0,300,20,2,4,10,10,0.9,2016383,2560,8192,1000,200,95,8000,-166.32111861291042,804869564
6656,19456,4,200,32,2,4,4,10,0.9,2016383,1024,8704,50,200,85,8000,-218.73208645980813,806624830
7680,17408,8.0,200,20,2,4,10,10,0.9,3145728,4608,8192,1000,300,85,8000,-339.28484014029283,808823117
3072,10240,8.0,100,32,4,8,4,5,0.9,4194304,2560,12800,1500,250,100,6000,-346.90188042836564,810967369
7168,17408,8.0,300,20,2,4,10,10,0.9,2016383,2560,8192,1000,200,95,8000,-179.3698668498615,812943879
7680,17408,1.0,400,20,2,4,10,10,0.9,2016383,2560,6656,1000,300,85,8000,-291.97345190686366,814887778
7680,17408,8.0,300,20,2,4,10,10,0.9,2016383,2560,8192,500,200,95,8000,-371.20824953121496,817054819
7680,17408,8.0,300,20,2,4,10,5,0.9,2016383,3584,8192,1000,200,95,8000,-259.32644628154395,819178052
7680,21504,8.0,300,20,2,4,10,10,0.9,2016383,2560,8192,1000,200,95,8000,-169.26485009848454,821043656
7680,19456,8.0,300,16,2,4,10,10,0.9,2016383,2560,8192,1000,200,95,8000,-270.05320806821135,823137420
7680,17408,8.0,300,4,16,4,10,10,0.9,2016383,2560,8704,1000,200,95,8000,-261.78048983605777,825380614
7680,17408,8.0,400,20,2,4,10,10,0.9,2016383,2560,8192,1000,200,95,8000,-170.33986829151044,827441133
7680,17408,8.0,300,20,2,4,10,10,0.9,2016383,2560,8192,1000,500,95,8000,-280.4649256753924,829315202
7680,17408,8.0,300,20,2,4,10,10,0.9,2016383,5632,8192,1000,200,95,8000,-351.9003827981326,831450708
7680,17408,8.0,300,20,2,4,10,10,0.9,2016383,2560,8192,1000,200,95,3000,-344.76658990955696,833554169
7680,17408,8.0,300,20,2,4,10,10,0.9,1048576,2560,8192,1000,200,95,8000,-194.68885200515297,835454708
7680,17408,8.0,300,20,2,4,10,10,0.9,2016383,2560,8192,1000,200,100,8000,-230.02661147573656,837287850
7680,17408,8.0,300,20,1,4,10,10,0.9,2016383,2560,8192,1000,200,95,8000,-337.99664310308776,839565863
7680,17408,8.0,300,24,2,4,4,10,0.9,2016383,2560,6656,1000,200,95,8000,-319.90537976803773,841513047
7680,17408,8.0,300,20,2,4,10,10,0.9,2016383,2560,7680,1000,200,95,8000,-269.206502769261,843164865
7680,17408,8.0,300,20,2,4,10,10,0.9,2016383,2560,8192,1500,200,95,8000,-427.63148912476316,844966711
5120,17408,8.0,200,20,4,8,4,5,0.9,3145728,2560,14848,2000,250,85,8000,-444.7081994435533,846990186
5120,35840,8.0,200,20,2,8,10,10,0.9,3145728,8704,14848,2000,250,75,8000,-380.1516117322244,848941648
8192,17408,8.0,300,20,2,4,10,10,0.9,2016383,2560,8192,1500,200,95,8000,-0.0,850610004
7680,46080,8.0,200,20,16,4,10,10,0.9,3145728,15872,12800,2000,200,95,8000,-0.0,851958182
7680,17408,8.0,300,20,2,4,10,10,0.9,4194304,2560,8192,1500,200,95,8000,-491.8449210039675,853697741
4096,17408,8.0,200,4,4,4,4,10,0.9,4194304,7680,9728,1500,500,95,8000,-338.0298660021442,855618543
7680,30720,8.0,300,20,1,4,4,10,0.9,3145728,512,10752,1500,500,95,8000,-273.0282983088082,857260577
7168,40960,8.0,300,20,4,4,4,5,0.9,6291456,1024,8704,1500,250,75,8000,-377.1499155265905,859011809
7680,17408,8,300,4,8,8,10,10,0.9,4194304,1536,12800,2000,150,75,8000,-0.0,861058657
7680,46080,8.0,400,20,4,4,10,10,0.9,4194304,5632,5632,1500,200,115,8000,-383.27476931264243,862694525
7680,17408,8.0,300,20,2,4,10,10,0.9,4194304,2560,8192,2000,150,95,8000,-259.42322830886593,864462179
5632,40960,8.0,300,20,4,8,10,10,0.9,3145728,1536,11776,2000,200,85,6000,-310.36497816272015,866126060
7680,27648,8.0,100,20,2,8,10,10,0.9,4194304,8704,11776,1500,250,115,8000,-0.0,868090054
7680,17408,8.0,300,20,2,8,10,10,0.9,3145728,2560,8192,1500,200,95,8000,-428.67661897210604,869743320
7168,11264,8.0,400,16,1,8,4,5,0.9,3145728,6656,15872,1500,200,85,8000,-285.5623674485183,871596534
7680,14336,8.0,400,64,2,8,10,10,0.9,6291456,4608,8192,1500,200,95,8000,-300.08964981488447,873238211
7680,17408,8.0,300,20,2,8,10,10,0.9,3145728,2560,8192,1500,200,115,8000,-432.19486132739746,875066089
7680,17408,8.0,300,20,2,8,10,10,0.9,3145728,2560,9728,1500,200,115,8000,-478.9067542391264,877137346
1792,10240,3.5,1,8,4,4,10,10,0.9,3145728,7680,11776,500,150,85,500,-337.76715136657896,879087401
7680,17408,8.0,300,20,2,8,10,10,0.9,4194304,2560,10752,1500,200,115,8000,-241.78386500283457,880757322
2560,6144,0.5,400,20,8,8,4,10,0.9,6291456,13824,3584,100,150,75,1000,-388.22131606331556,882499014
3072,19456,8.0,200,32,2,8,4,10,0.9,3145728,8704,8704,1500,200,125,8000,-449.2179756647678,884526989
3072,29696,8.0,200,32,2,8,10,5,0.9,3145728,9728,4608,2000,200,125,8000,-403.6833031169653,886513488
7680,17408,8.0,300,20,2,4,10,10,0.9,3145728,2560,9728,1500,200,115,8000,-288.436340917404,888315635
3072,19456,8.0,200,32,2,4,4,10,0.9,4194304,10752,8704,1500,200,85,8000,-330.1563688914842,889967252
5120,17408,8.0,200,8,4,8,4,5,0.9,3145728,2560,8704,2000,250,115,8000,-410.7454672823817,891895795
6144,17408,8.0,1,20,2,8,10,10,0.9,3145728,2560,9728,1500,200,125,8000,-411.14804673619284,893972920
7168,21504,8.0,1,24,2,8,10,10,0.9,3145728,8704,1536,1500,200,115,8000,-289.2331756588317,895959226
3072,15360,8.0,100,20,2,8,4,5,0.9,2016383,15872,6656,1500,150,115,8000,-263.65728112874814,897601885
7680,17408,8.0,1,20,2,4,10,10,0.9,4194304,2560,8192,1500,200,95,8000,-412.6112561886107,899585818
6656,21504,8.0,100,24,4,8,10,10,0.9,4194304,2560,4608,2000,200,95,8000,-489.7653615744539,901623066
7680,21504,8.0,1,24,2,8,10,10,0.9,4194304,2560,6656,2000,200,95,8000,-364.13152343492504,903583778
1536,25600,6.0,200,24,8,4,4,10,0.9,1572864,1024,4608,1500,150,95,6000,-213.34945161911747,905266480
6656,29696,8.0,100,24,1,8,10,10,0.9,4194304,512,4608,1500,200,100,8000,-398.3910938670843,907022245
7680,23552,8.0,100,20,2,8,4,10,0.9,4194304,7680,5632,1500,300,95,8000,-527.7563720783373,908548883
8192,23552,8.0,100,20,2,8,4,10,0.9,4194304,7680,5632,1500,300,95,8000,-0.0,910536774
7680,27648,8.0,1,64,1,8,4,10,0.9,3145728,7680,5632,2000,300,115,8000,-342.33631790948715,912110120
7680,23552,8.0,100,20,2,8,4,10,0.9,4194304,8704,5632,1500,300,95,8000,-270.1613923819488,913778683
2048,23552,8.0,100,20,4,8,4,10,0.9,4194304,3584,6656,1500,500,85,8000,-387.83483310691463,915557961
7680,21504,8.0,100,20,2,8,4,10,0.9,4194304,7680,3584,1500,300,95,8000,-489.5580729259713,917607890
7680,21504,8.0,100,20,2,8,4,10,0.9,4194304,7680,5632,1500,300,95,6000,-414.4793226059715,919591756
3072,17408,8.0,100,20,1,8,4,5,0.9,2016383,7680,3584,1500,200,100,8000,-177.4681109965514,921299479
7680,23552,8.0,100,20,4,8,4,10,0.9,8388608,7680,3584,100,300,95,8000,-379.1530732557098,922997653
6656,21504,8.0,200,24,8,8,10,10,0.9,4194304,4608,4608,2000,200,95,8000,-461.64999241278235,925038643
7168,21504,8.0,100,24,8,8,4,5,0.9,4194304,4608,5632,2000,200,95,8000,-424.65241189753016,927067609
6656,21504,8.0,200,20,2,8,10,10,0.9,4194304,5632,4608,2000,150,95,8000,-223.80144529757007,928863208
6656,21504,8.0,100,24,16,8,10,10,0.9,4194304,2560,4608,2000,200,95,8000,-339.80857025853356,930531039
6656,23552,8.0,100,20,8,8,10,10,0.9,4194304,2560,4608,2000,200,95,8000,-503.3439243819097,932206751
5632,4096,2.0,400,24,2,4,10,10,0.9,6291456,7680,1536,1500,300,75,8000,-519.0199839983275,933727973
5632,4096,2.0,1,24,2,4,10,10,0.9,6291456,7680,1536,1500,300,75,8000,-272.4930990896364,935834957
1792,4096,1.1,400,8,2,4,10,10,0.9,3145728,3584,5632,1500,300,75,8000,-83.3061387119602,938145269
6656,23552,8.0,100,20,8,8,10,10,0.9,4194304,4608,2560,2000,200,95,8000,-190.2663366251304,940652321
1280,23552,8.0,400,20,8,8,4,5,0.9,3145728,3584,4608,1500,200,95,8000,-209.06153766248943,943028666
7168,25600,8.0,100,24,2,4,4,10,0.9,4194304,5632,5632,2000,300,95,8000,-225.18803410410933,944964565
6144,4096,0.1,300,8,1,4,10,10,0.9,6291456,11776,1536,1500,300,95,8000,-307.07995298708283,946755962
6656,23552,8.0,100,16,8,8,10,10,0.9,4194304,2560,3584,2000,250,95,8000,-213.70413867367446,949137485
7680,23552,8.0,200,20,8,8,10,10,0.9,4194304,2560,6656,2000,200,95,8000,-288.3562114116664,950964230
7680,25600,8.0,100,20,2,8,4,10,0.9,4194304,7680,3584,1500,300,95,8000,-249.70549564575649,952770070
6656,25600,8.0,100,24,4,8,10,10,0.9,4194304,2560,4608,2000,200,95,8000,-352.3148379740586,954708198
7680,21504,8.0,100,24,8,8,10,10,0.9,4194304,7680,4608,1500,300,95,8000,-304.42654076650433,956686339
2560,4096,2.0,200,64,1,4,10,10,0.9,6291456,15872,2560,1500,300,75,8000,-286.3183284263144,958537920
4608,4096,2.0,400,24,2,4,10,10,0.9,6291456,7680,1536,1500,300,75,8000,-182.63322588411876,960397341
1792,46080,2.0,1,32,16,8,4,10,0.9,1048576,3584,4608,50,200,85,3000,-291.2479330982482,962280893
5632,5120,2.0,400,24,2,4,10,10,0.9,6291456,7680,1536,1500,300,75,8000,-330.8647841239629,964164074
3584,19456,8.0,200,24,1,8,4,5,0.9,3145728,2560,4608,1500,200,95,6000,-160.39323193326675,966178420
5120,23552,8.0,300,64,8,8,4,10,0.9,3145728,13824,8704,2000,200,125,8000,-250.13652718511946,968187615
7680,21504,8.0,100,20,2,8,4,10,0.9,4194304,7680,3584,1500,250,95,8000,-340.77741577891624,970095345
7680,23552,8.0,100,20,2,8,4,10,0.9,4194304,7680,4608,2000,300,95,8000,-284.98170540313214,972061911
6656,21504,8.0,100,4,4,8,10,10,0.9,4194304,2560,4608,2000,200,100,8000,-288.77160333568503,973891632
7680,23552,8.0,1,20,2,8,4,10,0.9,4194304,7680,5632,1500,300,95,8000,-267.65318906692613,975790029
6656,23552,8.0,100,20,16,8,10,10,0.9,3145728,2560,4608,2000,250,95,8000,-315.19843249274226,977667439
6656,23552,8.0,100,20,1,8,10,10,0.9,4194304,4608,4608,1500,200,95,8000,-320.19307537138315,979818408
6144,17408,8.0,300,20,8,4,10,10,0.9,4194304,2560,9728,1500,200,95,8000,-230.47163108991333,981701817
7680,23552,8.0,100,20,2,8,4,10,0.9,4194304,7680,7680,1500,300,95,8000,-205.32613382762705,983803437
7680,14336,8.0,300,20,4,4,10,10,0.9,4194304,2560,8704,1500,200,95,8000,-257.01152392889156,985794984
2048,21504,8.0,100,20,4,8,4,10,0.9,4194304,11776,14848,2000,500,100,8000,-255.2114595485134,987886649
2560,9216,3.5,100,4,4,4,4,10,0.9,1572864,11776,15872,100,250,95,500,-251.17803781986007,989721099
6656,23552,8.0,100,16,8,8,10,10,0.9,4194304,2560,4608,2000,200,75,8000,-313.00345583147526,991692034
6144,4096,2.0,400,24,2,4,10,10,0.9,6291456,7680,1536,1500,300,75,8000,-287.7206357827555,993873499
6656,23552,8.0,100,24,8,8,10,10,0.9,4194304,1024,4608,2000,200,95,8000,-255.55733873548243,995718997
1792,21504,8.0,100,24,4,8,10,10,0.9,4194304,2560,4608,2000,200,95,8000,-205.25638804850607,997541942
7680,21504,8.0,300,20,2,4,4,5,0.9,4194304,7680,3584,2000,300,95,6000,-227.37605975072444,999444639
5632,4096,1.1,400,16,2,4,10,10,0.9,6291456,7680,1536,1500,300,75,8000,-302.86183530221746,1001469939
7680,23552,8.0,100,20,2,8,4,10,0.9,6291456,7680,5632,1500,300,95,8000,-249.29826361001045,1003356513
7680,21504,8.0,200,20,2,8,4,10,0.9,4194304,8704,3584,1500,300,100,8000,-278.2562473779508,1005174250
7680,23552,8.0,100,20,1,8,4,10,0.9,4194304,7680,5632,1500,300,95,8000,-301.50086419179627,1007069956
2560,15360,0.5,400,32,2,4,4,10,0.9,1048576,7680,3584,1000,500,85,8000,-312.01133469752693,1009009912
6144,21504,8.0,100,20,1,8,4,10,0.9,4194304,7680,3584,1500,300,95,8000,-281.009827596724,1010862594
6656,19456,8.0,200,24,8,8,10,10,0.9,4194304,1536,3584,2000,200,95,8000,-248.3727090721388,1012686322
3072,19456,8.0,200,32,2,8,4,10,0.9,3145728,8704,9728,1500,250,125,8000,-362.81394081302955,1014704474
6656,21504,8.0,200,24,8,8,10,10,0.9,4194304,4608,4608,2000,200,115,8000,-278.1782835659499,1016703837
7680,17408,8.0,300,20,2,8,4,10,0.9,3145728,3584,9728,1500,200,115,8000,-282.54268838604355,1018620296
1024,23552,0.5,400,64,16,4,10,5,0.9,6291456,11776,14848,1000,500,85,8000,-136.08983141733276,1020520877
7680,23552,8.0,100,20,2,8,10,10,0.9,4194304,7680,5632,1500,300,95,8000,-327.8996282842374,1022478227
6656,27648,8.0,100,20,8,8,10,10,0.9,4194304,3584,4608,2000,200,95,8000,-287.53320949278003,1024471081
7680,21504,8.0,200,24,2,8,10,5,0.9,3145728,2560,14848,1500,250,85,8000,-0.0,1026328684
7680,23552,8.0,100,20,2,8,4,10,0.9,3145728,7680,5632,1500,300,95,8000,-283.92845958748535,1027771162
7680,17408,8.0,300,20,1,8,10,10,0.9,3145728,2560,9728,1500,250,115,8000,-373.5593442588562,1029792389
896,23552,7.5,100,8,1,8,4,5,0.9,524288,5632,512,500,500,125,6000,-136.4449272114069,1031742061
6656,17408,8.0,200,24,4,8,4,10,0.9,4194304,2560,4608,2000,200,95,8000,-285.10325177255504,1033589309
6656,21504,8.0,100,24,4,8,10,10,0.9,4194304,2560,4608,100,200,95,8000,-239.3544662606832,1035468210
3584,51200,8.0,100,24,4,8,10,5,0.9,3145728,15872,8192,1500,250,100,8000,-353.2368000453746,1037510741
7680,17408,8.0,300,8,2,8,10,10,0.9,4194304,2560,8192,1500,200,115,8000,-199.12463180611425,1039358072
7680,17408,8.0,100,20,2,4,10,10,0.9,2016383,2560,8192,2000,200,95,8000,-301.6029237163492,1041140549
7680,17408,8.0,300,20,2,4,10,5,0.9,4194304,2560,8192,1500,200,95,8000,-244.93655250786296,1043024549
5632,4096,3,400,24,2,4,10,10,0.9,6291456,7680,1536,1500,300,75,8000,-262.99008894808196,1044960530
6144,21504,8.0,100,20,4,8,10,10,0.9,4194304,2560,4608,2000,200,95,8000,-263.3028127936369,1046923585
6656,23552,8.0,1,20,8,8,10,10,0.9,4194304,2560,4608,2000,200,95,8000,-209.47650412930847,1048775874
2560,35840,8.0,300,20,16,4,10,5,0.9,3145728,3584,13824,2000,200,85,8000,-252.39638141837224,1050805857
7680,23552,8.0,100,8,2,8,4,5,0.9,4194304,7680,5632,1500,300,95,8000,-336.2429527437546,1052854294
5632,4096,2.0,400,24,2,4,10,10,0.9,4194304,7680,512,1500,300,75,8000,-321.07537701834957,1054649009
