x1,x2,cost,time,status,seed
-4.991709914399904,1.0775143679234769,271.40514426155374,0.1,SUCCESS,1
0.0,0.0,55.60211264227026,0.1,SUCCESS,1
7.847246149072758,10.233780248772495,86.94201350520811,0.1,SUCCESS,1
-4.36397253561586,5.440730238991661,106.02238476655955,0.1,SUCCESS,1
9.402010215293888,0.8501510736929984,2.978683198772534,0.1,SUCCESS,1
-2.6642908963260727,3.207445859797785,64.67217525508168,0.1,SUCCESS,1
9.77510878392958,11.06502250317948,69.51727222203274,0.1,SUCCESS,1
5.265971762763671,14.916673723535704,203.1599126057867,0.1,SUCCESS,1
3.7824658651457614,10.409805636237122,75.94599180650387,0.1,SUCCESS,1
7.455603109550417,13.954524994395184,173.48522747027454,0.1,SUCCESS,1
3.553270173958058,9.25245853547404,54.149262431819466,0.1,SUCCESS,1
5.867974545255773,13.052056874015648,161.42153148339628,0.1,SUCCESS,1
1.1702554289011389,12.532450275756991,81.28039642396327,0.1,SUCCESS,1
-0.9994039088370944,2.900815745457687,38.41384205662175,0.1,SUCCESS,1
4.012232816091602,1.852318172933108,3.838083835867225,0.1,SUCCESS,1
-2.2961492773739858,0.312918291827107,104.08280328048144,0.1,SUCCESS,1
5.871909653721525,10.568290493735734,108.28412589143,0.1,SUCCESS,1
6.716052282426599,0.4967231984751178,19.12769551867811,0.1,SUCCESS,1
-1.0628427939740694,0.7000378379509842,65.61371319676324,0.1,SUCCESS,1
7.959980009838528,4.952025485523378,20.786283094809043,0.1,SUCCESS,1
9.6988678774936,11.679734347319505,81.10654011402367,0.1,SUCCESS,1
-0.6097679230353572,9.370939438409364,23.405558992772555,0.1,SUCCESS,1
1.3263694180818604,9.807760585905411,44.716595938633205,0.1,SUCCESS,1
8.202122318346776,1.6629789508374666,6.724919638055127,0.1,SUCCESS,1
8.227563481162242,14.278939977407536,165.97855356211355,0.1,SUCCESS,1
4.303871235710286,10.768224524662214,91.28847740023924,0.1,SUCCESS,1
-0.0854734308297899,5.941240240307861,19.60537253055731,0.1,SUCCESS,1
9.714600381047932,1.159198591685125,3.2667771692259704,0.1,SUCCESS,1
9.335218374016227,14.072921189405204,136.68200243975434,0.1,SUCCESS,1
0.4852317979054694,7.399441481046691,23.078856583678963,0.1,SUCCESS,1
0.6174531152529106,9.847102787276755,40.68287689784974,0.1,SUCCESS,1
5.133351547992071,2.468258817476361,15.446708496150585,0.1,SUCCESS,1
0.8877081063610381,9.384057174189993,38.10461972417842,0.1,SUCCESS,1
5.636345939018689,1.283125646602273,17.684814124635068,0.1,SUCCESS,1
-3.6293562544850975,9.503572519983557,17.313312187096056,0.1,SUCCESS,1
0.2465921343649606,1.7955758297090012,33.90264224903635,0.1,SUCCESS,1
0.5401696321539662,8.72141509360669,30.790859032363105,0.1,SUCCESS,1
-4.503786206076813,13.00170495949507,15.777073840368471,0.1,SUCCESS,1
8.064066027615462,9.14972708179316,65.50439355139098,0.1,SUCCESS,1
-2.8433259077673654,14.807592861698652,11.305886560063083,0.1,SUCCESS,1
6.673773235514032,11.89278877099117,134.67047251115756,0.1,SUCCESS,1
7.070586963838736,5.963094689321537,39.41406043918646,0.1,SUCCESS,1
-3.070195764375332,13.048756919945104,1.3147749474563764,0.1,SUCCESS,1
5.369194843311398,5.181695627793326,31.885932918884624,0.1,SUCCESS,1
7.424061872862095,14.84824495294631,197.4362048522017,0.1,SUCCESS,1
2.211192139007591,7.271028831930795,21.556729990037358,0.1,SUCCESS,1
1.7033383952270107,9.769582907239514,46.010845795207686,0.1,SUCCESS,1
-2.9167168275836306,8.482120617963906,11.260612513138868,0.1,SUCCESS,1
2.383084561330988,6.57126258389914,16.210049265559636,0.1,SUCCESS,1
1.923356677197016,13.669927241978533,111.8115010653057,0.1,SUCCESS,1
-0.1027730988504362,5.422753949071414,20.10227669193952,0.1,SUCCESS,1
-4.597776018570865,5.026598982949298,130.38395102322517,0.1,SUCCESS,1
2.762500819343307,4.650962179762798,5.330475765159428,0.1,SUCCESS,1
-1.367142276928373,10.985907212127907,18.53960633040296,0.1,SUCCESS,1
0.6160600470205404,14.303413889780764,103.11978081709404,0.1,SUCCESS,1
3.1936452853857578,14.82491537366381,158.9229983331834,0.1,SUCCESS,1
-4.143673371411106,11.313466130430893,17.075256306984617,0.1,SUCCESS,1
8.197475972336937,5.0292843250278985,18.291911204767803,0.1,SUCCESS,1
-1.4436302648413033,1.6048459246820377,59.68711194782818,0.1,SUCCESS,1
4.991161957918118,3.769325618815973,18.866305709850817,0.1,SUCCESS,1
5.936147193445873,10.277682613325547,103.1767374082055,0.1,SUCCESS,1
-0.3640223032778893,2.405559249070269,36.53670843997841,0.1,SUCCESS,1
-4.943908807531641,1.6184275987441743,249.5975856906027,0.1,SUCCESS,1
-0.4283162205961224,2.1842916681951983,39.175012577319855,0.1,SUCCESS,1
3.5582412187245804,6.101309544588052,18.266423382748243,0.1,SUCCESS,1
7.1497401384354085,7.655258735593458,57.570443149334,0.1,SUCCESS,1
1.81478248467308,6.947742227890836,19.31256707846591,0.1,SUCCESS,1
-1.24038016793095,2.7409446891964824,42.62122363505279,0.1,SUCCESS,1
9.281205374193895,7.831910676513794,30.476186839317226,0.1,SUCCESS,1
7.5232664417872925,12.809332178739664,144.70640187817727,0.1,SUCCESS,1
6.267281952464584,3.833892794797825,27.07765768946704,0.1,SUCCESS,1
-3.5826609588025637,6.749393361878254,45.01861371217779,0.1,SUCCESS,1
6.044145854302418,12.136408747587868,141.13641949003406,0.1,SUCCESS,1
5.1501501597100745,9.656283492135335,85.07646370426455,0.1,SUCCESS,1
0.7366814230185907,10.705328976217176,50.8415165417676,0.1,SUCCESS,1
2.007304842749349,5.581679771135097,11.029455782413114,0.1,SUCCESS,1
1.8739380233160572,0.3500688950515171,16.874941760681445,0.1,SUCCESS,1
-3.976296655186871,6.035245264387181,73.0379861225415,0.1,SUCCESS,1
9.0044951446961,2.027913683807874,1.246839141673549,0.1,SUCCESS,1
9.94098397041437,14.1900833913242,128.10423757301123,0.1,SUCCESS,1
6.578743281331899,6.245832985615176,45.45282521712474,0.1,SUCCESS,1
9.768373041078233,4.146875690545758,2.827261957087292,0.1,SUCCESS,1
9.670503075690052,5.983754102264118,11.534647994585688,0.1,SUCCESS,1
9.777916070850706,1.2995742071577987,3.2087724685678776,0.1,SUCCESS,1
-3.942576336030281,13.485727305884572,3.9523069659182113,0.1,SUCCESS,1
8.637322881405678,4.86397841662636,12.063632615773464,0.1,SUCCESS,1
9.662577680944985,5.528844232923866,8.767534805825623,0.1,SUCCESS,1
7.593197328333943,7.783860773133488,53.69815395346004,0.1,SUCCESS,1
6.776777063995748,14.951781409705642,209.0228529924761,0.1,SUCCESS,1
-0.9281715005383776,13.961032836494756,56.36340827162981,0.1,SUCCESS,1
-2.7421988994648707,10.92302264170566,1.323962053789181,0.1,SUCCESS,1
-1.936053850868312,7.702159167782772,10.042441898220387,0.1,SUCCESS,1
8.785214628323684,5.550424259971774,14.984009179577123,0.1,SUCCESS,1
4.238011399618829,0.9743460058840776,5.974979854811325,0.1,SUCCESS,1
3.4816979664553718,5.3812519727580606,12.214283412689127,0.1,SUCCESS,1
-1.1958477998720425,8.78290530601002,13.999435446690562,0.1,SUCCESS,1
3.8930047394765417,13.064805766640022,130.7381625580567,0.1,SUCCESS,1
8.829217046308402,2.0899699522353297,2.0561596977689423,0.1,SUCCESS,1
6.552366405895024,8.84459799546583,78.95774764017557,0.1,SUCCESS,1
9.638110005833685,4.97646057069703,5.977706611133673,0.1,SUCCESS,1
-4.330292465505413,4.721597934416981,118.62437639824977,0.1,SUCCESS,1
-4.666906539154511,12.288918637891967,25.184371571674504,0.1,SUCCESS,1
-4.7415391701106575,13.002757138532052,22.16848492609688,0.1,SUCCESS,1
-4.784094330745617,13.371640069542044,20.922817193579725,0.1,SUCCESS,1
0.5738297981442964,12.968239415534896,79.5137308535928,0.1,SUCCESS,1
-4.877335665431263,10.6521875988699,49.81142636463782,0.1,SUCCESS,1
7.706996971473886,3.308992095697228,15.023064638476928,0.1,SUCCESS,1
-4.890327692725373,14.593095024646964,16.89611685832751,0.1,SUCCESS,1
10.0,1.5731592863184636,3.9874610359911866,0.1,SUCCESS,1
-4.885171695435448,13.47516476592128,23.09419377517,0.1,SUCCESS,1
-4.889705297891667,13.22048409613294,25.019299876630733,0.1,SUCCESS,1
8.966596600936033,1.627754766151572,1.6262908274709815,0.1,SUCCESS,1
-4.910426410769171,14.497830926774462,17.8052044873001,0.1,SUCCESS,1
9.865386343227366,1.605279125475077,2.9188902710668145,0.1,SUCCESS,1
10.0,1.6174816706622086,3.862681457142101,0.1,SUCCESS,1
-4.922351170514092,14.50663311499076,18.04116425882916,0.1,SUCCESS,1
9.963675398806847,1.6225425659352932,3.566548789248932,0.1,SUCCESS,1
3.8258299641411018,1.619745135579738,2.592480433135405,0.1,SUCCESS,1
-4.935229656080296,14.678610733625185,17.516233894076734,0.1,SUCCESS,1
-4.936692177620746,14.594789230112651,17.94650651624693,0.1,SUCCESS,1
-4.938640257041748,14.796577365594215,17.05732459222008,0.1,SUCCESS,1
9.012029481632874,1.8326392474284192,1.3042422612591924,0.1,SUCCESS,1
-2.2104187294188686,14.812954665235496,26.01936624854315,0.1,SUCCESS,1
3.869667211635587,1.6192982787361685,2.856891950545819,0.1,SUCCESS,1
8.896695208689145,1.6183811510096104,1.9059218802217293,0.1,SUCCESS,1
-2.809257743379365,13.130765408265477,3.613468097012304,0.1,SUCCESS,1
-4.939911600552524,13.117323852233636,27.35440756587556,0.1,SUCCESS,1
5.138173530734813,1.8472852462371607,14.343456273678225,0.1,SUCCESS,1
3.7905138432190704,1.6191547947422245,2.391337538570248,0.1,SUCCESS,1
-4.941055989430033,13.575189724369457,24.0285104241572,0.1,SUCCESS,1
8.3247008670694,2.0878988922879325,5.793020532631448,0.1,SUCCESS,1
9.336676599935636,1.750694231482058,0.8589203723082353,0.1,SUCCESS,1
9.30930198772257,1.7617340392806051,0.8432446275032621,0.1,SUCCESS,1
9.325630665695456,2.085860437440921,0.53915588382843,0.1,SUCCESS,1
8.280686296182258,1.5827400266636038,6.035214707461439,0.1,SUCCESS,1
9.332037655786015,1.8326392474284192,0.7586506529807391,0.1,SUCCESS,1
8.744657435038592,14.07779802953536,149.34972707921764,0.1,SUCCESS,1
9.127593538408464,1.6187651467528246,1.1994414586710764,0.1,SUCCESS,1
8.734587375133932,1.959481346744473,2.595600250173589,0.1,SUCCESS,1
5.691233346966151,6.306883737701094,44.80549822393469,0.1,SUCCESS,1
9.335608451585768,1.9198947844834655,0.6673164505644351,0.1,SUCCESS,1
5.215922685612496,1.5823581417029813,14.76954230967042,0.1,SUCCESS,1
5.29289471893553,1.6343131142020506,15.459098951687135,0.1,SUCCESS,1
7.296685911623811,1.115121899841324,15.10094113012048,0.1,SUCCESS,1
5.242517232993414,1.698604169221683,15.097141561153972,0.1,SUCCESS,1
9.334253637106643,1.9919043455177288,0.6035003256840934,0.1,SUCCESS,1
-3.5331398674822587,14.816794815436785,3.624163761267353,0.1,SUCCESS,1
9.164358771382943,0.0671212763269195,5.548330298007023,0.1,SUCCESS,1
-2.956944966876688,13.055970288375734,2.050290733280388,0.1,SUCCESS,1
9.914305398165952,1.750694231482058,2.890273678204525,0.1,SUCCESS,1
8.744769666344526,1.8991239571819216,2.537554611672733,0.1,SUCCESS,1
-4.941941529641408,14.730865588346337,17.426803706671752,0.1,SUCCESS,1
-3.208540245095702,14.81978444543689,6.099584790705752,0.1,SUCCESS,1
-4.9427557893916285,14.619546456278682,17.967764930757046,0.1,SUCCESS,1
-4.624231462296314,12.242666010085175,24.20469919513593,0.1,SUCCESS,1
-2.8124510480140748,14.822192092587615,11.963653867140664,0.1,SUCCESS,1
7.350547868909063,2.0440629045611383,15.214441571496623,0.1,SUCCESS,1
-2.8489164161954443,14.822990253155272,11.30573065854265,0.1,SUCCESS,1
9.05868792757298,4.750780439739281,7.6250632126416065,0.1,SUCCESS,1
3.129021620898284,1.5987643616887002,0.8693239599767502,0.1,SUCCESS,1
3.3863032366100807,1.6186599445165497,0.9079109900962496,0.1,SUCCESS,1
5.263776540440469,1.635159298532011,15.218056572264429,0.1,SUCCESS,1
-3.4321404019876107,7.610755355969427,29.67383184923913,0.1,SUCCESS,1
-2.967541329093431,13.052985341750317,1.964682819351193,0.1,SUCCESS,1
-3.060886293617137,13.07110659040673,1.4077020522199089,0.1,SUCCESS,1
-4.943397275894225,13.05298918951008,27.971912241152666,0.1,SUCCESS,1
-4.943670928984613,14.706926242861057,17.576141963850688,0.1,SUCCESS,1
-3.2067552963106447,13.61500235771957,1.8174059810735008,0.1,SUCCESS,1
5.266842991139814,2.0666455352142763,15.80449851622622,0.1,SUCCESS,1
8.233094867594419,1.9323497958821825,6.524187576539977,0.1,SUCCESS,1
8.22107160266079,1.6186599445165497,6.554587320480493,0.1,SUCCESS,1
-2.7362622584661667,13.642318532839043,6.559256256601534,0.1,SUCCESS,1
9.932483780407598,4.676691995402355,4.637136683460855,0.1,SUCCESS,1
8.95209523642774,1.6184249372515558,1.6876549948856905,0.1,SUCCESS,1
-2.950179936282411,14.823647036219771,9.596818396454546,0.1,SUCCESS,1
9.335442546935814,1.921999889418813,0.6653077869419946,0.1,SUCCESS,1
-4.984578561569314,14.459882355604757,19.78015727551893,0.1,SUCCESS,1
-4.995001509272948,14.818952398877428,18.21900483828221,0.1,SUCCESS,1
-4.943878436675869,14.452806372196989,18.82403709219546,0.1,SUCCESS,1
-4.970294469442382,14.796757559932535,17.762393230506525,0.1,SUCCESS,1
2.5519701785456563,12.112178299235174,89.11371207634885,0.1,SUCCESS,1
-4.978213739499743,13.198928681702029,27.933441824157512,0.1,SUCCESS,1
-4.986360116297494,13.643615417903812,24.879009883908022,0.1,SUCCESS,1
-4.970975051896014,10.926544536185352,50.61361100913575,0.1,SUCCESS,1
6.793106976846419,1.1189020187727274,18.38151425852526,0.1,SUCCESS,1
-4.981147549616583,13.059704634853116,29.141810782800817,0.1,SUCCESS,1
-4.950803283623967,14.659353166191464,17.962874115913323,0.1,SUCCESS,1
6.213773677474043,13.96870776244078,185.22347868710733,0.1,SUCCESS,1
3.1141995085553464,1.617760771445966,0.8621220530432385,0.1,SUCCESS,1
-4.944044070568033,14.706838158789004,17.585002886425208,0.1,SUCCESS,1
-2.3241016170775457,14.183036700670035,17.767941212077613,0.1,SUCCESS,1
-4.948132956950224,14.259330445359028,19.964593179309496,0.1,SUCCESS,1
3.18082468032091,1.5987643616887002,0.8223839984433212,0.1,SUCCESS,1
3.2708679733652133,1.6187317051254058,0.7889411325688229,0.1,SUCCESS,1
-4.949394064894455,13.636471276839734,23.85058950351179,0.1,SUCCESS,1
8.740211180505101,1.7165520478316656,2.6196521731338933,0.1,SUCCESS,1
-4.9438210301098175,13.49680887668148,24.656099740487853,0.1,SUCCESS,1
-3.0913696017914947,13.058948194837017,1.2277901205010338,0.1,SUCCESS,1
-4.987145374303059,12.97935819406364,30.002064250487653,0.1,SUCCESS,1
7.593378670063831,1.6181868221607223,12.53899495284138,0.1,SUCCESS,1
9.334478821012445,1.504465490809061,1.2387827915995224,0.1,SUCCESS,1
8.742881282247579,4.150777098647073,7.345179284437576,0.1,SUCCESS,1
8.224128146344375,1.824064745877455,6.557255559686704,0.1,SUCCESS,1
-3.0629722028276207,14.823812738431416,7.918487394860453,0.1,SUCCESS,1
8.23033996905139,2.839028863347555,7.8804567964167616,0.1,SUCCESS,1
8.2284619810623,3.582528512266713,10.219354581992768,0.1,SUCCESS,1
-2.829587158499,13.065805887448876,3.196427961601628,0.1,SUCCESS,1
-4.911436582410586,12.31672236471646,33.20879198282154,0.1,SUCCESS,1
-4.954970242773491,12.092689324673062,36.9586728428247,0.1,SUCCESS,1
8.225813036597652,1.617760771445966,6.5123364759085,0.1,SUCCESS,1
-3.366479519457302,4.0911001379024095,76.86812001551847,0.1,SUCCESS,1
2.080654265613779,1.6141081486700168,7.982578633383062,0.1,SUCCESS,1
-3.039087265863333,13.052418237836855,1.493603348255073,0.1,SUCCESS,1
-2.961233791353651,14.824160087412784,9.424526191968564,0.1,SUCCESS,1
-2.998427215222736,1.9629909404382848,99.90890834341904,0.1,SUCCESS,1
-0.8702392990159833,2.902628611542964,37.16848238663557,0.1,SUCCESS,1
-2.606637465846014,14.824268501751725,16.163613888377213,0.1,SUCCESS,1
-3.098837618175729,13.656177012601006,2.6080026674539534,0.1,SUCCESS,1
-3.04616126251242,13.70523465897043,3.191877503222906,0.1,SUCCESS,1
-3.1467577348514126,13.807247452481745,2.707901946153033,0.1,SUCCESS,1
6.223422350204155,1.617760771445966,19.854540633130828,0.1,SUCCESS,1
-3.076135940140297,13.896424944510184,3.580373261111374,0.1,SUCCESS,1
7.49781975153663,1.9818618747346457,13.773957918718205,0.1,SUCCESS,1
-3.153350734138967,13.94876676874731,3.106193132394651,0.1,SUCCESS,1
8.744296507219392,1.575323122120195,2.68517399831177,0.1,SUCCESS,1
-3.0657906899938143,13.956944419758742,3.89761748731118,0.1,SUCCESS,1
4.787090795305536,9.84121813348381,82.9613034974262,0.1,SUCCESS,1
5.265400780308712,1.5617756146794235,15.173387377985676,0.1,SUCCESS,1
3.161351955813444,1.6181891810853286,0.8112221624017852,0.1,SUCCESS,1
7.952464502971681,7.270918372382459,42.20828134652853,0.1,SUCCESS,1
-3.025137554936946,14.824652110571796,8.45920589908619,0.1,SUCCESS,1
4.710272439623596,1.6186366445229905,10.041724797238754,0.1,SUCCESS,1
9.32196130509446,3.8667680000580646,2.6305100744966268,0.1,SUCCESS,1
8.744701732180932,2.6363991380801832,2.990162416014232,0.1,SUCCESS,1
5.8130361684926495,0.1884654064318884,19.41614536570137,0.1,SUCCESS,1
7.408764498483739,1.8602763685478545,14.449661668281664,0.1,SUCCESS,1
9.33516413101582,2.9608111886940764,0.7504259533449655,0.1,SUCCESS,1
3.2482594432716247,1.6182840703813264,0.7830868511606557,0.1,SUCCESS,1
5.266296972954244,2.709198787238171,17.324865647217496,0.1,SUCCESS,1
-3.033308511218391,13.952660632874842,4.203689139904151,0.1,SUCCESS,1
-3.1957561935983296,1.241542519679758,125.04696372195706,0.1,SUCCESS,1
3.212451091755323,2.3052030397397987,0.4291764029024243,0.1,SUCCESS,1
7.426638624149954,1.7257808266083403,14.156436772933915,0.1,SUCCESS,1
8.227756080142399,3.987016405136736,11.953784877333892,0.1,SUCCESS,1
-3.1698440883741203,13.073820653521636,0.9358206752453828,0.1,SUCCESS,1
-3.191515930268004,13.05958465327264,0.8511253804576242,0.1,SUCCESS,1
-2.9516863081282656,13.954561752728724,5.112925822690795,0.1,SUCCESS,1
-3.169772570418729,13.953999735689694,2.997581500276274,0.1,SUCCESS,1
9.01152949455526,1.224386016329124,2.0601276388702665,0.1,SUCCESS,1
-3.216031916627878,14.12598044299789,3.217953768574737,0.1,SUCCESS,1
-3.0741648688675065,13.060970152305806,1.3173268210855138,0.1,SUCCESS,1
-4.253465317050623,9.544421743329904,36.68649996158105,0.1,SUCCESS,1
-4.040470575463718,1.6789830523814215,169.41820540571703,0.1,SUCCESS,1
-3.186978500942654,14.050749262890026,3.1846978296749064,0.1,SUCCESS,1
-1.0588819106198883,13.051953078377668,41.97122760122772,0.1,SUCCESS,1
-3.576694778407931,14.016026971841995,1.7426731060330614,0.1,SUCCESS,1
-3.238286397565893,14.297420233950536,3.642668392832996,0.1,SUCCESS,1
8.227628378304912,4.26069851845648,13.309170133140798,0.1,SUCCESS,1
3.3700235894672854,1.6557293094117218,0.8479077619067077,0.1,SUCCESS,1
3.2151545390561638,6.493670138768285,18.70237933091893,0.1,SUCCESS,1
8.227451952241559,1.0689340790043604,6.834583755867758,0.1,SUCCESS,1
7.410160466980923,1.8372950743624945,14.411828774402805,0.1,SUCCESS,1
3.1904148007491013,1.678151217905007,0.7219019161412294,0.1,SUCCESS,1
-3.130446935439695,13.052067211610588,1.0446376872044425,0.1,SUCCESS,1
-3.0270319829361725,13.024614910222123,1.5078406047926531,0.1,SUCCESS,1
6.210629814329227,1.6850296747388989,19.92101845456211,0.1,SUCCESS,1
-3.948424904230453,13.128840004229463,4.724547541194086,0.1,SUCCESS,1
4.807238371364043,11.9888236546441,124.42534060268292,0.1,SUCCESS,1
6.725094135160042,1.6573476143798016,18.948084171153283,0.1,SUCCESS,1
-3.512381069355916,13.99000766570284,1.7003115485103883,0.1,SUCCESS,1
9.33526436546272,2.634582920422543,0.4911124956248756,0.1,SUCCESS,1
-3.354526341606922,13.954331291650712,1.9643970944021536,0.1,SUCCESS,1
-4.049728280653376,13.093004167126717,6.256471119686788,0.1,SUCCESS,1
-3.701633469350631,13.95450025314116,1.9506590809049251,0.1,SUCCESS,1
-4.947395257401929,12.353243029387292,34.164403906207475,0.1,SUCCESS,1
-3.9540703470374474,13.030337122100024,5.041464627563902,0.1,SUCCESS,1
8.523800118440004,1.6184794920820371,4.079148213485674,0.1,SUCCESS,1
-4.033346851475853,13.03845494888144,6.166848493734116,0.1,SUCCESS,1
-3.5072423409272524,14.40377779610861,2.5523693545127983,0.1,SUCCESS,1
-4.938723898014894,12.99131203007518,28.313977325129205,0.1,SUCCESS,1
-3.195560002019029,13.81974331065251,2.4131598060327786,0.1,SUCCESS,1
2.9884491498612835,1.6183996990385718,1.117201469967304,0.1,SUCCESS,1
3.4412514145975166,4.816142003097485,8.461242912549318,0.1,SUCCESS,1
8.681635859204826,4.699552319030853,10.65828176281613,0.1,SUCCESS,1
-4.060040806885455,13.024067218209211,6.6269794159467885,0.1,SUCCESS,1
9.159662847853888,1.6833591300636923,1.0663961186298394,0.1,SUCCESS,1
-3.762592610731249,13.678906780755888,2.2097636793821858,0.1,SUCCESS,1
3.1956270408449825,1.603470373119922,0.8085088856393057,0.1,SUCCESS,1
-2.946085455893173,13.063144839749388,2.15096815502206,0.1,SUCCESS,1
-3.286403374864725,13.064741696989016,0.6911270307786399,0.1,SUCCESS,1
-4.013672535936857,13.933900154193616,4.109982026865488,0.1,SUCCESS,1
0.5148964552328472,2.8028161508181864,24.174640603309143,0.1,SUCCESS,1
6.216060041593824,1.2295875945497965,19.597686428971024,0.1,SUCCESS,1
3.3155326265408327,1.6824145093181997,0.7551563869202287,0.1,SUCCESS,1
-4.042404694389682,14.03046259805934,4.3017764207487454,0.1,SUCCESS,1
3.3155904465647303,1.3334017821093718,1.1986752902711864,0.1,SUCCESS,1
3.2329134207758443,1.2908644010002104,1.273285801768175,0.1,SUCCESS,1
-3.5216457101274488,13.97498611177442,1.6728215265040731,0.1,SUCCESS,1
-3.771240008353132,13.971301033537014,2.2566297986358634,0.1,SUCCESS,1
-3.1969559965503103,13.662073733000671,1.9841784394279005,0.1,SUCCESS,1
-4.041069990204019,14.002304649193118,4.317684614770409,0.1,SUCCESS,1
3.4371282736123323,1.678647473576636,0.9564239521453716,0.1,SUCCESS,1
2.7557817094334576,1.6184296215164693,2.057603754481544,0.1,SUCCESS,1
9.334101569110642,1.2497481641186954,1.7594367173298693,0.1,SUCCESS,1
2.826214468370313,1.6790913488806296,1.6019981765334013,0.1,SUCCESS,1
-4.038848130079331,14.08097483208457,4.21704187968962,0.1,SUCCESS,1
-4.038969160958009,14.556500034211671,4.011953879535306,0.1,SUCCESS,1
-4.0409251827812565,13.21817270020592,5.775544042430873,0.1,SUCCESS,1
-3.2169313755302427,13.96603586974615,2.7029472547018045,0.1,SUCCESS,1
1.665963775142373,1.664092963832672,13.26136437244594,0.1,SUCCESS,1
3.151070629696571,1.0688793536764167,1.835298062814372,0.1,SUCCESS,1
3.285909559967376,1.2638062695238663,1.310116471605557,0.1,SUCCESS,1
3.313280902900731,1.2288298802443212,1.3782725849273447,0.1,SUCCESS,1
8.74456071616673,0.8959451746422895,3.66930304719638,0.1,SUCCESS,1
-2.1608679038639265,3.623544207199393,45.85807299878103,0.1,SUCCESS,1
2.943102649190912,1.2334565260033448,2.0298482704155063,0.1,SUCCESS,1
-3.1142280470600747,14.063975429172844,3.841180701027605,0.1,SUCCESS,1
1.4343738415860976,1.6758157387491766,16.628573126464307,0.1,SUCCESS,1
-3.249187093164689,13.0392910072577,0.7076515758989945,0.1,SUCCESS,1
-4.039551022121163,13.965568427864936,4.342620573347631,0.1,SUCCESS,1
-4.040087694663498,14.393750268104425,4.040896309292773,0.1,SUCCESS,1
8.201235522092956,5.851327177484846,24.49858779551281,0.1,SUCCESS,1
-3.019697002468227,14.357736736041122,6.103880425407155,0.1,SUCCESS,1
-3.505620221900668,14.329395401568124,2.3783552740657,0.1,SUCCESS,1
6.777260251641573,2.442492475759598,20.131396166294863,0.1,SUCCESS,1
-4.869084959218448,14.647373161084248,16.184480028112247,0.1,SUCCESS,1
-3.718185369479944,14.311574162281456,2.3198934111166736,0.1,SUCCESS,1
-4.0404024320630745,14.644395777071956,4.033303232951929,0.1,SUCCESS,1
-2.896488298108072,14.29817060861486,7.468056930669676,0.1,SUCCESS,1
-3.331532837442923,14.066570122433246,2.340640785311213,0.1,SUCCESS,1
-3.621075543935948,14.307364455020666,2.203781864765025,0.1,SUCCESS,1
-3.56660989019933,14.285928570436935,2.1856647853313227,0.1,SUCCESS,1
1.1278555910583004,1.6541719323535915,21.487327304014197,0.1,SUCCESS,1
-4.040527952875531,13.473380530923055,5.160367846308738,0.1,SUCCESS,1
1.3875636598645054,1.6585417091950825,17.422588632109203,0.1,SUCCESS,1
1.1573459854318315,1.6192386898187048,21.211843623172683,0.1,SUCCESS,1
-4.944217140977248,12.506020363337464,32.6446684880506,0.1,SUCCESS,1
-4.810259617797575,8.770736054318867,72.94094882774557,0.1,SUCCESS,1
4.40261723542528,1.6796389254697894,7.106234963969765,0.1,SUCCESS,1
-3.286403374864725,13.064926241827502,0.6912891017783469,0.1,SUCCESS,1
3.353979070176271,1.2436664632432683,1.3732038040479395,0.1,SUCCESS,1
9.834773012358724,4.784570270848833,4.965107278320645,0.1,SUCCESS,1
-4.043331450660189,13.035095225495844,6.33059374743214,0.1,SUCCESS,1
10.0,5.026033004642609,6.035978780833098,0.1,SUCCESS,1
-3.776109314704676,14.212176017279324,2.396652753925109,0.1,SUCCESS,1
-3.5836713826324367,14.072234966990322,1.8244783234693056,0.1,SUCCESS,1
1.3693138272297238,1.6174841281407415,17.901618831505232,0.1,SUCCESS,1
-3.249187093164689,13.674258583349944,1.7511624468122946,0.1,SUCCESS,1
7.508718025157709,3.540881495081145,18.124365971989924,0.1,SUCCESS,1
-3.775871777506124,14.280983599019232,2.4501375714455147,0.1,SUCCESS,1
-3.764122237298749,14.214431310172946,2.353853686679228,0.1,SUCCESS,1
-4.440367983439623,14.824776174909028,8.043274025424296,0.1,SUCCESS,1
3.533647809273308,1.2403022096374134,1.6871516092606085,0.1,SUCCESS,1
6.211874230370679,0.6306453294170054,19.79649062472943,0.1,SUCCESS,1
3.913112347292017,1.6741994002651392,3.122486070349285,0.1,SUCCESS,1
2.7704402826513004,1.0920767991636646,3.2722882941463967,0.1,SUCCESS,1
-3.413690332497441,13.968256534073056,1.811595119028452,0.1,SUCCESS,1
7.388949343858149,5.686958740102927,33.61160976774125,0.1,SUCCESS,1
-4.254227392517058,13.06705112082776,9.921938667703447,0.1,SUCCESS,1
-3.6347382957879377,14.82644719719654,3.3239110446284243,0.1,SUCCESS,1
-3.78101785127445,14.82823179987506,3.223649215715133,0.1,SUCCESS,1
-1.6091864323975194,4.00993753139637,33.50136326658762,0.1,SUCCESS,1
-3.9267599720255824,14.829509040481405,3.5543674792876425,0.1,SUCCESS,1
-2.7384603399975385,14.840777622402644,13.5130562723087,0.1,SUCCESS,1
-3.971110947519543,14.847281843895487,3.756315965253034,0.1,SUCCESS,1
-2.3843719021179006,14.833877423898386,21.55116370858596,0.1,SUCCESS,1
5.996172733360952,2.3052030397397987,20.658214227565097,0.1,SUCCESS,1
6.21352504085626,0.0454174611850216,20.68761695775536,0.1,SUCCESS,1
7.188366841385179,12.0105207952467,132.04887817198363,0.1,SUCCESS,1
0.4916258037458565,14.844088918078008,110.53491973352618,0.1,SUCCESS,1
-3.679995812298527,14.96447920495251,3.600800839410092,0.1,SUCCESS,1
-3.545279746035966,14.847846940824123,3.671293681707344,0.1,SUCCESS,1
-3.801567544839579,14.886614514594406,3.353738638597293,0.1,SUCCESS,1
-3.488994789862601,14.96003294605986,4.337092772664556,0.1,SUCCESS,1
-3.730392681768924,14.883348301703554,3.333940339461094,0.1,SUCCESS,1
-3.357733278491833,14.906895186659758,5.058320652307939,0.1,SUCCESS,1
-3.7766330623088393,14.913700425246404,3.3943933182396027,0.1,SUCCESS,1
-3.9033933515964616,14.920605109580936,3.5993359340131548,0.1,SUCCESS,1
-2.4592176219379267,14.882017461871111,20.077107204172805,0.1,SUCCESS,1
-1.1956000353426828,14.900429788240295,59.9344758282275,0.1,SUCCESS,1
5.8760701458848015,0.454979247179887,19.24432979987573,0.1,SUCCESS,1
-3.8874175531700255,14.951970167099118,3.6074808127123994,0.1,SUCCESS,1
-2.6292169445376383,14.864381610023862,15.97103934111977,0.1,SUCCESS,1
-2.42104737145875,10.692483190692158,2.7912633199146955,0.1,SUCCESS,1
-3.1666293094853213,14.943590731357135,7.204337718238602,0.1,SUCCESS,1
-2.6539622409548764,0.0487617079879043,124.39568867524925,0.1,SUCCESS,1
8.744626347420327,3.3831622265507764,4.5570084065923,0.1,SUCCESS,1
-2.473151921014168,14.976455311921152,20.528204380331275,0.1,SUCCESS,1
-3.0125532839364,13.042023094499887,1.633311427262985,0.1,SUCCESS,1
3.1765837789183013,5.338520082562877,9.955882884990718,0.1,SUCCESS,1
-3.249591355603232,12.834609821958416,0.5429669821064635,0.1,SUCCESS,1
3.1907393822697863,5.550888971492314,11.391444327081446,0.1,SUCCESS,1
9.560585374255185,4.722985175164345,5.027657880816595,0.1,SUCCESS,1
-2.4318127564683643,14.944457980786888,21.29411894477976,0.1,SUCCESS,1
0.4395680969358349,7.924681170594533,25.445728786595588,0.1,SUCCESS,1
3.198559947432299,6.158103906620656,15.835665763925256,0.1,SUCCESS,1
-3.294782706060728,12.676969863102332,0.5112822783241278,0.1,SUCCESS,1
-3.823945781735272,14.8261565077272,3.2723426471109613,0.1,SUCCESS,1
-3.195798585378788,13.59130744309528,1.817775702886184,0.1,SUCCESS,1
-3.8180057260690825,14.948940371470636,3.490668386157433,0.1,SUCCESS,1
-4.381407338261228,7.826822576705093,65.04040367195353,0.1,SUCCESS,1
9.335252225688969,4.578408994152112,5.17954827482705,0.1,SUCCESS,1
-3.806705070173995,14.8570363637892,3.3029378760402883,0.1,SUCCESS,1
-3.670608075157235,14.915716827042596,3.487910285584696,0.1,SUCCESS,1
-3.934615560113104,14.825797690620318,3.580040812921035,0.1,SUCCESS,1
-3.42056976230825,5.718091348531516,53.14925601710162,0.1,SUCCESS,1
-2.6823297006236926,14.014396191868912,9.321971561964766,0.1,SUCCESS,1
-3.2944020949651995,12.853264602181715,0.553045827446887,0.1,SUCCESS,1
-3.5238663983200293,14.84594456719342,3.7588796525438255,0.1,SUCCESS,1
-3.288356684490415,12.77798044796664,0.5228680094076115,0.1,SUCCESS,1
-3.51366334334162,14.272662702608272,2.233432621493373,0.1,SUCCESS,1
-3.521272081543996,14.27622447832324,2.2269181181800555,0.1,SUCCESS,1
-3.251356720350596,12.805903849718788,0.526194236186841,0.1,SUCCESS,1
-2.49393973992067,14.953791644412956,19.823640376411483,0.1,SUCCESS,1
8.7645727487551,11.499857747224754,93.14975573433873,0.1,SUCCESS,1
-3.3791083473139043,14.073335908481605,2.156449942157248,0.1,SUCCESS,1
5.265924273463073,2.21324376272435,16.07183580560175,0.1,SUCCESS,1
-2.322597081604876,14.949448405107,24.199687601481248,0.1,SUCCESS,1
8.74532726461465,5.300831713448184,13.681430724006892,0.1,SUCCESS,1
7.396358473764153,3.844096904249169,20.73765746575093,0.1,SUCCESS,1
-2.9817042969311216,12.837326242232376,1.4101270932677767,0.1,SUCCESS,1
-3.1216421395939538,12.809463449573077,0.7389389457224667,0.1,SUCCESS,1
3.348037379922694,5.03501254985324,9.101947018271064,0.1,SUCCESS,1
-3.787058726568743,14.91715436361131,3.4052695656866927,0.1,SUCCESS,1
-2.993206704330942,12.70553651179262,1.1185300985243192,0.1,SUCCESS,1
3.358294156789311,5.0264961199016,9.116342759404787,0.1,SUCCESS,1
-4.04045061156055,15.0,4.234663666144252,0.1,SUCCESS,1
-3.2919735721961523,14.845302479293128,5.372602277094873,0.1,SUCCESS,1
-3.313906363043906,14.85031931529099,5.194343817277304,0.1,SUCCESS,1
-3.880285918759648,14.848269051637404,3.4299729825581684,0.1,SUCCESS,1
-3.2560621594051584,12.13731567292458,0.6325175146565307,0.1,SUCCESS,1
2.6562310501026047,1.6514847329392548,2.572848044562233,0.1,SUCCESS,1
-2.67750676482767,12.67711197547605,3.632395562365216,0.1,SUCCESS,1
8.719393080378145,5.151985077168292,12.97874542972857,0.1,SUCCESS,1
-2.579752285401529,14.95163735352908,17.762918286530418,0.1,SUCCESS,1
3.1915726939363225,1.5328529584045263,0.9047794074860088,0.1,SUCCESS,1
-3.0250656664966056,12.129954772964217,0.4807586266035617,0.1,SUCCESS,1
-2.998637284116322,12.987986679350524,1.606546691519327,0.1,SUCCESS,1
-3.4479184959704714,14.951790766883624,4.563975290751047,0.1,SUCCESS,1
9.827718421377575,5.401875057306548,7.751317979429775,0.1,SUCCESS,1
1.4779033595029505,5.028508021463355,12.09738802482735,0.1,SUCCESS,1
9.941507657890474,2.4232226640175663,1.924177748273156,0.1,SUCCESS,1
10.0,5.026844394140898,6.039262445075495,0.1,SUCCESS,1
-2.636881789084008,14.920392757222269,16.229020017543384,0.1,SUCCESS,1
-4.518489933670369,14.847785487655916,9.11244493062671,0.1,SUCCESS,1
-2.998464723565766,13.736349450470648,3.745704734839802,0.1,SUCCESS,1
-3.0674711262902616,14.07770958369471,4.345173588972367,0.1,SUCCESS,1
6.418875708694266,4.871612096775928,33.688432181382964,0.1,SUCCESS,1
5.266043941120177,1.8973620867707448,15.533325421277976,0.1,SUCCESS,1
3.3522916670110927,5.027167512625433,9.082692703865144,0.1,SUCCESS,1
2.969197560687446,10.74494983691427,69.95688973169328,0.1,SUCCESS,1
-3.0802271159223924,12.102259974548389,0.4166242463917129,0.1,SUCCESS,1
-3.576013446716272,14.916656614015915,3.764934766394727,0.1,SUCCESS,1
-2.506541679029473,14.910339000943647,19.15723306416993,0.1,SUCCESS,1
-2.6325831158244988,15.0,16.940840159446587,0.1,SUCCESS,1
-0.8941604785652411,3.5127798619394617,32.121628327233424,0.1,SUCCESS,1
-4.004200885278323,14.072906963174164,3.8920663971142506,0.1,SUCCESS,1
-3.323368641672323,13.67244173150269,1.4706415290529264,0.1,SUCCESS,1
5.224708169030521,12.629612011961704,145.09068358060134,0.1,SUCCESS,1
-2.9980149839025545,12.129954772964217,0.5356334100022746,0.1,SUCCESS,1
-3.258881289656236,12.601041976641245,0.4656550982840333,0.1,SUCCESS,1
-1.4544379742107258,3.276830243928364,39.324199178498375,0.1,SUCCESS,1
-2.525644133187307,13.977749760789935,11.98452649905128,0.1,SUCCESS,1
-3.3542365634345988,12.63739657591806,0.638025791922253,0.1,SUCCESS,1
9.946180449112502,0.2669340010868214,8.872292284438508,0.1,SUCCESS,1
-2.17585622147743,5.760012506307268,23.15376639992242,0.1,SUCCESS,1
-2.9696307108353417,12.62073700142291,1.1098102962811645,0.1,SUCCESS,1
-3.442996849720335,12.633965736856554,0.9729618716605284,0.1,SUCCESS,1
-2.04238467879559,14.849319078461296,31.24023969411659,0.1,SUCCESS,1
-3.2821394038161085,12.622838300369423,0.4926250152691871,0.1,SUCCESS,1
8.744680032510402,4.82135837574108,10.715470863429712,0.1,SUCCESS,1
-3.0781472008306694,12.632662282374817,0.6769160747277692,0.1,SUCCESS,1
3.193328498228391,1.5451432212857237,0.8866361202398121,0.1,SUCCESS,1
-3.141334397571756,12.624633317640862,0.5205655145248755,0.1,SUCCESS,1
6.762734259508537,2.684994174528564,20.890690355970094,0.1,SUCCESS,1
1.3172192854393323,5.026732215759432,13.217080340289897,0.1,SUCCESS,1
-3.294782706060728,13.6696486734212,1.5578144380433336,0.1,SUCCESS,1
3.9047277355829753,2.304178045945976,3.362307216130125,0.1,SUCCESS,1
9.335393546696023,0.0287487948633334,6.0620619261993705,0.1,SUCCESS,1
-4.943940356988071,15.0,16.30874509490679,0.1,SUCCESS,1
-3.278161720725361,12.627233089854602,0.4877605261665554,0.1,SUCCESS,1
-3.1749005447265173,12.136187726497305,0.4511752996289395,0.1,SUCCESS,1
8.428491413328757,13.67274904414666,146.62796835112312,0.1,SUCCESS,1
-3.3007522352280088,12.136932898252567,0.7936565540213589,0.1,SUCCESS,1
8.46684761365307,2.0283462133455714,4.535698335065705,0.1,SUCCESS,1
8.456046224973246,1.546124073590592,4.616160524823407,0.1,SUCCESS,1
2.588627346005869,13.260071312358004,112.38013074371636,0.1,SUCCESS,1
2.594763245610133,1.5796955176634375,3.144581660381398,0.1,SUCCESS,1
-3.266804725179193,11.992887164852434,0.8153471224225086,0.1,SUCCESS,1
-3.070152883627264,12.083804801442042,0.4227865379575171,0.1,SUCCESS,1
8.430099271718113,2.115821490276953,4.892967084154782,0.1,SUCCESS,1
-2.168959547568702,2.611504429971271,60.06901903293244,0.1,SUCCESS,1
0.0510656198995294,15.0,102.05300490554616,0.1,SUCCESS,1
-2.496868435428766,14.917981972723974,19.454288833498136,0.1,SUCCESS,1
-2.6274850871350326,13.968365979920035,10.0186845429972,0.1,SUCCESS,1
9.938892428339758,3.419525458924834,1.8664225325030408,0.1,SUCCESS,1
-3.318285711340982,12.629554812193536,0.5528817725566864,0.1,SUCCESS,1
2.623888768636516,1.0877502994603836,4.298775824062648,0.1,SUCCESS,1
-3.0716697924765457,12.013254600390912,0.43025036002342,0.1,SUCCESS,1
7.418634312476227,1.1807214177169485,14.064331364672196,0.1,SUCCESS,1
8.428255312012952,1.035982898220038,5.312008415110931,0.1,SUCCESS,1
-4.040496231184122,12.802845108538856,7.039532414724002,0.1,SUCCESS,1
-2.9797462058724147,0.1968273007105564,137.2402866030128,0.1,SUCCESS,1
-3.347518985333328,11.992885171348684,1.2130409773328186,0.1,SUCCESS,1
-3.257769483530625,11.99894082455554,0.7728675850269529,0.1,SUCCESS,1
-2.980265860335431,11.863992121317755,0.5232814041811853,0.1,SUCCESS,1
-3.1073261190195485,12.010498742647409,0.4367582950546769,0.1,SUCCESS,1
-3.1915773000614385,11.935368764587835,0.6215528929529182,0.1,SUCCESS,1
-2.9982873723814,12.762794731787965,1.184449589044064,0.1,SUCCESS,1
-3.301348540437436,11.976251123841616,0.9907245239653903,0.1,SUCCESS,1
9.872034222987104,0.3233758855816088,7.869055054129655,0.1,SUCCESS,1
3.8822520398974474,1.6211884244517665,2.935041828818441,0.1,SUCCESS,1
-3.088750873892531,11.920666552211449,0.4631385272844355,0.1,SUCCESS,1
-3.6590446406114063,14.916980633210825,3.5150036466069103,0.1,SUCCESS,1
-3.080592368804311,11.894513039742684,0.4706757120189468,0.1,SUCCESS,1
6.345102259465817,4.761877483636919,32.975004097668055,0.1,SUCCESS,1
8.666686780072963,0.3059694747245496,5.5996260723526685,0.1,SUCCESS,1
-3.3093278567298245,12.629711820772112,0.5353563357323754,0.1,SUCCESS,1
5.188899358560764,3.865275178553752,21.402522097115384,0.1,SUCCESS,1
2.583763163744287,1.6709431180067738,3.018363793234045,0.1,SUCCESS,1
-3.032949397677478,11.884883860687117,0.4715422633423376,0.1,SUCCESS,1
-3.068043059078429,11.986344013443176,0.4365253722070648,0.1,SUCCESS,1
-3.0746592846285665,12.809232895356036,0.9017340441028008,0.1,SUCCESS,1
-3.5852773866765766,12.629593631021594,1.8709445742192743,0.1,SUCCESS,1
-3.3928035255820346,11.893724324580354,1.6856201745108912,0.1,SUCCESS,1
8.744678449214046,1.9764213311572345,2.53449556815012,0.1,SUCCESS,1
-2.4221386963072478,13.89968230667254,13.580903957153147,0.1,SUCCESS,1
-2.4703915408435786,14.848321955961891,19.522693936626943,0.1,SUCCESS,1
8.291272760400194,3.34102221799032,8.676552679622223,0.1,SUCCESS,1
-2.523430266614028,13.936874918936995,11.773048422083331,0.1,SUCCESS,1
-2.9776202633080704,12.013594397310827,0.5433731407790692,0.1,SUCCESS,1
-3.077647052073808,11.988767117611165,0.4352238692756849,0.1,SUCCESS,1
7.484915571136304,3.061977574666357,16.4816442127158,0.1,SUCCESS,1
-2.9799729461729214,12.117288861389529,0.5746994747245004,0.1,SUCCESS,1
5.734132448714597,0.7956430873788104,18.29694761375336,0.1,SUCCESS,1
-3.028396360643423,11.89117734278923,0.4722082201160766,0.1,SUCCESS,1
8.482248247633732,2.6149695578624503,5.029234336245577,0.1,SUCCESS,1
-2.8258805569840137,11.893307917538898,1.005081769837215,0.1,SUCCESS,1
8.227508528692692,1.9227123151193624,6.570407086632619,0.1,SUCCESS,1
-2.477469955998713,13.943588236674096,12.727799803580734,0.1,SUCCESS,1
-4.040483379969071,14.532514604504025,4.0229418842632105,0.1,SUCCESS,1
8.862216737851488,0.030864870667176,5.919707152363593,0.1,SUCCESS,1
8.510067217408066,3.3553182381678743,6.525864305506948,0.1,SUCCESS,1
-3.068043059078429,11.992107666136642,0.4352606459627299,0.1,SUCCESS,1
3.0503694577741527,1.6789568308871323,0.8843831658814132,0.1,SUCCESS,1
9.323032649879153,0.2580572234787271,4.994913213650025,0.1,SUCCESS,1
8.219514919543363,2.870777250590125,8.067838647358112,0.1,SUCCESS,1
3.192971541007262,5.010178799129688,8.110662093997185,0.1,SUCCESS,1
9.755123849311628,4.703566752818311,4.664452478245938,0.1,SUCCESS,1
3.902076841115608,2.3052030397397987,3.344166536689809,0.1,SUCCESS,1
8.429379528883555,5.127805183811766,16.09433163594275,0.1,SUCCESS,1
9.45976211559486,0.1961602748886634,5.732970571406615,0.1,SUCCESS,1
9.333331973618396,0.2240298323196663,5.1682577471571145,0.1,SUCCESS,1
9.483626533583791,0.1977714851774853,5.830908748470746,0.1,SUCCESS,1
-3.545755089248779,11.892733152415056,3.0612215295535155,0.1,SUCCESS,1
3.894916377782039,1.471461405977876,3.07976565164034,0.1,SUCCESS,1
9.920144538697484,5.460109929600365,7.981165225500645,0.1,SUCCESS,1
8.428635480997405,2.4891265702727283,5.308199097185938,0.1,SUCCESS,1
8.30593986324138,0.0516481413749312,8.500358378808405,0.1,SUCCESS,1
2.831333244046463,9.427334313662334,48.43792544533643,0.1,SUCCESS,1
8.339421737374519,5.03700294080639,16.577594806645717,0.1,SUCCESS,1
2.995754159277914,1.241253583434652,1.8228428718612812,0.1,SUCCESS,1
-3.829348864515557,4.132270024263082,99.73482136121628,0.1,SUCCESS,1
4.695063730910219,4.641810063375379,20.50394203629578,0.1,SUCCESS,1
-2.858184386001725,12.011114425881406,0.9464509357621704,0.1,SUCCESS,1
-2.5450521383898934,14.84627647893192,17.729488723027636,0.1,SUCCESS,1
3.873606583863399,1.241989274940823,3.140011381696068,0.1,SUCCESS,1
-2.4130813483368367,15.0,22.258861742431293,0.1,SUCCESS,1
9.470344563506613,0.1969203143252414,5.775343673128868,0.1,SUCCESS,1
8.415345128235181,3.865007916642166,9.339881056455214,0.1,SUCCESS,1
-2.987558540960479,11.990483238456234,0.5183972070754326,0.1,SUCCESS,1
-2.5051469133516715,14.911380340272936,19.199427565063623,0.1,SUCCESS,1
7.437955962360082,3.3998527853346583,18.25204895841069,0.1,SUCCESS,1
-2.9797882366132384,11.964640837713704,0.5289502700473374,0.1,SUCCESS,1
-2.79919749785826,7.738736443487561,14.857350400298763,0.1,SUCCESS,1
-2.9795208092798267,12.215638339420568,0.6304829118272632,0.1,SUCCESS,1
-2.577626813113203,14.916176259204674,17.530304716053404,0.1,SUCCESS,1
3.6188782100070505,0.1968443082726846,4.4824743268237,0.1,SUCCESS,1
9.983417308078884,4.042445304976656,2.9725650081325803,0.1,SUCCESS,1
8.42455056068589,2.875231780186738,6.056353395015085,0.1,SUCCESS,1
-2.5287025767426257,13.952568770386392,11.767760777055145,0.1,SUCCESS,1
-2.3416676174118214,14.84788881896778,22.78099956519793,0.1,SUCCESS,1
-2.083097156228952,13.054411186107687,15.3959939895943,0.1,SUCCESS,1
8.227241927208102,3.714546987498964,10.760436548340875,0.1,SUCCESS,1
-3.231491529542793,11.989114407575544,0.689649496369757,0.1,SUCCESS,1
-3.132362846575866,11.359630274987044,1.1961013289771092,0.1,SUCCESS,1
3.193354273528845,5.262577927446171,9.57710097834228,0.1,SUCCESS,1
9.951885831027214,3.530630840681385,2.031977944431624,0.1,SUCCESS,1
2.5872830883772053,0.9764739675165612,4.97034810564357,0.1,SUCCESS,1
9.32750733595591,4.529507144746837,5.002931342332217,0.1,SUCCESS,1
-3.015611471160829,11.447883376516174,0.7510865776089215,0.1,SUCCESS,1
3.278511067107916,0.3155790974533321,3.929018923290784,0.1,SUCCESS,1
0.5957381919155367,8.966092339923998,32.91244910456173,0.1,SUCCESS,1
-2.9981754540886327,6.43110633379557,30.76720613487491,0.1,SUCCESS,1
-2.373850996747545,3.4237143391925917,53.25133346131519,0.1,SUCCESS,1
3.001987223193808,0.3145152023727216,4.783973129822023,0.1,SUCCESS,1
4.503021499034713,1.611255424392694,8.029418792167672,0.1,SUCCESS,1
-2.990474617059186,11.73257425170834,0.5405169069113409,0.1,SUCCESS,1
2.5142391365911143,0.2609635219259224,8.7498513872399,0.1,SUCCESS,1
-1.747283398828901,15.0,42.24140354074343,0.1,SUCCESS,1
9.947165083034813,3.9333958139461074,2.643818243841741,0.1,SUCCESS,1
7.447738315859407,3.418961192774816,18.232543541914303,0.1,SUCCESS,1
9.943067219049263,3.823709289573422,2.427764622238703,0.1,SUCCESS,1
-3.8559908911773215,13.67449116428742,2.8926494064237573,0.1,SUCCESS,1
-3.853306128942397,14.059348064815293,2.7289312759371445,0.1,SUCCESS,1
3.319685446220358,1.6790440440700427,0.7624346944258154,0.1,SUCCESS,1
3.8915490236864017,1.3905913457139714,3.1124928811751,0.1,SUCCESS,1
-3.751212212973959,14.95170023152935,3.4815870819689225,0.1,SUCCESS,1
3.992739031512937,0.0664452170680925,6.355291743907804,0.1,SUCCESS,1
-3.373595268740432,12.670612863421097,0.6836748702682129,0.1,SUCCESS,1
2.8652375666366146,0.0244894701595712,6.892281125715912,0.1,SUCCESS,1
3.194298798380741,1.4455721672030053,1.033242695074902,0.1,SUCCESS,1
-3.1255401722117275,11.718051607464686,0.6678668961837975,0.1,SUCCESS,1
-2.9818449380447825,11.629217557383772,0.5904603728839213,0.1,SUCCESS,1
4.50720341496257,0.0502076582207517,10.005606911716503,0.1,SUCCESS,1
7.406295792412028,3.247716846086495,17.955234475250045,0.1,SUCCESS,1
9.13379859484288,7.209730634143727,25.4948738045129,0.1,SUCCESS,1
0.5185703086799709,7.443694989909555,23.33174232109237,0.1,SUCCESS,1
-2.5299852371042526,13.970898023904134,11.85676950051664,0.1,SUCCESS,1
2.590210511080788,2.235302045284192,2.079962054605025,0.1,SUCCESS,1
-3.075893375000259,11.632041588620158,0.6544347164060422,0.1,SUCCESS,1
9.001189493733806,1.2413271824643335,2.0557070389671024,0.1,SUCCESS,1
-2.420433663035592,12.738880155617384,7.324523114265824,0.1,SUCCESS,1
2.581735216825944,0.2770070134470304,7.989927247519363,0.1,SUCCESS,1
8.739092440428585,5.355446965010106,14.11518586850945,0.1,SUCCESS,1
9.43605786599004,4.710873691479526,5.355098770125201,0.1,SUCCESS,1
-3.589788082190907,14.280135992578591,2.1600029848960647,0.1,SUCCESS,1
9.813000904503632,0.0544070755976186,8.77170960810664,0.1,SUCCESS,1
2.575095018135956,0.0690186677291291,9.12981868866564,0.1,SUCCESS,1
-3.3611226805653147,12.629310746882464,0.6605586485900439,0.1,SUCCESS,1
6.015996600064675,5.038071146233771,34.764153506054946,0.1,SUCCESS,1
2.05903776415098,1.2418237667365533,9.611978128516308,0.1,SUCCESS,1
9.940853532034003,2.931380826473719,1.648620979398224,0.1,SUCCESS,1
-3.198231247456464,14.825005710902252,6.2381471493099445,0.1,SUCCESS,1
9.717406282496231,4.134325512821075,2.770075093868064,0.1,SUCCESS,1
9.817601492014528,4.721365472598247,4.72057504721519,0.1,SUCCESS,1
-2.10371618080278,14.91634080449234,30.08616229825237,0.1,SUCCESS,1
-3.0792051633846373,10.59724566482,2.75234544500666,0.1,SUCCESS,1
2.3166859241044406,0.3130642975438897,10.73683563583706,0.1,SUCCESS,1
-2.980684538708629,11.576272237287007,0.6213849116095176,0.1,SUCCESS,1
7.413576881358056,5.03006460269302,27.998973230095825,0.1,SUCCESS,1
3.1946078189315017,4.985799850010928,7.98367746326773,0.1,SUCCESS,1
-3.030691452028517,11.526815919467126,0.6904067250304156,0.1,SUCCESS,1
-3.3611190373203765,11.893174353744044,1.4667019599278035,0.1,SUCCESS,1
-2.9834319077201474,11.465714150330728,0.7047211489882201,0.1,SUCCESS,1
2.051976718920293,0.0213586411975849,16.162408138195534,0.1,SUCCESS,1
6.75267963772928,5.414060635207719,36.8015088467522,0.1,SUCCESS,1
4.943048459628082,11.543043768118489,117.33340118984675,0.1,SUCCESS,1
4.658186454384076,1.6789822569167083,9.563652746642909,0.1,SUCCESS,1
-3.2078826145271053,11.550173405648591,1.2016800274012738,0.1,SUCCESS,1
2.983211812013044,0.0491914022593078,6.052624707767054,0.1,SUCCESS,1
9.04412213929256,0.0479573818870581,5.599418091479165,0.1,SUCCESS,1
8.418929577527587,4.794191210577426,14.082338236002112,0.1,SUCCESS,1
-3.062904761523495,11.532203318582496,0.7350590669260626,0.1,SUCCESS,1
-2.6637806537773936,12.34069709913103,2.8763348534871245,0.1,SUCCESS,1
-2.653754742669384,13.51300875901406,7.180752897895268,0.1,SUCCESS,1
-2.6325920106584864,14.916666569498224,16.295120498058985,0.1,SUCCESS,1
-2.803874766770339,11.541307964990892,0.9442724567245708,0.1,SUCCESS,1
-3.240150062748694,10.65514316452044,3.896532858523816,0.1,SUCCESS,1
-2.46098193404357,14.91673979110444,20.32522935555938,0.1,SUCCESS,1
-2.439122927251899,14.95183658814546,21.172310164607204,0.1,SUCCESS,1
8.459505986678206,0.1962862442379766,7.046304370041348,0.1,SUCCESS,1
9.411583359090375,14.327016283209982,141.1324275634336,0.1,SUCCESS,1
-1.4246074504694834,13.969190804784828,40.98881166600849,0.1,SUCCESS,1
9.342537794351363,5.397955125715562,9.379130099210506,0.1,SUCCESS,1
3.19371914186031,6.7605984756710455,20.89468947756185,0.1,SUCCESS,1
-4.589572098221813,14.878308323739205,10.140158521687416,0.1,SUCCESS,1
-2.661995661050136,12.15187471331346,2.4806827670702187,0.1,SUCCESS,1
-3.482952320961192,13.672207017824237,1.2675276266105264,0.1,SUCCESS,1
-2.6609720408256816,13.184901644860508,5.627388918460529,0.1,SUCCESS,1
-2.747093176593599,14.317523706008837,9.9592783659339,0.1,SUCCESS,1
9.94112405584486,1.8607733530691963,2.8252533110263,0.1,SUCCESS,1
-0.0993912229070179,5.035609302712063,20.817769238336936,0.1,SUCCESS,1
6.781004628613388,5.556764416149395,37.875093655499214,0.1,SUCCESS,1
-2.657794115550425,12.11171930062881,2.4391620372726805,0.1,SUCCESS,1
9.95174008027236,5.392053472129303,7.637914111631819,0.1,SUCCESS,1
-3.014257723866775,10.580371726804737,2.409692134870699,0.1,SUCCESS,1
-3.690280793635605,14.324377459548336,2.2860515346784105,0.1,SUCCESS,1
7.432848267460837,5.006181734676148,27.606716775620093,0.1,SUCCESS,1
3.523704884310165,1.8253093930480708,1.1194908047832968,0.1,SUCCESS,1
3.433730023341294,0.196816060303989,4.269470995833107,0.1,SUCCESS,1
-2.7545958659166727,10.395296572903266,2.0469660618163887,0.1,SUCCESS,1
4.603693443949046,7.322651422340326,43.90679802585806,0.1,SUCCESS,1
3.0581723198261117,4.340518257419223,4.429531107259999,0.1,SUCCESS,1
9.47218995259412,5.069524071717015,6.9328229556041165,0.1,SUCCESS,1
-2.962395619425396,10.55124137743975,2.2345114447578585,0.1,SUCCESS,1
-3.03423057523133,11.54498764843605,0.6773618283968421,0.1,SUCCESS,1
-2.8401203189174358,11.54324572402082,0.8312997161251143,0.1,SUCCESS,1
-3.8679527903737503,1.3227237470775657,165.79355865548072,0.1,SUCCESS,1
-3.865381234796285,13.538111494680878,3.101053752666491,0.1,SUCCESS,1
9.942583573855773,9.463604906205829,44.1303871521378,0.1,SUCCESS,1
-3.882369695272984,11.505026868084848,9.784486683177086,0.1,SUCCESS,1
2.5880379983768007,4.704188410813689,5.665261877482182,0.1,SUCCESS,1
1.9163520752679448,2.249335468105943,8.128467380208846,0.1,SUCCESS,1
-3.8670380015747794,13.640578002973209,3.0144224797017847,0.1,SUCCESS,1
-2.4179356369070435,10.359853709712976,2.8636574312925527,0.1,SUCCESS,1
-2.6540186681737223,11.683346146190244,1.818634343966858,0.1,SUCCESS,1
-2.415980488651152,14.426473775937362,17.464767951454956,0.1,SUCCESS,1
3.329116013363418,1.309150436911093,1.245446466691611,0.1,SUCCESS,1
-3.2464635150707943,13.67295062263752,1.7605208807621988,0.1,SUCCESS,1
-3.263800721044529,10.555902215534536,4.528607396216995,0.1,SUCCESS,1
-3.8357384850651615,13.668949070442004,2.7330416066592003,0.1,SUCCESS,1
-2.676473934059197,5.935488232552048,28.976941688839407,0.1,SUCCESS,1
1.8981860636062933,0.3182659571360722,16.684995446981546,0.1,SUCCESS,1
-2.8327286083884484,10.580015152268537,1.783555529701914,0.1,SUCCESS,1
-2.84565108571594,10.317449661181335,2.3969841603555766,0.1,SUCCESS,1
-2.932779325925128,13.672712862208382,4.19335768355919,0.1,SUCCESS,1
-2.946761183484768,10.304104090633638,2.852332544325524,0.1,SUCCESS,1
9.43595765620522,4.942930896978243,6.442633159424726,0.1,SUCCESS,1
2.1711276271274933,5.026615738028329,8.084205250135497,0.1,SUCCESS,1
3.1937379894262783,4.053892846714126,3.720455407806165,0.1,SUCCESS,1
-2.817182674845262,10.46999743514785,1.9781881884226615,0.1,SUCCESS,1
9.518180502370983,5.446333526208973,8.800048178757962,0.1,SUCCESS,1
1.934121290780268,1.6427729538630516,9.693030722573084,0.1,SUCCESS,1
4.793138967237802,1.5209485607517776,10.80749135203315,0.1,SUCCESS,1
9.856656137640623,0.0488753574486385,9.201055594834829,0.1,SUCCESS,1
-3.829999992181955,14.153192814398098,2.6111107882440487,0.1,SUCCESS,1
-2.834511439014009,10.271182744192425,2.480383209113291,0.1,SUCCESS,1
-4.591388325365036,9.413496055711704,52.6288927823539,0.1,SUCCESS,1
-3.876079829822794,14.308123068759537,2.912872538196772,0.1,SUCCESS,1
2.844013988799944,2.5766119825820435,0.8232834316723547,0.1,SUCCESS,1
-2.3347165904189464,10.403615220618445,3.357932815311707,0.1,SUCCESS,1
4.774550985205522,1.832921728852076,10.83359528637589,0.1,SUCCESS,1
3.893728096363008,1.290245833569193,3.2103341125742144,0.1,SUCCESS,1
-3.868147385633352,14.049796571918272,2.824291562554679,0.1,SUCCESS,1
9.40255260957572,5.039481263889594,7.0730002679330335,0.1,SUCCESS,1
-4.365078253085657,14.963485993314048,6.929947907115668,0.1,SUCCESS,1
-0.6387255679495887,0.2974198392829302,63.56702635287682,0.1,SUCCESS,1
-0.0045567133882418,8.426169721020706,25.453161784452583,0.1,SUCCESS,1
-2.6539422475159413,11.388139725655709,1.5818451174683863,0.1,SUCCESS,1
-3.8427004001103207,10.666354705955246,13.93271620662199,0.1,SUCCESS,1
9.378260810074218,0.0485007572692873,6.108624226582388,0.1,SUCCESS,1
-2.8630111339851334,10.283766222572089,2.5416708855271413,0.1,SUCCESS,1
-2.1795874338556875,13.893135457167883,19.02876860674916,0.1,SUCCESS,1
-2.2681334203844523,14.983738130556205,26.011338926306717,0.1,SUCCESS,1
2.87766539356108,13.171803795617366,114.835056087858,0.1,SUCCESS,1
-3.097964916821042,12.178516088720796,0.4070900438139677,0.1,SUCCESS,1
-3.827411673486517,13.694671070845043,2.6526008902700378,0.1,SUCCESS,1
-3.867941643981817,14.842551962229823,3.3896435710897723,0.1,SUCCESS,1
-2.7238224776349704,10.280391997656215,2.2501873299117108,0.1,SUCCESS,1
-3.7656021484050006,14.076160619814347,2.2705879382060985,0.1,SUCCESS,1
-2.731188818115489,10.27462085579688,2.2682115762935577,0.1,SUCCESS,1
-2.9207380186499674,10.279462611028633,2.7951698101189475,0.1,SUCCESS,1
-2.3987598598014173,14.97230319325286,22.38641136462769,0.1,SUCCESS,1
8.908590574910514,1.3202498009686758,2.217121342404853,0.1,SUCCESS,1
-2.773369854905832,10.276448237624246,2.3210087423674457,0.1,SUCCESS,1
-3.867993584516951,14.222744392295242,2.8396711802710435,0.1,SUCCESS,1
-0.3066834583322695,11.162600317321798,40.89156777948828,0.1,SUCCESS,1
1.9253240019604112,4.251162704396614,7.366451093503682,0.1,SUCCESS,1
4.999889368071964,10.794876765128388,103.40984818580527,0.1,SUCCESS,1
9.99853051344872,5.42788340367396,7.822814664468725,0.1,SUCCESS,1
-3.828715072206692,13.682238784785897,2.6699215668676786,0.1,SUCCESS,1
9.942890346405868,2.942768183084547,1.6581269334387585,0.1,SUCCESS,1
9.942151625457155,3.429558511625148,1.8884342236383735,0.1,SUCCESS,1
9.268493562787947,4.722471182361974,6.160979203527824,0.1,SUCCESS,1
-3.2450787821364493,14.07291939498629,2.8450477328378803,0.1,SUCCESS,1
1.9232478659614785,4.054956915849583,7.092477712307365,0.1,SUCCESS,1
-4.311713481372324,14.889864083106415,6.3947340920024605,0.1,SUCCESS,1
8.716970299458287,1.2415295625507543,3.1960168965829325,0.1,SUCCESS,1
-2.582148193657315,9.91893999559218,2.96845968771477,0.1,SUCCESS,1
9.409126302275656,2.518693439657336,0.4022970181190715,0.1,SUCCESS,1
4.37073989326176,6.38558487724545,30.53852144984695,0.1,SUCCESS,1
2.96618762321332,1.5877134062828886,1.2308935930685028,0.1,SUCCESS,1
9.94105336592507,5.573670734044255,8.559709160135654,0.1,SUCCESS,1
-4.34311955345067,14.5508301225393,7.171434441145655,0.1,SUCCESS,1
1.5114139737027203,0.2125309786003663,24.090811213851797,0.1,SUCCESS,1
-2.8586320061909847,10.17568104490176,2.8236050181314454,0.1,SUCCESS,1
-4.332230016421272,14.109885776015116,7.900180045898328,0.1,SUCCESS,1
-3.708711539379234,14.882644531460963,3.348702346529964,0.1,SUCCESS,1
8.286913888218901,5.283127295442802,18.9364813467943,0.1,SUCCESS,1
-2.2185236515740265,14.956992929261132,27.1530680480119,0.1,SUCCESS,1
-2.8467473688464016,10.871428856202416,1.3109897669697457,0.1,SUCCESS,1
4.676885157939589,6.088509707735362,31.80858843947879,0.1,SUCCESS,1
3.402446939639203,1.328830876382027,1.287523905760784,0.1,SUCCESS,1
9.940930401628256,1.7161677789047505,3.158349176870015,0.1,SUCCESS,1
8.842739870560735,0.3004360755923967,4.962726470683687,0.1,SUCCESS,1
8.799220626606479,2.250144163564859,2.279809452067826,0.1,SUCCESS,1
-4.326930434362788,14.349666522066046,7.302723063272277,0.1,SUCCESS,1
2.572111505787261,1.3239168820181344,3.9785235162709434,0.1,SUCCESS,1
-4.330472278096749,14.1017397535233,7.892704586461512,0.1,SUCCESS,1
-4.36398441574454,14.918307248900906,6.959435646713791,0.1,SUCCESS,1
3.212451091755323,4.721397650835268,6.6770271639071685,0.1,SUCCESS,1
9.955380805085277,4.721943813173736,4.826320996184524,0.1,SUCCESS,1
-4.328101593620197,14.832787821255495,6.626323482270319,0.1,SUCCESS,1
-4.3572641247735096,14.806539836768705,6.998749405295084,0.1,SUCCESS,1
-4.330207902317871,14.948547210218434,6.552524324607971,0.1,SUCCESS,1
2.88425134435656,1.5014720466890636,1.6799273851963896,0.1,SUCCESS,1
-3.829564247747774,14.182274771131564,2.619186775830035,0.1,SUCCESS,1
1.897455451253518,4.7444634467593065,8.606918216094973,0.1,SUCCESS,1
4.820297211083885,1.5988006424376648,11.106447527818167,0.1,SUCCESS,1
3.193581487184602,5.60064054278507,11.739708514229468,0.1,SUCCESS,1
9.445289167035678,5.104751281652713,7.224516315708891,0.1,SUCCESS,1
9.31384698548515,5.590563005609271,10.745257968405475,0.1,SUCCESS,1
9.485129630393308,5.422118976200461,8.800682280161737,0.1,SUCCESS,1
3.892755388911095,1.1020850563941815,3.417463412009579,0.1,SUCCESS,1
-4.369014146790311,6.229700302681077,91.21810036528048,0.1,SUCCESS,1
-2.836989558815638,10.278448015221578,2.4693725516683287,0.1,SUCCESS,1
9.388819142005026,5.518876818249017,9.853827642364145,0.1,SUCCESS,1
6.72007040346851,5.608085280441996,38.67684763742045,0.1,SUCCESS,1
9.940954755794554,0.6394166922344497,6.963833662884416,0.1,SUCCESS,1
-4.359523751666548,14.739282376225525,7.109766546773537,0.1,SUCCESS,1
8.598712892790395,5.468941305853521,16.470599678897067,0.1,SUCCESS,1
-4.738349719378194,5.5047228209329,129.86809740510847,0.1,SUCCESS,1
-2.787902716879104,10.226713329600477,2.467126006415233,0.1,SUCCESS,1
-3.828835220598731,13.888968980290676,2.587315915113379,0.1,SUCCESS,1
3.7902773298223753,0.30093193045373,4.666420534564658,0.1,SUCCESS,1
-4.33031663503348,14.686786285428216,6.813725101543556,0.1,SUCCESS,1
9.879446732829834,5.50862236079409,8.255595874345936,0.1,SUCCESS,1
3.341231583411602,1.3220671817152847,1.2324339362623586,0.1,SUCCESS,1
9.7404667064522,4.118843919219101,2.7347468301205176,0.1,SUCCESS,1
-2.572227748547602,10.571802329887156,2.0546278503372326,0.1,SUCCESS,1
-3.6004488321185786,12.641992401835331,1.973223290164432,0.1,SUCCESS,1
2.877855484813474,2.2754685263508683,0.7757841388748865,0.1,SUCCESS,1
-2.34587793497829,13.672840041274984,13.702856993102328,0.1,SUCCESS,1
-2.855507428990111,10.755436249421226,1.4981399079551547,0.1,SUCCESS,1
9.409126302275656,5.23382076704009,8.083001043570501,0.1,SUCCESS,1
9.446376064414627,5.5259465198566495,9.59720084242768,0.1,SUCCESS,1
-3.976699109196534,14.314449897678314,3.55935237591933,0.1,SUCCESS,1
8.744642823040271,3.948480970846486,6.484356010464722,0.1,SUCCESS,1
-1.5514847607648017,13.835045864469809,35.73663062746604,0.1,SUCCESS,1
-2.748374204275734,10.759413886386964,1.479478440246357,0.1,SUCCESS,1
1.2107297217670778,11.95908404129419,72.62164284597696,0.1,SUCCESS,1
-2.6223640797216223,5.479163354970992,32.83145853705239,0.1,SUCCESS,1
5.860529361825757,2.533913766633922,20.78575511887648,0.1,SUCCESS,1
9.40156141012828,5.523820416218955,9.815151269610372,0.1,SUCCESS,1
-4.363244648156646,14.698898817370312,7.21195136335988,0.1,SUCCESS,1
-2.348574731473714,10.772575238908948,3.365991788606518,0.1,SUCCESS,1
8.772661645495221,1.4565643226178249,2.642069849281003,0.1,SUCCESS,1
9.361893395642817,5.426926139936259,9.443645103110628,0.1,SUCCESS,1
2.875716834020243,1.8931171186801037,1.0933146859106166,0.1,SUCCESS,1
9.375541369396815,5.448166054258984,9.496040786439307,0.1,SUCCESS,1
8.769225735246309,2.238531002945039,2.456409572251854,0.1,SUCCESS,1
9.634600908435162,5.4399552223498455,8.349551847276679,0.1,SUCCESS,1
2.9981037119563583,1.241723094147858,1.8140989634460047,0.1,SUCCESS,1
8.762730158766301,1.1245935547310448,3.1465613053646067,0.1,SUCCESS,1
-3.828978490665349,14.01708630359659,2.5793026324252324,0.1,SUCCESS,1
9.3595763399875,5.543177456654291,10.169091318555054,0.1,SUCCESS,1
8.765168033103722,1.737458755921303,2.468445982334992,0.1,SUCCESS,1
-2.0199438936091987,14.944578822626765,32.89827877285563,0.1,SUCCESS,1
-2.356374418659511,11.354177016718133,3.995107717475869,0.1,SUCCESS,1
9.500223449216136,5.4416570365020105,8.848442031930482,0.1,SUCCESS,1
3.519299315379067,1.3222732826827477,1.5324984904205188,0.1,SUCCESS,1
9.284730200542937,5.486854494440173,10.27286702112201,0.1,SUCCESS,1
8.764905546419195,2.435478569123525,2.626031663428246,0.1,SUCCESS,1
3.6327583486395216,0.3022891753799444,4.160122347086682,0.1,SUCCESS,1
-2.3244133441855683,12.772425127653994,9.070253210856256,0.1,SUCCESS,1
9.955515802595292,4.1276247970613085,3.0843156188242142,0.1,SUCCESS,1
8.227592028569447,3.657276735778334,10.523374703209308,0.1,SUCCESS,1
2.27238443403745,11.709135927587887,78.7751296363323,0.1,SUCCESS,1
-3.316045657843075,11.495664878367368,1.989683930709706,0.1,SUCCESS,1
2.5895108860272344,3.4253010861857494,2.287346819199444,0.1,SUCCESS,1
-2.095464713349537,14.9518108346667,30.687800598095965,0.1,SUCCESS,1
6.282555412137736,5.448830534853377,38.51461170251615,0.1,SUCCESS,1
-0.4903958799998529,14.97492696596588,85.11108520018192,0.1,SUCCESS,1
8.402543119897992,5.541086625334156,19.382536840750337,0.1,SUCCESS,1
-2.979773345895586,14.293930236102888,6.30465361273646,0.1,SUCCESS,1
-3.973996419744012,14.324440766080563,3.538461203075679,0.1,SUCCESS,1
9.939923730694368,5.455138060393518,7.950765479586732,0.1,SUCCESS,1
-3.18836109270782,14.951757722359908,6.982889859588153,0.1,SUCCESS,1
9.970142139663542,5.512375484071929,8.236934688415879,0.1,SUCCESS,1
4.585155046777443,11.905394728159989,118.75803789272256,0.1,SUCCESS,1
-2.2266363853028706,14.848147510353826,25.89598436473746,0.1,SUCCESS,1
9.416361941442046,5.4688886811170265,9.404100099872894,0.1,SUCCESS,1
-3.97633885063343,14.910515073967222,3.8444265989166553,0.1,SUCCESS,1
-4.378531682911017,14.922554952031296,7.126764511362621,0.1,SUCCESS,1
9.407253482437609,5.4537325300948485,9.36025508690609,0.1,SUCCESS,1
-3.8292572216601832,13.963880361551022,2.5807713033324067,0.1,SUCCESS,1
2.5883751906244523,4.143229512105263,3.7824920328660063,0.1,SUCCESS,1
9.067001446949238,1.3237945449759492,1.7557829556372653,0.1,SUCCESS,1
4.562277736724399,1.2394465090141231,8.599500851878403,0.1,SUCCESS,1
2.588842402450526,1.9481076662882983,2.4636920148104373,0.1,SUCCESS,1
-3.368365812941185,12.862825494215205,0.6450403654184633,0.1,SUCCESS,1
-3.366764310606994,12.820452276243667,0.6402900720085221,0.1,SUCCESS,1
-4.3634920792071945,14.03018053399055,8.605872685750285,0.1,SUCCESS,1
8.764687033379868,1.8929914922260616,2.4215825609723742,0.1,SUCCESS,1
-4.92863622784186,6.75308907430362,116.69597484595624,0.1,SUCCESS,1
9.812517742232243,1.2415896248394624,3.606771307517736,0.1,SUCCESS,1
2.5396092240724126,2.2611360945003143,2.366852817041101,0.1,SUCCESS,1
9.348687560036508,2.6083086805680478,0.4643792982245625,0.1,SUCCESS,1
8.764535699535246,3.585155144271288,5.010410122992981,0.1,SUCCESS,1
2.556388744012032,5.504094013941929,9.440267210479403,0.1,SUCCESS,1
-2.0372182397861383,5.831985285452952,21.25683542884985,0.1,SUCCESS,1
9.33520851842234,5.435254963486191,9.646221768831094,0.1,SUCCESS,1
8.369709577088642,5.504125583530348,19.51738703478006,0.1,SUCCESS,1
4.106750287712121,4.721755102285533,14.01451483966134,0.1,SUCCESS,1
9.335225336028422,1.1946402513330874,1.8904537772297465,0.1,SUCCESS,1
-4.363945525496535,14.343618723754696,7.849363155070841,0.1,SUCCESS,1
4.5804482737855015,1.5636043360754104,8.757285861574578,0.1,SUCCESS,1
4.586439253983743,1.7184058747216773,8.88411149109401,0.1,SUCCESS,1
5.234000391674812,0.337895475452568,15.54300971193398,0.1,SUCCESS,1
9.958954941481032,5.541982732753855,8.389557388943938,0.1,SUCCESS,1
3.481161949016492,0.31277230351152,3.878181675951692,0.1,SUCCESS,1
8.764544926878912,1.4403651982807784,2.7009623127292315,0.1,SUCCESS,1
2.3573499972122267,8.78597308814481,37.073920762870685,0.1,SUCCESS,1
-2.547650152218202,7.398069917016262,14.258173886728509,0.1,SUCCESS,1
-2.578932531849845,9.63451489162579,3.6448667304151705,0.1,SUCCESS,1
6.773536174463109,2.64758397183045,20.72341618697393,0.1,SUCCESS,1
9.335217097798742,1.2307351867567091,1.8046972794265184,0.1,SUCCESS,1
-2.0007418797147025,14.95114286156524,33.55742374568216,0.1,SUCCESS,1
-3.115892246004934,11.957834174664006,0.4663318971059915,0.1,SUCCESS,1
2.2559198508159417,5.5063654955413615,9.874419509644309,0.1,SUCCESS,1
-3.220498222057305,10.233715155879384,5.408329548215595,0.1,SUCCESS,1
-2.5769757248298326,9.673454100009774,3.5415271585742767,0.1,SUCCESS,1
9.412349573837494,5.209296317439882,7.932336239807497,0.1,SUCCESS,1
-2.460986886051697,7.036489994059762,15.952635364970313,0.1,SUCCESS,1
-2.0591896012501607,14.920538959709113,31.458336199147723,0.1,SUCCESS,1
4.925506276449811,0.9603592513116102,12.14284393664675,0.1,SUCCESS,1
6.74897189217265,5.521068507154239,37.74794853077403,0.1,SUCCESS,1
-2.8235761124079626,10.257543401057667,2.482754731778765,0.1,SUCCESS,1
7.421220569264888,0.3070036570805843,15.019997940106542,0.1,SUCCESS,1
9.412095873572888,5.142074936638354,7.569014061096201,0.1,SUCCESS,1
-2.654561496036089,6.949176161694272,19.03707264817416,0.1,SUCCESS,1
8.69209189667492,6.1206152108970695,20.454141840117032,0.1,SUCCESS,1
3.254135335020079,0.8937548991430169,2.135952660812684,0.1,SUCCESS,1
-2.3235918697065903,8.702115656200174,6.303063623439141,0.1,SUCCESS,1
-3.829503774576741,13.981855417011271,2.5817137558331025,0.1,SUCCESS,1
3.46436223427035,4.131152547812643,5.280283762695475,0.1,SUCCESS,1
-2.405593161502244,9.832247642561509,3.4367552695226022,0.1,SUCCESS,1
9.563539765855149,10.60988291523858,64.73596964247736,0.1,SUCCESS,1
9.409793938451386,4.621522560041229,5.060820137229884,0.1,SUCCESS,1
9.370707575329185,4.362638667084767,4.147908703030273,0.1,SUCCESS,1
-1.707825116033161,14.917162136838844,42.587361018332935,0.1,SUCCESS,1
2.4121500134963805,1.322685894615831,5.369010166715261,0.1,SUCCESS,1
3.2711487432129296,2.38224863114282,0.5208431068609709,0.1,SUCCESS,1
4.585692830799857,0.96051711807865,8.996183948009122,0.1,SUCCESS,1
4.304658756726363,1.9115420720081011,6.328534007809808,0.1,SUCCESS,1
-3.8294292153883225,14.26472651873378,2.657142321700288,0.1,SUCCESS,1
-2.338545441597279,6.810805251103257,16.418114395565635,0.1,SUCCESS,1
-4.994757379927219,14.950977853243726,17.60948272181307,0.1,SUCCESS,1
3.2614709908256394,1.0793543945773547,1.6856464819181642,0.1,SUCCESS,1
-4.992341520956729,14.94838059729292,17.56782542476881,0.1,SUCCESS,1
-4.993462098096264,15.0,17.365952646467047,0.1,SUCCESS,1
-4.996979361076133,9.960297854885148,64.80055818254593,0.1,SUCCESS,1
-4.9918266142200185,15.0,17.330444615398502,0.1,SUCCESS,1
3.182753270228158,1.075115921509094,1.7702522147621274,0.1,SUCCESS,1
9.36222812354629,1.0783559168116348,2.224042766900677,0.1,SUCCESS,1
3.464390863187249,1.0762467307716903,1.8163382661583665,0.1,SUCCESS,1
1.2645189133386534,1.3235478934378084,21.1347720134668,0.1,SUCCESS,1
-2.54647683691067,4.066206625797391,48.62026198744525,0.1,SUCCESS,1
9.882999870227469,5.505787951342916,8.237877143705429,0.1,SUCCESS,1
2.882981029503254,4.133201660679234,3.432708555998035,0.1,SUCCESS,1
4.116204343981186,0.0438135465121686,7.148824637287927,0.1,SUCCESS,1
-4.998342412733779,7.396081844199188,108.4840509886964,0.1,SUCCESS,1
5.304186613856944,1.0768614717217868,15.369983160785017,0.1,SUCCESS,1
3.168424847699633,1.077437752713814,1.7860370596534771,0.1,SUCCESS,1
3.4690638368049385,1.0777064139938242,1.821643328043578,0.1,SUCCESS,1
-2.8126148238256024,11.502471492262416,0.9128359525750032,0.1,SUCCESS,1
-4.991462492179069,15.0,17.32254463942282,0.1,SUCCESS,1
2.5437635718573617,3.4842355014080253,2.5488723930745696,0.1,SUCCESS,1
3.105186419646813,5.884955842969881,13.230625022396474,0.1,SUCCESS,1
4.095192285176553,1.0776246122078648,4.769006717495407,0.1,SUCCESS,1
-3.758040305559885,14.976024769637329,3.53525942120848,0.1,SUCCESS,1
-3.3625205028777545,12.571523390029537,0.6892193858331446,0.1,SUCCESS,1
9.720411672710366,1.0776005099285195,3.563623372068614,0.1,SUCCESS,1
-3.848082209929892,1.0434483603591695,171.5375012993793,0.1,SUCCESS,1
-4.991761540770316,14.931038110745035,17.632202187659963,0.1,SUCCESS,1
8.776919219375602,7.974371770356849,38.24315312637641,0.1,SUCCESS,1
4.146189078996954,9.477381362863357,66.55724971291156,0.1,SUCCESS,1
-2.723782968934181,9.89261351279013,3.186217183144282,0.1,SUCCESS,1
-2.4899071549668705,9.88253561079062,3.142182923789816,0.1,SUCCESS,1
-3.850671475088637,7.744835602682952,42.392329397349336,0.1,SUCCESS,1
1.358741661518434,4.924342664101766,12.740643715557106,0.1,SUCCESS,1
3.4354506049808897,1.0616472249691786,1.8001981746238656,0.1,SUCCESS,1
3.1091529980005443,1.0456840645156271,1.9773373934447156,0.1,SUCCESS,1
9.087972823709382,1.0774622664747466,2.209965915956534,0.1,SUCCESS,1
4.783136353836458,1.8623048087873373,10.948501579383102,0.1,SUCCESS,1
3.4001304136724606,1.0454031278515967,1.791572606877958,0.1,SUCCESS,1
3.620931220752139,1.042405329090232,2.2694054122465124,0.1,SUCCESS,1
-3.051950714795697,11.499277180141451,0.7515324627633628,0.1,SUCCESS,1
-2.829462875471908,10.240401480015809,2.5442140475530266,0.1,SUCCESS,1
-1.4188170845913883,1.0632007511493475,67.03029717668664,0.1,SUCCESS,1
3.2492367016103394,1.0441463301475251,1.7722949317006105,0.1,SUCCESS,1
4.909388475931335,1.0433618549309192,11.945305568532495,0.1,SUCCESS,1
-2.979684889610569,14.62180297695834,7.990131924006366,0.1,SUCCESS,1
-3.3497421915456127,10.766558425856164,4.662440259796727,0.1,SUCCESS,1
1.368177146056495,0.8581179295600924,22.21189085232607,0.1,SUCCESS,1
2.6525326552077395,0.0486258609515937,8.486077848267199,0.1,SUCCESS,1
-2.128297714402578,1.0668988273853968,84.22870685921781,0.1,SUCCESS,1
-2.6627926820203376,11.658899653024068,1.732639785642064,0.1,SUCCESS,1
-3.180218290748408,14.325680859445162,4.237487752537691,0.1,SUCCESS,1
3.076204185027452,1.0666743168014206,2.005684721303334,0.1,SUCCESS,1
-0.8627943281605255,4.939458115248333,22.64475528596144,0.1,SUCCESS,1
1.4880523422947496,1.05065180314092,19.01383054225448,0.1,SUCCESS,1
4.583389347721127,0.0671299772878005,10.592714762524304,0.1,SUCCESS,1
-2.766019878807134,9.861289591446628,3.4060612233068097,0.1,SUCCESS,1
-2.815152382645861,10.808353883028548,1.3892507012173017,0.1,SUCCESS,1
9.410889200519604,4.696891267036308,5.387701163312532,0.1,SUCCESS,1
-2.6499657154439964,8.481272909978403,8.522948979066086,0.1,SUCCESS,1
-2.390605261070416,1.0689114331191962,92.7401048812866,0.1,SUCCESS,1
5.812285448797189,0.2236002055038605,19.34922362965621,0.1,SUCCESS,1
-2.5608029505520147,12.634225660881144,4.901329835701372,0.1,SUCCESS,1
8.545942373507389,2.9463815307540044,5.111985123029996,0.1,SUCCESS,1
-2.590538514612783,12.607467385391235,4.435740532820993,0.1,SUCCESS,1
-2.2970327381818545,1.0979883067651666,88.99154776895395,0.1,SUCCESS,1
9.971653012968265,14.964422608968745,145.54610379474207,0.1,SUCCESS,1
5.387092293777947,13.146916042086682,159.3198700414801,0.1,SUCCESS,1
7.812153987048665,1.0436728555648545,10.567162579859518,0.1,SUCCESS,1
3.1868070283995014,5.881504170809473,13.668229632752366,0.1,SUCCESS,1
-3.7077928027883145,14.964126667049731,3.552704199475084,0.1,SUCCESS,1
9.97165359933825,3.006448541199171,1.7993156167604347,0.1,SUCCESS,1
9.971074927167027,3.5349861263667126,2.109728381490534,0.1,SUCCESS,1
9.81716277416016,1.0774835634743531,4.184522597933254,0.1,SUCCESS,1
9.99994185522934,5.891942225577285,10.289408176575025,0.1,SUCCESS,1
-1.80992125565756,1.077482100864375,75.3974239772777,0.1,SUCCESS,1
-2.811689332809383,14.53277690637582,10.13635241041343,0.1,SUCCESS,1
-2.3466374857087167,9.855070626519336,3.624878980173114,0.1,SUCCESS,1
-2.88995541686296,14.964220397241188,11.496677746488617,0.1,SUCCESS,1
3.532303114576413,1.3231457756257283,1.5662380631364616,0.1,SUCCESS,1
10.0,6.089544913561026,11.47016804814426,0.1,SUCCESS,1
9.977463722263083,5.705639812939321,9.252970913419084,0.1,SUCCESS,1
-2.7871278345074164,10.235804862435346,2.4433909422425844,0.1,SUCCESS,1
3.193483971248261,5.697129286927803,12.397982887862147,0.1,SUCCESS,1
-2.568189846897154,14.292378367953493,13.175777274235775,0.1,SUCCESS,1
2.927989925182937,1.9656738192980368,0.8482409926740093,0.1,SUCCESS,1
9.709859813395466,1.3234489285614148,2.7525116378921077,0.1,SUCCESS,1
-2.6524648187467745,8.554262167890519,8.160368297328041,0.1,SUCCESS,1
6.807391444359297,6.089182773715571,42.68670418169394,0.1,SUCCESS,1
-2.568161353597751,10.046493163389382,2.7310569428107856,0.1,SUCCESS,1
0.5488513052056581,13.68128211767844,90.71219322045884,0.1,SUCCESS,1
-2.650602186330416,13.313928109879914,6.318484396162723,0.1,SUCCESS,1
-3.847045048255256,14.329695539563955,2.776780934097503,0.1,SUCCESS,1
9.679312093416156,4.131972387965234,2.763323841276748,0.1,SUCCESS,1
-2.599759240188651,13.222164362066682,6.66351070656984,0.1,SUCCESS,1
-3.0034114921965385,10.420954257553015,2.813299791043676,0.1,SUCCESS,1
9.41102517502855,0.4500394930846825,4.452511244889084,0.1,SUCCESS,1
3.153996149684284,1.0663127512010329,1.836308850144178,0.1,SUCCESS,1
-2.557737425037583,5.323207887361961,33.26666789714604,0.1,SUCCESS,1
-2.547329693695293,12.67068714514062,5.206134155332783,0.1,SUCCESS,1
-3.976038310937995,14.877312377391258,3.808368677419177,0.1,SUCCESS,1
9.411387231704996,5.021951854905631,6.943258542837751,0.1,SUCCESS,1
5.073328683997188,1.04352049957122,13.433895099973126,0.1,SUCCESS,1
-2.3920055070766457,10.48029514377062,2.9758761627520007,0.1,SUCCESS,1
-2.380085342243197,12.641060899592404,7.549648005772804,0.1,SUCCESS,1
-0.6993933685385532,4.68106308071706,23.57410850736436,0.1,SUCCESS,1
-3.1957548066995507,12.40471741123723,0.411968682779209,0.1,SUCCESS,1
-2.9096174714837644,10.567624319048742,1.9933559354135169,0.1,SUCCESS,1
4.434314253049118,5.01932289680376,19.871569965834432,0.1,SUCCESS,1
1.3562023523434936,1.043488893908452,21.259979001546547,0.1,SUCCESS,1
9.971706431550892,5.630442885957765,8.85002274918463,0.1,SUCCESS,1
8.428452947741881,2.1020953053585303,4.897408772850609,0.1,SUCCESS,1
9.970683651616168,7.0016550387683285,18.01563585900084,0.1,SUCCESS,1
-2.5567116670618097,13.056424460846545,6.585741136702728,0.1,SUCCESS,1
-2.9554000699280127,10.568588612014093,2.1600900541593004,0.1,SUCCESS,1
-4.9915906053667225,15.0,17.325323949683074,0.1,SUCCESS,1
-0.9914870782008488,4.611023874252899,24.829296223463636,0.1,SUCCESS,1
-2.4104745846197515,11.751773035558186,4.208607954927296,0.1,SUCCESS,1
8.847251181294132,13.7666086873039,139.68131448057312,0.1,SUCCESS,1
-4.991718671041216,14.527965689136808,19.59340227107168,0.1,SUCCESS,1
-2.7882577875196377,10.786410850528435,1.4208383100210344,0.1,SUCCESS,1
-2.761674061979208,9.841025204265502,3.452891550262746,0.1,SUCCESS,1
-2.541088323649884,9.848988737603577,3.1375167215687814,0.1,SUCCESS,1
9.409126302275656,2.6105685633459275,0.4211868853858433,0.1,SUCCESS,1
-2.862384154130009,10.411657828596944,2.215525289411421,0.1,SUCCESS,1
2.671150313295674,1.9638931189256836,1.9402353301607336,0.1,SUCCESS,1
-2.362156516518952,13.435467269012342,11.902873347920782,0.1,SUCCESS,1
-2.911615639557063,9.843666383680445,4.2057159143746095,0.1,SUCCESS,1
-2.682660914923436,10.567796322962892,1.7902328770942404,0.1,SUCCESS,1
-2.7173225810713904,9.842617222856653,3.311352082827706,0.1,SUCCESS,1
2.9901748078012185,1.9628797571090455,0.6953861680545774,0.1,SUCCESS,1
3.443331619534081,1.097801214164408,1.741141753379047,0.1,SUCCESS,1
3.450320568944127,1.0642854304953535,1.8167080054398903,0.1,SUCCESS,1
-0.735512726416875,1.641301321668109,48.470764697000085,0.1,SUCCESS,1
8.894311402432033,1.323055871035332,2.2663332400980742,0.1,SUCCESS,1
8.852953928188155,2.513439722451732,2.1544415265322243,0.1,SUCCESS,1
-3.4064742117530704,14.964432760062412,4.9098733977792905,0.1,SUCCESS,1
4.510770547602576,4.5690890927265,17.80952743927834,0.1,SUCCESS,1
-2.573851082356591,9.986713800794009,2.836494598367016,0.1,SUCCESS,1
-2.357497348338444,10.32651419452331,3.222044557766008,0.1,SUCCESS,1
8.334746489503354,1.0775309289590038,5.958220306290325,0.1,SUCCESS,1
-2.3898434469146608,10.650203100472831,2.9975448405034664,0.1,SUCCESS,1
9.97137844772923,6.628100325622032,15.144532680251448,0.1,SUCCESS,1
8.848751705104688,1.8337328729238016,1.9866437878731489,0.1,SUCCESS,1
8.846781753022896,4.706952370124887,9.12049387154269,0.1,SUCCESS,1
9.953269882538711,5.6246444022654405,8.824907286334772,0.1,SUCCESS,1
6.497082735227442,12.300600403174132,144.5519800074508,0.1,SUCCESS,1
3.015989800223652,1.96352720722592,0.6428317648183892,0.1,SUCCESS,1
-4.48561920642168,0.3944366419728815,243.27767412956936,0.1,SUCCESS,1
-4.472503532741619,14.97744394418032,8.244074126724398,0.1,SUCCESS,1
-4.717043504227531,15.0,11.954141033337365,0.1,SUCCESS,1
9.412415741905342,6.027261859219811,13.091237957233762,0.1,SUCCESS,1
-1.290690250942229,5.655401741756596,19.48758158288015,0.1,SUCCESS,1
3.736600438212637,12.92299679113976,124.51069404361364,0.1,SUCCESS,1
0.6812624160973106,0.3693249428385264,38.6773496230252,0.1,SUCCESS,1
-4.73795520561187,14.823291465996382,12.861318557249495,0.1,SUCCESS,1
-2.3621765288583143,10.547000230449374,3.1742280545215893,0.1,SUCCESS,1
-4.483548074805887,14.99221909716332,8.370057079849055,0.1,SUCCESS,1
9.103436980959415,2.6128507173427056,1.0458680930665238,0.1,SUCCESS,1
9.331008653638229,5.6907100579949175,11.28833647721433,0.1,SUCCESS,1
2.114587496726598,5.505023519819877,10.289172705497148,0.1,SUCCESS,1
8.934609232687993,5.579364918812467,13.686235967693316,0.1,SUCCESS,1
3.9185608597086334,0.3129665621502649,5.209910579035617,0.1,SUCCESS,1
-4.492853742570865,14.93453620504311,8.587448809173992,0.1,SUCCESS,1
9.01471486157985,0.4174586978929753,4.1985051898600165,0.1,SUCCESS,1
-2.8089296466771057,0.7283784641737031,116.73309267614609,0.1,SUCCESS,1
-2.36112744453408,13.06007938115348,9.84377346651442,0.1,SUCCESS,1
6.374259755596828,2.048129399925985,20.453753528878973,0.1,SUCCESS,1
9.055802059231413,0.3960640031865078,4.231377645798595,0.1,SUCCESS,1
-4.485099334035504,14.960555403664609,8.43906719412151,0.1,SUCCESS,1
-2.2250558391551185,10.578624241706208,4.314639087765838,0.1,SUCCESS,1
8.529922409884607,0.3892618286347952,6.049990508133003,0.1,SUCCESS,1
