x0,x1,Throughput,Timestamp
30,-27.776906072967368,86077839.74423277,362792
23.55554620287596,27.122340785103418,27851608.982630353,0
-11.007784201608526,29.253844492194432,845026.2891062471,1
19.531271651681067,21.220657754963874,12978343.503287952,1
5.824659815912931,-29.54779119884293,402923.89786480484,1072
4.537975169616587,-26.654388175805405,223246.1522509307,2010
-9.252688560364057,-1.7962187626549806,764129.0817606659,2922
-14.63644341411376,7.698719992323461,4265574.585408169,3825
10.215652502913429,19.864832891582893,714020.7525865543,4677
16.76662992006125,-29.800889811683827,9667421.026771279,5458
11.447913093859164,20.09896175585409,1231227.0590336919,6290
6.769994626367172,20.77381112173937,62828.721724727104,7145
-0.16156988399744776,21.080240832495882,44329.01353663995,8026
6.305638134591831,7.465088602575776,104331.20599380197,8049
-2.539084003599573,21.159552535624123,21658.599581451203,8961
0.6809535535240414,21.19228951240236,42967.55346879787,9788
-2.3508824241554045,21.20388992382899,24588.819306913683,10617
-3.0304088967707514,21.432163528790007,15019.518688937604,11395
-2.8116865091664565,21.99509225891405,19865.961632768118,12158
-2.5746700571174266,23.971468286842253,30089.1558994946,12961
-3.8858129707118323,26.884379872532342,13912.11049160503,13801
21.123824466766955,-9.06950968456901,20728890.86826008,13827
-2.994036493089453,27.122304299930136,32987.42950146353,14612
-3.6137929178823605,27.136266672601188,19836.825182695706,15398
-4.717965555995395,27.501047212451887,2780.3924113808885,16215
-3.529783966728285,27.582398935555382,22891.104686654246,17009
1.8663874362786608,27.12840477142865,55909.36593866538,17806
9.6674901425028,27.12271636112051,440143.49677430384,18622
12.693309993782393,27.580452578822005,1783420.9735568077,19439
14.220411620424393,27.285704713218514,3060379.277531838,20261
8.393482547849985,-6.800170194660005,596822.0295358589,21112
-2.946966154744942,-26.5806616043116,124379.51326928467,21911
-3.4881180288018356,-23.548833141920102,127581.98391597444,22748
14.546337557979108,24.209657962007185,3511545.2360967128,23568
18.08020660597252,27.832862879771483,8944040.386141613,24368
6.240671150511524,-23.664668173244568,392036.7461323544,25172
-3.564965901015274,-11.29367506754943,57633.59294577717,25949
-2.1488667751840786,27.122304299930136,50655.95901933603,26793
-8.781486593623885,27.785114598835662,243434.57091437612,27667
-4.283739154958063,-8.978731586348594,74716.17681566702,28452
-3.229419628794112,27.96799578796763,30778.995153017266,29257
-4.851341733995877,27.921090055751478,1957.5636361160234,30052
-3.926164801595874,-9.420560624782944,61703.632068709165,30847
-5.253314907858989,28.020029278633615,56.97247032973499,31648
-3.5991623166196334,-9.191444135671343,49063.08627811166,32503
-1.4423554618800907,-9.065888587067224,12429.916125656808,33326
0.4667649525333033,-9.07393200353162,8634.04189658376,34147
10.161508258824064,-9.070365437378616,1261810.7889103536,34968
-0.3978628360230161,-9.06831533301401,8514.987542135572,35771
18.370857259172347,-29.148102774527192,13442534.002081929,36554
2.841348962876502,-29.962626137449238,144676.28387948236,37410
15.376908794296426,27.783642378204213,4354343.3670178205,38238
1.3097076398238876,-28.05997161021939,88656.97894332137,39086
-1.9596080316363036,-29.039923986331775,108118.11789504348,39941
1.781747856768888,-29.117101329164434,104276.17280692267,40811
-0.35887607566112933,-29.204702400249808,86047.23613820624,41627
-0.5312256011621486,-29.148434158405568,86618.57111161054,42481
16.63952048482338,25.932063295346488,6297412.185115601,43317
13.154058783486875,20.96957835866897,2312362.4746354194,44144
-5.70310134306547,21.271115887858677,12710.743716237796,44993
-0.9413852254967878,-29.12922139214072,90096.35798702332,45818
0.6207519447698076,-29.136731706579795,87155.37414685347,46669
7.716259779542824,-29.309979258088212,789488.806393544,47486
-5.70310134306547,27.839683724923844,2240.4924024965285,48276
2.301506585855023,-9.070399156890598,20643.715999313197,49111
-2.61907008479616,21.250511119283225,20723.136868291247,49910
1.8757352715207283,-29.830426237838246,111215.07339535958,50725
16.722901740927554,22.771323301880876,6599192.28628263,51530
13.680656899176547,-8.014268868194726,3809474.8894304307,52369
12.256837057919505,-29.92060547034166,3245552.751078467,53224
0.24470502845564823,-9.069225713377847,8334.628589035736,54079
2.144078416744186,-29.14426958394208,113849.12383915503,54908
15.771118250947026,-28.827990717350747,7703960.4702970795,55694
-8.815138289104958,21.23209904611582,319033.9749507849,56623
-3.9337247371233808,22.748694645453035,5316.182976134874,57458
15.554293048386796,22.651428033444596,4808785.5914335335,58314
30,27.887826912662383,76058805.24471183,59181
-4.311994685565807,27.88426365215617,8660.421249671397,60003
-2.6384461634377097,27.88528855310085,43794.157219785324,60868
8.439520794254662,28.023109435093538,186700.09861202017,61724
13.40689764568333,27.890095770041533,2306142.223998553,62586
16.205162830610234,28.378002226571674,5486567.701385055,63427
-5.044652801901616,27.887606476663393,631.4511887396393,64274
16.664166817789493,27.987148139668733,6235619.3125790795,65134
24.599667662952093,28.278841567891156,33277857.56441428,65953
27.14009869355204,24.694833382212195,50679438.12884664,66014
-4.407426158542922,24.033624054316412,2152.808226785006,66830
-6.57709490891061,24.10319400932937,36748.75139331849,67667
-1.3977382837534158,27.888314396310008,67266.3151640522,68534
-5.524744076033006,24.156835976431275,4095.1183951451153,69397
-4.995146439569439,24.321176145052803,75.67107832328065,70237
5.786723617569471,24.61526557690977,7892.2076525579,71108
-17.921331807734354,27.887901037243466,8602039.447438825,71979
-6.810723241303901,28.38053821846465,32480.496591668878,72817
12.183453024156385,27.887745363389918,1453325.9592974193,73668
-4.436492909561288,24.637116910974747,2484.40871379377,74526
-5.057889692861231,28.13742091698679,689.5888169235265,74589
21.41070388295772,30,18354635.49873942,75437
2.3183911437463536,27.88781490544232,50684.70308316042,76293
-5.075989280133221,24.908524471461533,110.3870066456248,77117
3.956657263788557,28.273780648019837,15931.759323065065,77950
-7.662768695615441,29.714773667142154,84193.89702709221,78796
-5.156705388704047,24.755747250999285,374.94439562194975,79674
-5.120169121875087,24.665913021458643,277.77430756314084,80587
-11.462660017070245,19.415802820420495,1254035.0612114684,80656
-23.543855310722893,-13.349502481861812,32224688.025496952,80725
-4.655630734303571,24.711048626807106,953.8075047215835,81607
2.3262089717112673,-12.731851819889922,32918.96659109119,82517
-24.46970705818653,29.300984853744644,32429753.233802486,82588
-6.273674744165028,24.691122711873177,21567.55349066527,83474
-3.062164575238171,24.69770910581842,23489.367776521874,84371
-14.805927341820478,24.695911564251183,3784036.2509538485,85223
2.074632950189148,28.2761435697415,57467.03312298643,86159
3.8365996383714887,29.42649120094763,21637.614772132096,87043
-5.689982588669579,-13.497198302387329,210478.88771203425,87918
-2.997380281427173,29.302771823001706,41300.05529459079,88834
7.812684312506221,28.278897302760967,107362.53057941052,89681
-2.218829202986697,29.27998287451684,59335.63329099198,90591
7.520779582511693,29.29864358077623,74372.26535897522,91434
-10.022258649209125,29.70596035141115,500532.1201134301,92296
0.6655955207474555,-23.983636258854645,59666.25270983141,92373
-0.9909677087477,-12.868643308174935,19188.04304905495,93249
-11.403771922235428,-12.655887172278096,2036537.1149277622,94097
1.0719321673097255,-12.946038992262945,19867.12632655981,95003
-8.45046943499236,-29.16613719689145,1011653.9721418284,95911
-10.445131338347487,24.694712618434863,712569.2209393036,96807
1.6303066026458666,-13.28119225471783,25405.86226111788,97672
-29.348524434070182,5.364353882613116,73269647.4907465,97760
-4.890645122376647,2.5016453551191873,45902.47925617062,98604
-2.4272782163787774,5.319601621506536,44.47355042171519,99496
-2.9966476545535556,5.367206177023363,1321.1268103265381,100414
-11.527815775086033,-8.570426548983967,2001277.3540966727,101316
-9.770777342088483,27.88783821770032,456825.05096538755,102168
-3.0296406082643905,5.3408850188480415,1489.1374380362931,103022
-1.5311926373079032,5.357551362238198,914.2241192037429,103910
-16.11732578557051,23.576315781650507,5578953.1701098615,104789
-3.0963141228257136,5.36590381980826,1798.6811318071232,105701
0.07568296655466256,5.363435165906651,2871.3570644492256,106646
10.44359674863913,5.365347876504053,1075527.9763126685,107567
-19.439983198017565,27.86534832373821,12253749.90855674,108445
-20.306720961118263,-29.993148945585048,19568342.81282254,109326
-21.214940296550772,26.29911267009028,17958982.89407714,110175
-20.968721138037466,-29.419327722021876,22006582.267516058,111055
-16.098728299031198,-29.266446861883292,8319796.115684689,111911
19.991372086850603,-0.1461406174932094,15984452.510985333,111998
-21.901260445929417,-28.888555761268616,25863217.645265255,112898
-29.010862458653012,28.042614350947225,66193366.93783816,113816
-4.973786239295276,28.11760288318576,1177.4862620437143,114782
3.544677392999702,28.02933397238457,23921.84879729854,115704
-5.4761216103999,28.059186987042807,413.9365839916828,116581
1.2663022715132008,-28.83471441637011,92648.69113898715,117474
-5.157273200279381,28.034771982082432,244.49661399243087,118389
12.524204452275363,-4.599569700574488,2606913.127067495,118481
-6.08163615744235,28.04270883238319,8048.928919330167,119383
19.171230155858552,28.038470473774566,11526191.909290716,120262
-4.194619080063539,28.038380875646816,10933.761171530945,121132
-21.315398172507614,24.609874123049494,18467828.890575595,122026
-0.13788833774549403,-28.891540328729747,83583.30528711698,122920
-13.428976603302772,29.615542705350236,2271916.4021831295,123814
-5.144464566164196,28.04208908267818,286.3128165669535,124681
-25.373000169150817,-27.825271204606146,45107286.9443482,124776
9.849116926790089,23.101505256798234,546252.5011016498,124868
-17.721955130585904,28.32208738843468,8165405.661411442,125779
25.467495067093907,-10.285440957908321,43412718.84482686,125871
-3.4318542256691345,28.04208908267818,26472.92564081322,126781
29.754833117189143,-23.1711025077128,82541903.26024115,126873
2.9638643817512857,-13.326516678605344,48893.5275664972,127757
1.2671261486871046,-10.509989010277593,14678.842087616556,127834
0.7621543583181847,-14.8826388091784,23912.095696387434,128696
0.8195838218056437,-17.57970139839893,33311.46224504497,129554
13.326293087707121,-16.649142834429856,3773039.796017973,130423
2.239114406077505,-23.383794424310015,80642.92567374205,131318
14.209010871898315,-21.68256666428228,4998911.576086204,132148
0.9591229388894824,-22.30610760050601,53944.82267152069,133045
2.4658237855833107,-22.323458694849226,80679.42525708815,133910
3.2880162778395388,-23.0881344643442,114920.71282691124,134764
0.646040866562803,-23.201534407688634,55785.38416648008,135622
0.7513416716110939,-27.56220428666178,79111.29171847722,136527
-0.37877255442439406,-27.6828238439755,77432.15639857156,137385
-0.9176123973012054,-27.723614289280682,81603.18069048754,138258
23.672565879307577,-23.331295456691176,34073612.93752765,139102
-3.6933968896682288,19.360439933038137,3293.0207238211283,139179
-13.177834123140386,-22.218181605370898,3836843.5676317946,140073
8.243643931738703,-23.14273683177955,829980.7967479883,140938
-0.4882026859771571,-23.15106155720228,54708.63398063847,141809
2.432244976268919,-23.157568966033303,84528.2204810745,142711
0.6605059571415559,-23.191263186674313,55826.13881824938,143602
-7.735577299777351,-23.17942362712227,689284.7693116309,144480
-1.6413606218282766,23.576020385554294,43612.58414933304,144558
-3.3289628688121624,-23.17722784961242,117388.16659943467,145468
0.4629168793699634,-27.752899914922285,78216.67102699526,146328
-0.19191491046833775,-27.807278597126366,77530.86644047074,147201
13.757806437011844,2.4977984444703765,3488818.664134541,147281
2.4658580826473937,5.364457035199628,53.41420367203775,148142
-0.9633656250520914,-27.825672589313363,82681.64522962783,149031
6.144827225991946,28.276853049563364,9017.393789189739,149862
4.273595521753236,5.364428311712125,16649.627652529776,150698
-0.19197572938650964,-27.817081035564254,77585.59429456986,151562
-19.036240767085857,29.713545849652633,11066996.130767426,152410
1.585393374358386,-13.370202400827978,25229.454413701125,153247
-1.0166500590536955,-23.17414772901507,58605.4621916243,154159
-21.29521581294624,28.152919354393063,18091338.444421012,155017
4.921114981839182,29.30227015522958,2600.993391841856,155889
0.27131363541207776,-23.170703140500667,54030.34538268134,156785
-8.299627468319148,9.967751419762351,347196.7509633849,156869
5.318737721658351,-23.172299569412772,264844.8878611649,157788
-15.88986006627946,-12.707675940441835,7033141.512628045,158673
-9.803256765345381,28.042246128798773,463354.8100442264,159569
7.3880577089082635,-27.820624658333134,679083.0810511803,160421
11.095500709982574,24.59245454627971,970675.2751391827,161281
-19.87990156195885,6.0157422841803125,15147690.832700832,162142
9.90972235814386,-27.823480999893803,1588336.6221876615,162997
-22.324763766197787,28.004305554656668,22127291.851070724,163861
-0.7654619822671194,-28.84659218195344,86630.46510066168,164754
-22.630065248571245,29.59360483845365,23283716.41138841,165610
3.7020723479749904,29.299662681580237,24325.592215043274,166473
-4.671479959978257,5.364159970317189,27120.602022808573,167372
-19.980396143563404,-23.05663937497679,17831877.80257714,168253
-14.098807323905243,28.27789774416891,2907200.808460669,169153
20.297382324298162,-3.8914040126335117,17295585.03298513,169265
-0.8764222524394789,-23.263392766531407,57754.86214977501,170145
-19.921629651420297,5.546494208640723,15313950.266293552,170989
11.564639380049435,1.4591310694318267,1749957.8271946693,171078
9.882366371985114,28.20815291441165,482450.98673839605,171978
-18.289184545708267,-27.593461666633253,13111124.712533776,172826
21.562741943611606,28.05459599063999,19088343.019732263,173651
21.655683969972706,-22.605121521794985,24164903.76585082,174496
-1.5459890613031462,5.36417710032169,891.0061211951365,175396
-14.920815551679604,28.042474840883514,3786712.63876331,176279
-1.0169072228187055,4.676124381020678,1330.5018555494016,176369
-0.16646245621959466,-13.349464775409473,17896.240461197413,177267
-23.225386088999866,8.09288046342568,28231284.534771297,178140
0.9105681009084492,-22.49182608849351,54386.72718547884,179038
-25.733242338861846,21.17878356000427,41091504.052749716,179940
0.7329734624737156,-22.72977177862018,54135.50199779128,180804
3.0296206766919695,24.695206185573703,24080.62162872941,181732
-0.4270669396005218,21.205381217241936,44198.6685919029,182588
6.984779301181369,24.617920721916065,58450.94275214746,183499
-4.425952178096718,28.042587577848643,7175.666179221046,184429
-1.7032603388808276,21.171425954735938,33387.804078522095,185346
-9.711110705735933,29.300551648392137,422681.28389213886,186209
-3.1629280129958772,21.17680523935691,12500.23378205837,187077
10.367717169155746,21.179310751709096,745033.6545649498,187968
22.13539548275279,-29.178763884389575,26952585.88693926,188864
-5.786183588938101,29.518675181661827,1615.1987546326952,189769
13.224536101964716,21.177360584790776,2362856.4231424513,190711
-5.148249201619741,21.178192150310934,2874.7243731205645,191624
11.290529140689188,-27.825171759889017,2411952.7894769064,192543
8.888706944268122,21.178984950774023,334494.5812159278,193412
2.165811355718432,9.618779538221382,2429.9176397261785,194307
-1.650903441017494,-0.5815753418471701,1100.6902287541304,194404
12.63144442804068,24.694868057488115,1818817.3397427453,195328
28.85485999924265,29.402089462638486,64513937.41933216,196229
-4.504639417080163,29.30248573017257,8149.589538417308,197158
22.163770030687118,28.955314400611776,21370486.211254172,197263
5.078007056144692,29.348913173875083,1285.9542502102995,198178
4.483507235991802,29.380556274059124,8621.597708463258,199050
1.1751514771147882,29.38928502188388,78446.54012895293,199906
9.829320422309692,29.39970500943268,451874.8037689228,200851
5.048179237203016,29.41616281437559,1562.488848970101,201751
-1.8878654227789724,29.405615113259273,66787.06162524759,202649
-28.913511466058054,21.048159556625734,66414101.819053724,203530
-0.29800190866560783,-28.878687475647997,83913.24763862925,204420
30,29.307862408457233,75811320.846373,205335
1.0452760578779206,29.312959774985245,79638.86113493245,206201
-12.356190093161523,19.123153444631754,1783799.5417735504,206304
-4.129648418678471,29.30979887946497,15046.783563218298,207183
1.5620098707031644,-29.184901170314397,100012.96160115192,208085
-2.977518978691169,29.3058420706258,41796.09147741878,208998
-4.300801204423593,29.306571847706557,11713.018496397995,209873
-17.626412216156346,-11.372465881901157,10372796.391667077,209980
17.61661423317768,29.404635216022598,7893030.420889166,210905
-9.105770213894814,29.309382635297453,287458.8966925596,211787
4.711277703358064,21.040551388543044,147.31153097686177,212688
19.776393948703344,29.30765398581225,13090139.331887454,213624
5.334652378696518,29.30696068472551,90.77504928800232,214514
-7.511677294678485,29.308713611914584,73603.351494904,215424
13.298805156136943,-23.19001927081677,4002081.007365755,216292
-1.0402088008238408,-23.333560659372587,59616.29041475826,217256
0.3194348667780069,-10.379138056381588,10985.969650638282,218226
-11.356210523354665,29.301464704963607,993405.1516889133,219142
12.121258747795153,29.308368652883424,1383488.84765508,220076
0.588933877693318,-22.756493517733283,53376.58531939705,220969
0.8564956722826444,-29.148055796877642,89291.26528855474,221892
1.6931665333537467,-29.148847340457838,102500.73060499906,222758
26.10318513658227,-15.314544545742736,48538439.87277243,222866
7.331034611384666,-29.1756606784066,687608.2302588192,223827
-28.848197516747973,29.37500634770747,64456658.43930578,224730
5.129669926528024,29.366884112329522,949.3613496617915,225649
-6.541025958579098,29.370326833037836,18052.267933977328,226542
8.565184991244848,29.37430243900637,193552.45136330917,227441
-14.182419847795783,29.377498988538534,2950501.658522241,228342
-26.75837895320087,29.33388072241602,47153295.74510784,229281
6.269332007733311,29.338826420250584,9959.278332501854,230208
11.24752624693295,28.04261793900792,969625.4458603336,231110
-5.799521021513197,29.308186804848418,1917.8836863139952,232047
10.38138045952794,29.332719615260025,615376.7141176404,232969
8.097420481114405,-20.87221821249377,747245.2823826685,233083
-9.234747987967726,29.30798876259057,313397.739596285,234007
-25.411219857894146,29.316278993516022,37997296.76775431,234926
5.598471095855629,4.604026425172648,71517.767558672,235042
1.842900671356567,29.32382356107854,67224.44703517534,235954
1.8555080415748648,29.31374931209318,66930.76408739461,236865
5.429456774534486,29.31499782266291,22.30978715751295,237810
-6.497202372098478,29.307907682518746,16711.997260050102,238744
-9.559432940285827,29.341385717615594,385024.69082710845,239674
-9.946637708931284,29.315771271854402,484811.9079388102,240663
-15.937801176104703,29.40239927930574,5045301.8301196,241607
25.09227657029082,29.372446438391258,36030574.327632405,242557
12.338754965163801,29.401753599588346,1509171.7925550456,243464
22.903473426378902,29.350530535103253,24524622.420506746,244387
16.878065254591533,29.376880471067388,6527878.859283485,245305
12.418475264341424,29.31822198670597,1560139.023077479,246206
19.189308211546496,-16.64014345436692,14812798.917013377,246327
-3.229701113826671,29.35883042780585,35844.28311695894,247287
-21.401215051956104,29.345139266770545,18376030.052210435,248214
29.791541855300927,29.310973786214014,73655842.69885378,249126
1.274084822986886,-29.179691119564954,94882.45286777141,250077
5.508356839979598,29.37528890899307,113.7773628358554,251024
-3.0126419965370346,29.544842498280964,41913.40431415246,251961
-11.195824294732617,29.307865264573458,922490.3216325332,252858
0.43883011535366734,-22.976083302730093,53678.97316358153,253805
5.256879673992742,21.044669937775588,4361.081237082057,254711
-6.151132194215105,29.307403285050412,7325.563706453991,255631
-23.941066952208633,29.851824273147393,29520595.352359492,256612
0.02002723271975171,29.30076757992139,85852.10799070004,257567
3.6133796287310886,29.729670542040438,27806.25019167958,258500
6.490116545782087,29.774721796837177,15274.713069349327,259449
6.3264516528497765,29.373085384642884,11372.549098598325,260416
8.374365779822377,29.307546697277004,166701.66871426054,261340
-2.340181650045789,29.781328036342828,59083.865695128254,262323
-3.843414780948791,29.795195994695213,22593.589679008823,263228
0.3856858850239817,29.84364667854875,88179.04486515206,264139
28.366877975951972,29.30696068472551,60121047.684160754,265082
3.16266003794793,-26.454027408132347,132911.92203768095,265208
7.391599775337362,29.30696068472551,64195.5953777091,266153
24.08333260178769,14.083885567168224,32027419.70895947,266281
-9.617711385637204,21.11912348297986,509641.00402590574,267226
7.581706010175147,29.30696068472551,79428.10195423003,268126
-10.124188764622826,17.856928646757368,716555.1261013754,268253
10.979859356956212,29.84742678980163,822927.9159800248,269319
-12.759107188263663,29.310975541444364,1781982.8858371095,270288
5.567493321549051,29.30696068472551,306.4791611468512,271220
10.421396894593833,19.158220924960517,800170.5728729488,271349
7.7299863701365865,29.316060795107596,92684.12808448108,272347
8.83409690280304,29.37528890899307,236899.12602054825,273326
-22.235418417663144,29.306928990455255,21632983.026781965,274283
10.764754377890775,29.30696068472551,749583.3700561993,275201
3.547992925510002,5.364342629469732,5224.981527152498,276151
-5.7133163800612365,-2.951818452181101,126736.94633500875,276279
-17.629193387825474,21.08420192145706,8393202.733069705,277204
7.679409329379709,-29.435590227146186,781658.2904973255,278210
1.924958103398307,-28.885590505807638,106218.53697103151,279128
-0.21262816064318812,-29.175846072469916,85388.48655983238,280070
-3.3314699310759615,29.35212962382495,33337.5604994473,281006
2.10155059084898,29.876096031004906,64820.24062213405,282009
0.4344369078151189,-23.327838828275038,55303.24633139551,282922
6.819544560582607,29.9184603762278,27549.137916626776,283874
-5.215887628552288,29.316536499329224,484.2916285000715,284849
13.854044336817374,-1.0650001635115274,3725047.6499670525,284986
4.5096192300337705,29.866310338740142,9093.730312008522,285937
0.869513022394429,29.37047951197043,81878.5580822775,286862
8.642601942174032,29.348234408705878,205687.409382491,287782
29.495886272868717,16.882828215668965,72782949.64939275,287917
3.6278463854914094,-29.179006280629437,179276.8000200467,288863
-4.4411512401844035,24.69479536402674,2500.661420787938,289777
8.104891148275676,-4.806331474585498,497013.3286210342,289914
-15.112610449190846,29.334982001484207,3962589.2309393077,290871
15.00214871079384,29.374471007816098,3829653.4718545997,291805
2.9420276829989263,16.03810426499946,5454.016344950924,292747
-8.5321702547154,15.55694096858143,327743.9362755101,292885
0.5466010233347411,29.33376194957929,84303.2657665781,293836
-1.0116005743243477,-29.358599479146367,92310.24519337436,294776
3.4157076293679864,29.856993310088136,33093.20808516175,295706
-7.621902420286808,29.873702846428834,79709.44821617147,296652
0.050443934398057166,21.061313696509593,44348.077282670194,297564
1.2649009679016672,-29.17671067880442,94720.50497720702,298482
0.7855478527454096,-29.1783606082937,88776.90644557102,299438
0.963188282142319,-29.34671948106526,91654.24058589131,300385
-4.267935991024572,-29.41932283526557,226933.2672360655,301364
3.3583741856505327,21.051165294172606,9555.714340859646,302295
2.4978300739636055,27.122575266495723,43613.96737019928,303248
11.699957616398372,21.178729503479133,1339001.349286191,304189
-3.345710071569499,28.005504308826836,28282.30646239622,305137
19.28305976942115,-22.483415792495265,15549145.515358238,305278
-1.750470569596704,11.541166262591041,7193.550281635303,306199
0.13397275728005198,-29.419393141290836,86656.4594694802,307163
-4.353071435238288,29.403459673055714,10957.745255311265,308074
8.052189015562632,29.85248018923061,122446.62934563939,309011
5.710773200332298,27.999062291433525,2150.96941085649,309990
12.973100618498869,-16.758017475508005,3424839.9213938853,310132
-2.9020200517323858,9.251658340827959,84.10546225742166,311055
0.5867927479708825,-22.689834981087785,53057.42670237641,311992
5.403763792143806,29.005538475772184,23.200498265623867,312911
-0.007825484153713091,-23.33192658808988,54439.18130483086,313893
15.809701100387386,21.04741040952586,5239705.464647336,314817
4.979647315554018,-23.171278774998413,230110.33409018486,315785
4.716958671476533,28.99390461389728,4562.246571779626,316747
15.490167882681007,29.316172141985135,4436672.958731095,317709
4.688090763170685,27.17368601256443,2712.91469576918,317852
-11.529907800780602,-29.478312589950985,2638087.996799304,318856
-5.144667182065607,29.851700972990642,1182.9705939635849,319812
18.06961751363378,21.972869789069563,9274643.342388859,319964
-2.33463269583552,12.205473330697032,4574.072972269834,320924
4.48778828401997,28.744190096073197,7414.954056416818,321895
15.293370473470873,-25.7737322996121,6742583.260855611,322067
-0.45930300508242894,29.30112640053401,84625.91204708189,323019
-2.422892734946373,28.96848137733516,53363.81000225703,323992
17.446819377683674,29.307831802585028,7567373.300732767,324957
4.546947593774668,28.8015206834974,6617.049584338184,325917
5.951250320646174,29.981869821156117,2978.992382171361,326877
11.172206557995679,-23.33028248858426,2194900.741620561,327813
3.2942725390828684,-23.170919439312836,115762.74409063326,328784
3.3537528799878658,28.964287649549682,31393.43541999117,329791
2.3955885558533865,-23.17113262972714,83580.62559885804,330731
-2.4339009085866294,16.897052486728498,12052.857091439044,331720
-5.564072579817871,29.316246913671073,312.9191718880757,332698
23.562137792561096,-12.007342568514286,32170014.854219887,332868
-3.293622321287156,8.158500403294454,741.7480276420756,333847
-2.60408764370343,7.949774095656586,149.5290559107371,334814
7.2532563631191,29.996587690010905,51174.51409118157,335902
4.920549055423983,28.81626635986155,2135.4789818334953,336843
8.624736595131907,-12.220949634032785,750135.9179423043,336996
-2.904190438759329,8.01056430090788,33.19977059949524,337959
-19.11493771578979,-22.742685161489483,15064391.99016665,338138
4.662289250843948,29.343985030525893,5800.124161737114,339127
4.047557688241611,28.944855395972994,15790.00403917123,340094
-4.86758648249398,29.35093710090903,3235.203252762205,341033
-9.0866483127242,-18.889391883193113,1029445.2887747498,341189
-1.0924130482601377,-22.542538696672626,56343.696641604336,342165
-0.0579984361543886,-13.350133729932068,17832.709038546367,343137
26.4970607267009,-14.578020166090438,51362561.10805673,343350
5.330182187982416,28.955749674465586,48.44289803090568,344321
0.4919444018752799,-23.32976192439239,55563.09796024287,345261
-8.449083770478289,21.0487635405078,253483.2568951771,346201
4.706484299473374,29.347548266578478,5192.776693248283,347163
-2.2619481913357653,29.37494372049388,58858.28797509228,348154
2.8150789441738553,21.0477510212437,17224.82147281091,349146
13.235830427694665,29.30696068472551,2128254.345276208,350099
4.778277218171148,16.4657959516261,4067.0456917564334,351076
-7.581061127816312,29.851987695140828,76362.83734518419,352051
18.103008148100386,-23.170993854086287,12312664.555207867,353001
-2.49294488745085,29.350484590404854,53538.31013594364,353974
0.31976194728417084,-23.33114351360561,54912.84511453371,354958
2.045551320428686,16.6834157835112,15623.932199795168,355926
-1.7904995135465391,-9.951056563059446,17318.307247849996,356902
0.25209038603883727,-22.593315364359047,51333.912201240986,357865
0.9561469618123937,-23.02787101628594,57322.359841300226,358828
29.665169088454213,-23.265054829957243,81593618.47163281,359785
0.08335650779772763,-23.304785453425144,54344.53332881506,360777
2.0418326066600088,-23.266347111800584,75271.35365569917,361795
-15.095160379059566,-0.33203868766130284,5207596.185494274,362957
19.726915606690774,-27.790680368702333,17384403.80399649,363928
29.032514913984357,-28.96805735207882,76013896.36422539,364979
-0.09406903870518946,-28.925187111460154,83719.04146464892,365986
-0.2067260131412496,-28.950946585644388,84064.81711398362,366973
-2.6033137785999507,-28.9819209232883,127884.76167218473,367964
-1.0221628389067199,-27.768633240365173,83025.57986442832,368991
0.8125202997865593,-28.96504545906369,87765.48823167266,369988
0.9124210980047245,-28.971924658712283,88830.45367471564,370962
29.930149747750853,-29.130422259635342,85553030.20771614,371962
0.10348001478910618,-27.777658176569,77220.13385497007,372951
-5.485628902618039,5.364364732053424,61188.27348491044,373912
-1.4869026437172224,-10.245733506150867,15522.905373237076,374879
13.002906687998127,17.410386359333224,2300377.2368568894,375049
-22.85427603459509,5.106623964336002,26751322.852695752,376040
-0.8743761628991464,-10.280601695353319,12203.014819277949,377039
-0.15835393714135293,-10.297830585187242,10657.581757334578,378034
0.18801166415020631,-22.64124925476944,51423.467380541886,379028
0.4912708025030206,-10.287852814073972,11086.66368079717,379999
3.9482769749991107,-22.61249745678769,145943.3008845744,380974
12.018001654247016,-29.132519677731995,3012598.2726873173,381992
0.7869408401931004,-14.804925149122719,23790.643151282053,382977
-7.914956807016548,-14.985076429086844,602746.282909777,383948
25.870606862449634,-23.26963170841013,47964267.345554724,384934
8.548546652020526,-23.17110953947045,926439.349184371,385917
20.682744950826603,-23.265228909274676,20344200.89836768,386913
13.958901743773346,21.048184830926132,3020907.6303063403,387885
6.611094034713737,27.786792765962332,25375.397059935312,388057
0.8688859894260368,-28.888357148719926,87872.65932035951,389067
13.099743341567418,-28.968214519822883,4023038.669276857,390094
18.08528375853362,29.755117054369272,8840351.170659425,391090
23.80934182096265,29.94061441232803,28831421.593739904,392040
-28.7106404741929,29.308722656880803,63202135.17956945,393021
4.539264701363898,12.66497516866663,6316.805185173903,394058
6.3367539605677905,29.938232270266,10465.592959237478,395058
11.292267994782549,8.424611715571338,1418365.5265756221,395233
19.990956310476598,27.935617762415944,13816651.597678425,395412
-0.5601593281130555,30,88129.60895290047,396444
-14.813547960302746,29.30955938187723,3615254.2653397173,397477
5.133723257903355,29.943892776087168,1305.0206275479286,398545
12.611860987588905,30,1665758.3531719535,399670
17.22538394912288,-29.131583426633345,10617788.054609954,400711
-1.1250311844982335,-11.365335952268929,15958.810468839089,401758
0.04954675883151083,-29.13054463546473,84874.06944580743,402776
2.383633954823644,29.309305644960254,55828.238114135034,403803
5.362021221688792,13.688053413450511,22709.0813879913,404837
-4.83772443598577,28.042607053502124,2186.1383436601377,405887
6.919485310015546,29.93909121005668,32220.06676451135,406903
-3.9383912357354447,29.57595809458786,19806.90182433485,407957
5.616728220730742,-29.129621308582387,368194.26848250016,408973
1.1621483201781508,-23.274485922022645,60639.4563952039,410014
-12.258895490323962,29.940554958170985,1448346.4842686423,411024
-0.38434356099835654,-27.77237336756579,77955.07762102042,412082
5.510900447090762,28.284705809551788,455.2033090080336,413105
3.933716149870726,29.94084834049262,20937.22162800855,414183
7.036119486022422,30,38088.65155107002,415249
-1.9699866834025386,-28.889192445174427,107396.37283659457,416304
28.37864434553903,29.893952650089005,60133563.003872745,417337
4.744974232975153,14.773760960371597,6006.3631393246515,418372
-0.5051299808924128,-22.601449863811876,52244.70993803191,419408
-2.0093435122738974,-15.898716090859123,39754.173244981655,420411
14.378226929117794,21.046304699286765,3448149.070532779,421412
-0.17273211635223262,-23.1710596840463,53829.533136735925,422492
-7.643450157055767,-28.912192111832343,762806.5897802168,423521
-1.9553086316281139,-23.331685589978964,73747.68793872294,424585
-16.45498194659679,29.310900665499062,5830381.982681993,425561
-3.8727528489327376,29.334109542440444,20575.532017486566,426609
3.764837814002121,29.94068402329023,24866.464962519312,427657
-2.8954674689969977,16.700359719350217,6931.804555207662,428694
-14.982246619378735,-26.34863342561814,6291139.433955568,428905
-4.473935148739898,13.92431313418917,3740.945467358377,429953
-4.465533155287204,29.910254252656514,9968.50228229412,430995
6.65137640610412,-13.44956508337346,332849.85380911187,432010
-6.824505110512561,28.954915251874013,31103.979533898957,433182
-0.22549111690769408,29.59550557850563,87290.19134883319,434264
-4.0398078338916115,8.104199326195094,6775.415513006324,435361
-2.398813077978886,28.16727674128424,50245.68581980929,436447
-3.0874934024241902,14.153620017798751,2152.075868412574,437473
6.287696714096327,30,9119.830088078377,438505
4.128758314888628,-23.26452683212424,162508.84837245703,439553
-1.696194376248016,8.097567153228525,2732.6229183268765,440575
-8.715479208537051,-27.814927600241486,1077009.1883575588,441623
-13.590297196713273,29.32198447806718,2414326.8747683046,442718
2.4231045443949384,8.087643236991092,493.1828409131957,443747
16.03272064426661,-29.1304914945163,8190046.394690749,444814
0.20091781849800228,29.30899850363776,85665.91186502136,445824
1.437230351127667,14.046645758311854,14354.662437294583,446856
5.429456774534486,29.58350184559086,20.712132779761134,447928
0.8057402933697375,-23.271085311637382,57218.12601587162,448986
-3.4636258953679437,14.092755602471314,459.26704434035355,450023
-1.6866736081918496,21.047452455461922,33140.62680849329,451073
-4.937933169397411,28.151459220300488,1455.2488748941644,452143
6.411985068991889,-22.607151569866183,406062.10261661693,453208
-0.9120532829608514,28.05056470604348,74089.54692681452,454296
-21.586327568458405,29.988751949686915,19008434.713349387,455297
6.651841084946014,29.992290804289453,20351.587708719744,456333
15.138211597916602,29.89062748876308,3971245.392991962,457348
13.427300571075982,30,2258935.006392615,458406
-4.995146439569439,28.15746175684327,1063.7685840894435,459446
10.38912208162214,-23.171001073786748,1718936.5531048237,460491
-5.108481006613939,25.901025865206663,41.13761157439555,461504
-5.60620813978915,29.31636950679183,490.20349444925625,462629
5.217186113299263,29.990169108420993,785.7053331173071,463685
0.2392456106355496,-23.331633313258934,54704.51104016608,464755
-0.7920282853332559,8.093316281996806,5577.338130379173,465814
-5.280018463986842,21.04794018033372,4705.223131185754,466861
3.0701275053492907,14.083698948722436,2173.996779740319,467913
29.330095174694804,-19.004420218115524,77310424.47550274,468119
-1.0191287845507517,4.95747420687232,1539.8159833913414,469166
-0.25428535523802864,-19.21481749568312,37171.402499820964,470204
1.1314459883493733,-19.045713722627433,41314.17228843271,471247
-1.770990129579829,5.107009439972543,396.0061626634192,472278
1.070772449830681,-19.01375467504387,40643.80814174603,473297
3.662338749988642,-18.99082518635953,105006.09529114775,474307
0.0982246201467305,-19.00346592408723,36150.6635968783,475343
-1.745103471000128,-19.01336670100938,48666.39321474373,476366
-20.0842457202654,22.776556072184036,14486108.715906804,476579
0.05521338463874059,-19.006927156780804,36138.810136728454,477635
-4.222226857227305,-8.447647221058123,69064.02937845432,477837
12.427916229014599,-25.021730576524472,3221252.1427625357,478050
-0.0032840023384537176,-19.0047853895288,36119.23434107865,479078
0.7738824332669871,-19.00414859341057,38427.97910150876,480129
0.3442439473892094,-11.60664544997179,13748.342732926358,481155
-8.781324926361876,29.59397176868037,225888.8147208808,482284
-29.64027800160512,-9.51820884139881,78866756.94038285,483308
-0.11328819070438456,-9.694046197291819,9423.592142804819,484350
0.19303875823399608,-29.130437559673513,85076.13239324234,485401
-2.5971795058587936,-9.442764229363508,26218.416040690037,486447
-1.4431594202243794,-9.50504467668799,13433.572815100568,487477
-22.979078310448372,-29.582333808413352,31094623.12456568,487686
-0.8593432749320868,-11.489997201912349,14957.000281736071,488766
1.1089841449126823,-9.577124619492341,11679.072915091287,489798
3.983550750028577,-9.529295808950938,64514.601712180665,490841
-1.0212343647465438,-9.510228213422206,11140.978324098358,491926
7.391475210174562,-9.524215130893896,411667.29887073446,493005
8.150351031361097,-9.52251965299008,576902.6422874576,494044
-1.3881608155172138,-9.512469053201176,13091.82668401798,495080
5.283490182755564,-9.518696353551334,140148.52083824665,496095
-18.242332089415076,-9.516975988569683,11717275.720475584,497180
4.027667930237989,-29.56920773082064,209693.63516681606,498281
-16.820557394373324,-9.515419356983283,8552817.226979747,499318
6.969377842740613,-9.513784057982608,337434.1075161465,500391
14.37088247606502,-9.514394628523394,4667362.530515307,501443
-3.293813771758888,16.892763357321968,3670.891566642749,502499
-4.09842973238581,-29.633634387182177,215607.54751829905,503578
0.8838120542505123,-9.516289906450876,10603.686295157595,504618
9.136235524319844,-10.283408679193016,879051.3545063732,505679
-4.472425816644773,16.78778560288464,1063.4459020917673,506767
-2.3558280938238987,-9.51674917828348,22711.731698037493,507783
0.9805114877004115,-3.893908644950457,2357.4052807120133,508854
0.0012595031716848837,-9.51739269978916,9059.076882360088,509916
-12.567910208950913,-9.517337702161573,2804794.288168696,510952
19.241061426054735,-14.532960610433037,14803697.132945513,512050
-5.18827442305545,-29.62533186746508,319755.29809587,513158
-1.8316678475302126,4.966221668250434,267.6195801084268,514201
-0.9629258977150634,-11.42391279639423,15258.916737615387,515260
-0.38545808281826766,-23.267857371498117,54834.86373393034,516322
0.8231458021587557,-22.6025210396552,54196.290556916356,517390
4.148507214067479,16.880730917722936,20.762294341433233,518518
4.012287437111503,16.88196848114608,70.46392172874451,519588
12.004304954075991,16.88975954485357,1618450.5345730793,520618
1.0841198102178886,-29.62105308446559,94841.64049448377,521680
6.867230353057906,29.587428485336822,30909.919362354023,522729
-22.721560948017544,-10.669632279281597,27767029.911012813,523817
8.988672298199468,14.25725670638679,442807.3113822116,524831
2.5617592365106177,-11.412747157298615,32313.78697230669,525874
15.009520402628233,-9.518330008356859,5513489.64506688,526919
-1.7503398272841544,5.030524554616669,394.4083780544027,527957
7.368659926336335,-11.737974386810485,436104.3133530924,529000
0.39638159340445256,-11.954646099277973,14669.848205268985,530051
11.847787244833796,-5.894464133346975,2139448.8525073607,530272
-1.183871988817419,29.982166145682207,81689.91472735017,531326
22.27056313464685,14.068431304200253,23224133.974258456,532402
-16.960818806428797,16.88312381742665,7332841.951461508,533450
-1.3255595225787715,29.30090345874426,75871.47479054164,534529
-4.155202885111109,14.07373805448978,1045.4452557660288,535572
-9.102481430002236,-27.870208217554218,1226112.958047344,536650
-1.0437207672173834,5.053587022174533,1575.69190117985,537758
-0.16720741737892908,-10.286727795752519,10640.637340684872,538834
19.030721761798766,29.400881822309046,11073745.277315255,539059
4.878922500386821,28.0031643729639,1778.440962534258,540135
2.67201527219742,16.882696935308005,9495.461566200838,541214
29.595041372487934,-3.33373703785751,77300118.75703008,541441
10.043183694472717,29.33401450293644,511757.6748661666,542511
4.694641108862548,16.88298382649478,2672.776277530269,543572
2.389260817157556,-29.600254170570267,124673.21707356951,544671
1.2086161519078544,-29.178839267768733,93878.5049704648,545776
16.169897601958937,15.41475009373886,6054331.631760828,546041
1.073992754075583,28.15546735468041,72910.84323961718,547097
-11.795100759290577,4.050110627471646,1824670.1314704106,547333
-27.481552228272793,-29.435698105166573,61571733.519822665,547563
1.0854026968946116,-29.43113412844268,93692.52265307026,548637
2.7056908452725423,-29.449913048532096,135211.17072157146,549714
1.0384429963972437,-14.629202946473068,24672.7669656873,550798
-1.4712338773889826,14.085962872894186,14218.165264627447,551875
14.564779710814712,29.401841875288937,3339244.602233203,552942
4.0860776962721275,-29.443536816280048,212895.49514892977,553996
-0.6872336141759838,-29.43721846380364,89460.71665389113,555101
0.6152367821626292,-27.77707994579395,79273.90802779674,556206
-4.132755201271582,-9.518285321032817,70771.44424909275,557314
-1.4084171309967068,-10.66279902704644,15999.039482060416,558389
0.08610168764830561,-10.699364941487666,11464.345670954655,559447
-14.258630370722543,-29.702117145821397,5429629.462431981,560524
24.610260291838166,-29.854300988001498,40389024.40530906,561600
0.8550024280771993,-29.886460700541267,93743.08951145226,562717
8.538139844816357,-29.435803543191135,1047315.0539525213,563796
-0.44307899423101915,-23.171076752086528,54605.60087768114,564861
10.488704012785242,-29.856636316145643,1956439.0864224336,565930
12.850914183084825,-23.26506550446196,3550013.229058615,567052
1.0303866476954404,-10.678637826950357,13783.546271737625,568097
-7.973239791575466,-9.51771039328856,534299.176018157,569202
1.0769862740962886,-10.66577135370089,13984.654886194317,570284
-23.959091141118506,-9.82037108814707,34089688.34625674,571347
1.2902149797369376,-10.666498387008634,15205.817855307407,572482
3.857194496675426,-5.592170675320276,41910.74508953448,572718
-0.10601698625017164,28.278829814388168,79906.88891866576,573801
-21.85987749362564,27.86738080048177,20249340.282481987,574036
-8.289622485622253,-9.721248888343546,615355.3786175528,575157
6.628557485020266,-13.349520672315776,328215.0975530125,576230
0.773272541651636,-14.590987165524453,23070.43391419202,577339
-17.27057770128638,-29.86783126466529,10767964.755542561,578421
-7.820755005234503,29.97937158655946,97327.21324544285,579502
-12.57193250996336,28.05411451713759,1690167.8828577665,580612
0.8761621406529194,-23.26497039650482,57756.74817817213,581728
-18.296047878721957,-29.954489616886864,13300970.950618157,582839
-0.22056048310980714,-9.840231768639168,9780.481953025268,583938
2.7282055808968693,-29.435761665673034,136008.0724503353,585033
-0.9613900219266469,-9.81092478778217,11528.289426347359,586090
3.2839319740445845,-29.850607985581483,165124.05319833278,587197
5.003354906654835,-9.81879430031426,121484.68912209426,588253
-4.312306658177533,-9.51779779063709,79066.71976577447,589347
-5.5340134669354235,29.8932478107225,96.28411246937083,590422
0.8903855692153577,-9.518169950516675,10631.594229130951,591502
-3.266962500628104,29.983844633967465,37308.90915673819,592600
9.31417163592554,29.894213874247136,323370.3022820374,593721
2.1728887282699816,-29.966205734710105,120324.68996881416,594810
-29.11081750033086,29.9070755531067,66836865.13519655,595917
-11.477757167102741,29.176513786584323,1052060.1976555893,596159
0.7806598712044384,29.90242304907077,85807.9932569287,597251
-5.63107842142076,-29.97201968493595,380499.3352531017,598359
-3.0706173453964425,29.310959230159,39547.02939299163,599470
-2.592495549855606,30,54203.93566346667,600607
2.253332822355091,-29.584552350668105,120147.41922198725,601712
-9.545087408640441,29.592314167839625,378537.69318734604,602817
0.42067340653723306,-3.8918723476805397,1655.8802628144133,603974
0.27626900877871563,-12.028578395298887,14653.391354885147,605039
0.8648935526081019,-3.8664195668538603,2129.3427544000924,606129
1.4554533808855616,25.505424121565028,54695.756554839834,606417
0.14457965204218937,-29.578822675555752,87615.10938341709,607555
8.890968951044634,29.903409674650902,241594.40492781202,608659
-0.6168686693556182,-3.857992298055912,1799.1188103436596,609790
0.6801943432549145,-12.002254629124984,15537.522777800985,610902
5.99772691271216,29.90117531117982,3711.352624681796,612006
0.46311859357287233,-9.838929099196104,10107.389344171002,613121
-18.60511132555584,-29.58308254015027,14117931.874178618,614250
23.514903344272405,-29.596806785419123,33936664.27420684,615312
-0.22933107840909628,-9.8309650494264,9769.982719559952,616382
-16.74358911557467,-9.764920241829593,8416852.514364788,617493
-16.2687670384026,29.308736474340698,5539921.553500327,618550
-27.740194780081072,-23.2481320079216,62848704.44656452,619638
-0.39857645476158865,-27.775608950686546,78035.42939560105,620759
-10.273293202882627,-23.24388232575767,1658670.1713428204,621833
-13.84598719364946,29.90657260986368,2618299.3698003544,622901
-0.3223534229574767,-23.25111280711267,54547.465728183495,624016
0.22359878288972013,-23.247298638209678,54276.99848178786,625104
8.906736247514921,-23.248186085960512,1052289.9287215,626254
0.3639808409786838,-23.247970005195484,54664.95836305584,627390
-1.1305450155679537,-29.59336516933927,95309.47316868578,628532
-9.621735506110458,-28.573857000195524,1467885.0788960443,629654
-2.2491476883546255,1.3629912906059367,1376.357616833935,629904
0.7317859561459201,-19.004361178458822,38180.73118520553,630996
11.298505298386331,13.305360106576366,1307718.020277437,631250
2.6781397731351646,-9.820372392415333,28878.35845518456,632396
-1.5083277939269557,-29.59463016921291,101573.96054302604,633553
-21.330236961123806,-23.184199988407407,22864504.065057296,634662
1.0060246977223102,-23.27053122585781,58964.548476315445,635776
1.2117011449348247,29.940648778595744,81067.96678231894,636877
-2.546186531235385,-29.427057373381135,128966.27044400315,637994
18.14999967302993,29.89329807428581,8972067.692091106,639097
6.405832336933813,-29.58354427078238,498722.69492417836,640202
10.856250853747959,29.30872678774329,784197.7581367757,641369
-20.13865061815939,-9.624339873203645,17238686.29019354,642457
0.004755256432972033,-23.267764333909092,54139.981450279425,643568
0.9494918835945114,-14.004907594264306,22220.205146764853,644701
0.7567880953133042,-14.554827891518642,22884.354546399714,645814
-0.09993072792727631,-10.668865489981588,11404.997083300277,646899
-0.09757636901329292,-29.59742866233389,87658.35237980424,648012
-2.167827444103679,-23.26858355210665,78231.26967632747,649133
-20.764845765199993,27.25708543409359,16315750.445915243,649394
14.787174430878295,-19.00448052423645,5648655.6971877385,650547
23.017108307911563,-23.249868744715137,30585492.973497804,651655
-18.72862206809424,-23.80924664146434,14030697.5036956,652745
0.8438968728194638,-29.59592820123319,91858.05712032903,653870
1.0777025415690282,-23.250315040798903,59593.397969739824,654957
1.6801631482872814,-9.819757798280516,15984.264130099462,656059
-22.913905510478596,29.97937117144439,24509774.09573027,657156
-10.008707510352966,29.94646482560392,493315.03598825814,658251
0.29172950535705766,-10.675632118857663,11579.850357817335,659344
0.7918949654980771,-29.596580371960496,91347.11454289715,660436
-0.32678787697927447,-23.248518942394302,54548.80742411963,661589
0.11240685001656914,-23.248567963237043,54109.14554664022,662714
5.411276310222981,28.27885661640086,120.07122963364846,663846
3.0861690632311394,29.965095075406303,41786.39219037875,664960
13.07503461853414,29.981059589536272,1987554.1399842661,666094
-19.76710967566701,-9.191696084024784,15994857.439470248,666360
0.3464315659448367,-23.331262369363188,54996.66737928636,667492
-8.903545771557642,30,242882.187672365,668630
-14.145173512830914,-7.040834733014499,4290379.19676636,668902
-2.892614480042152,5.101032495849324,1081.9495685560034,669994
-0.5079879100325684,-23.189727900107503,54982.11092355824,671115
1.9871849061460232,-29.59671933954767,112531.85805969952,672258
-29.32147383698359,-10.332610381279984,75705090.32862581,673369
3.01172353747468,-10.317693421316175,37594.16872102393,674487
2.5727607401289347,-10.321376141880517,28700.43940181592,675595
11.959343541957402,-10.671145926323863,2362398.23698305,676706
2.5699347524771596,-10.335540650278652,28699.181392561117,677892
-5.408880277377062,29.978299589542928,93.24745952089589,679013
0.363663260715402,-29.58231841725755,88295.96829478523,680144
-8.674201924540455,-10.330938674203523,732362.5916718667,681246
12.558258592202513,-10.333001811123843,2823973.895885142,682371
5.523498591050291,28.111933551446228,595.0723829529572,683526
4.999937358213742,-23.249170973105304,232808.20470665928,684686
-16.45610867564399,29.91636805020123,5802966.363632375,685797
-6.800260900512534,-10.331806335619309,320137.9194548985,686907
-6.329061217401296,-22.960254712782344,397171.3546062965,688060
-0.09934875087354555,-29.59707823075453,87658.34795363293,689179
-15.396075733228006,-10.599390814626798,6132753.421096296,690297
5.610951310463072,29.89412693660008,273.64101449494575,691409
10.317505821531533,28.95517860960104,600645.908122791,692539
-16.252392502485577,-10.46804213536318,7541269.718069494,693648
2.1365824721711633,14.068770813922526,9033.48694492553,694776
6.078410710644576,29.402251710145507,5718.228769620482,695942
1.7552534163132023,-23.181149919381603,68970.17345589728,697098
7.288771166590287,-10.669864967982498,407033.14931181655,698233
-1.1174609889855667,-23.184619822315085,59703.28854415205,699368
1.7964656912076507,-29.975075383626393,110240.33428901415,700501
5.438721491169744,-29.982587867061834,354786.21409424,701665
-10.005685368061496,-28.14736903581552,1645212.3261304698,702832
0.02173311709189818,-23.249377018225395,54056.506470072105,703973
0.38771628361705623,28.95553582139661,82974.3981794777,705094
0.8119382328723042,-29.98883820960879,93930.5278042583,706271
-0.9617008573741366,-3.317164431501233,1803.3326425986825,707378
-1.6670737097920991,-3.804586380156131,4341.651679248854,708518
4.171536606541835,5.102457965404291,15137.237547265016,709679
-17.265654326414747,0.2908117249948887,8869532.820859699,709958
19.32621580383021,29.910541286510778,11805887.319851633,711108
7.680359567505995,29.346006002703767,87908.95204232438,712238
-0.27060145849045014,-3.3836807374093425,1196.6342590485797,713368
1.01445834404959,28.15453510118487,73578.78355465076,714505
-16.315440155903786,29.907748723429336,5583399.5841988865,715693
8.87790520350962,28.11861566308557,257096.7149042731,716813
4.100574709318295,29.97988336779222,17341.784785166063,717945
1.0768429346442048,-14.566407392316114,24730.70752332472,719110
-1.8070771562452208,-10.669280261534734,19425.76738885377,720227
8.36321327296514,29.593556640633466,162864.68835488774,721347
-19.089208192913567,-23.221680476554575,15025295.123447753,722508
-0.7077642378762192,10.073282723523313,9165.909710723567,722790
-7.108728097115222,-23.007016790115713,540894.089481253,723958
2.575699518483205,8.0917698298488,214.92564477485757,725112
-5.025054304805824,26.002167449894465,92.70088126072656,726248
-7.337956695794283,14.084529245412632,158163.86362710042,727396
-12.695450711430517,29.980793458433332,1721365.6094504003,728567
16.150502403578542,29.893716780219435,5333789.353280198,729738
4.408909153150724,29.98870503534838,11142.345658513732,730852
5.403763792143806,29.979079513582064,79.98634351676685,732007
-12.181019968246726,29.98964483456991,1401736.1849886882,733184
0.4689235397527334,-23.05917170825482,54191.75012025521,734308
4.761861257073136,-23.270278321322245,211113.9762927644,735450
0.3377030369218481,-9.623314594869562,9482.052594676294,736591
-17.60073912877371,-10.652025379716864,10268399.944253022,737754
-1.9420291976586768,24.60932681347881,43430.25233468265,738931
-1.0876429895500266,-10.669701331065845,14052.93355636253,740065
-27.395604891623005,-12.932530246865142,58286655.77099353,741187
-0.4672996861905645,-12.93510118714832,17303.530756144068,742317
1.2261640999990888,28.00349351577472,70225.13126315815,743437
-0.2111069702710644,-12.918974252619336,16806.80476463898,744616
0.851992863482284,-23.183107374000596,57164.046244869794,745786
-2.1641617401762794,5.749218755873002,123.56709727882324,746916
3.324671383759032,-29.596786291390828,165249.49230634983,748041
-0.49139851632877196,29.527249817545147,85767.89956798225,748332
18.373671343097925,-29.628620486819194,13485385.465661576,749490
-29.539634228899203,-19.168619657448538,79524274.52634336,750665
0.5858228351997852,-19.13928789576928,37956.85978180712,751822
19.07589703261565,24.08020927604496,11547385.767768199,752115
8.679305864389889,18.307677954066882,325217.4877446802,752417
0.004660662605495247,-19.17759597543055,36779.092754417245,753591
0.21544122813229905,-19.151817405944087,36857.82798722993,754788
-0.40481273946378593,-12.92955361920021,17145.756489169893,755929
-7.307806654780681,-13.190365196921277,443550.47474741767,757135
0.5297713967434419,-19.163646941402995,37808.31954129172,758307
9.494940744699853,5.10463133804577,723409.969680218,759462
4.395722425099585,-12.933881111337847,104058.1408820851,760626
-8.669536527842858,-13.871496474543825,792769.6141163436,761792
-0.11911606636840943,-19.173215367952317,36816.89966672094,762984
4.480549481507566,-12.929869176188667,108946.38961525825,764162
0.33078377839865425,-19.166031784466522,37154.743935231294,765301
7.5137024271941115,-19.167725164659796,571933.0371621405,766426
-0.09654033235273118,-12.931172375205996,16746.836784555217,767562
-12.823921415901015,28.004045164596683,1862021.7499112003,768722
-0.8945262562143803,28.057417859413,74299.30594055762,769875
5.220362134525395,29.893401757745508,715.4162630764475,771082
-0.05302288725676618,-12.933549136068077,16736.05131786673,772243
4.920327913797884,-19.17182008605012,188210.36218405946,773437
5.924963839522071,-14.588322843813108,246968.84174267642,774601
0.7996265090761838,-15.245118449241954,25231.840899834504,775761
15.150956238298875,29.97969608268135,3983089.740984253,776893
0.7956460992773202,-23.248033615507378,57030.67019444138,778056
-13.853604140473983,28.0432889993077,2685855.2169943373,779192
6.114952510996872,-12.932057254151758,253283.72050237248,780388
9.319516120161026,-29.990252840428983,1365312.6845672682,781582
3.7571318306463297,-3.32730230068978,30434.619417443933,782748
0.45632754204353176,-23.056750352906715,54126.24911548317,783910
-20.409878225116515,-29.983520401565517,19940849.40671642,785114
-0.21542645147304285,-28.967222826896823,84180.55786368722,786313
18.331793273184587,22.773290419331097,9814821.079460599,786618
7.884805379635495,28.054611843767645,116434.4349979606,787792
1.821164514288057,-29.98965626984578,110931.61268563039,789002
-0.5095312082535308,-14.443095751611638,21619.26976627451,790184
-4.103071979914887,14.083887281681129,783.0133307439701,791354
-0.16182158752740605,-14.580638596331339,21337.282968983476,792518
3.1314396907983237,14.066905079182611,1820.147075121205,793700
7.723290352270496,7.296709221435755,274123.67688357097,794013
1.5648607931939935,-23.269706853647616,66144.42351891135,795204
-1.8513901504114827,6.8589859815880345,1185.5401833693948,796405
23.64435419759905,-29.554331338637226,34646664.40541959,797609
4.155385101241642,-12.025957424666444,85819.01210133189,798780
0.8191701152550408,-29.419327754100483,90543.05391768535,799972
-1.0087455790156454,29.979486366673157,83883.30867340264,801156
2.6143472813029405,-22.604244112013017,86668.4068701488,802332
-0.5840723407375492,-29.56065350214413,89414.23773515021,803490
-4.944838375581313,26.102959616122696,308.0972466530517,804695
-2.7367667596129017,5.10495959563049,582.753824593964,805859
-16.97159187895623,28.053270382524254,6759369.358961399,807033
0.15756682067459238,-29.553496391973457,87488.43295399135,808214
0.0455403354566144,-23.249931735351396,54066.48770291521,809411
-5.078207658347999,26.298174320223147,62.95270086269876,810609
-5.08452628973334,26.41630970745242,68.82001986559422,811804
-11.190709387627997,-28.09211428630674,2350976.2979558804,812995
0.9493235512967786,-29.5548527113385,92757.20986084943,814207
-0.6850764205679098,-29.987473941064163,92764.5282978703,815404
7.069527256735789,8.092983709844745,175474.10449288803,816574
-7.624942283519186,28.054415274422382,90587.09505810666,817769
1.222760078310415,-3.878653509841115,2887.8176649538914,818963
-3.8687442832027195,8.092531139675202,4749.787568127589,820171
22.007850930726022,28.990057452628946,20735299.471340295,821409
-4.809614123850498,-3.333263198049803,70076.8210576254,822607
-7.634300850436478,29.893931668367003,80665.91324814268,823802
27.6002996734192,28.45434991855251,53776851.325029634,824116
1.5696230963956737,28.98632551434961,70345.20248941763,825292
27.1732472696374,28.68683184189586,50367886.14453147,825654
2.4294049888088196,-19.1705482116993,62865.35370445174,826814
5.420328870732661,28.72361093993073,62.61938132412973,828060
-7.457191080696944,28.720464910532463,72374.61407265437,829308
5.923018258374782,28.990999877589346,3734.441351117191,830505
29.396622508434085,-19.22266212765995,78037549.12336698,830833
-2.001159281717122,-16.633737572314814,42603.26352674648,831154
2.234060034175201,-14.56965581704145,38263.543319082644,832349
-0.5822016992847097,-14.57923550736697,22257.75555709772,833544
0.9422538885417602,-19.27278236384067,40645.08238303413,834726
4.354910999991546,28.69780466092648,9483.517805172138,835965
-1.4609716444425587,-19.1681040152877,45385.8866342044,837124
1.0458620868262223,-19.243605095913843,41361.11858162141,838320
9.294593658897604,-19.169533583546965,1114339.1511470592,839489
-0.5799754101215804,-19.22219624890585,38256.25346862173,840689
5.397471340588133,28.463121445281367,64.17087946081276,841909
13.917984321979993,-9.460960896936683,4128022.495366257,842240
-0.36830734172673374,-15.310819842057276,23861.21624365627,843433
0.14332939558192237,-15.597157378443262,24391.991381514727,844640
-0.030554072995023773,-15.331512226775084,23509.45139569346,845818
5.293986896838518,-19.168945007427492,222757.52762838037,847037
5.483743354983588,28.502052158874314,266.4021454805067,848309
-0.6344808849178492,-19.168395025935354,38304.92304950843,849540
2.7867931785175983,29.34511119995522,46568.06348618055,850764
-4.655127461721939,-19.1411649607735,166588.82683792914,851955
8.957476408457595,28.68499171286124,265817.92206417565,853174
4.148507214067479,28.691637647121084,13192.455974724742,854386
4.451267903265766,28.98797536631264,8428.4864009361,855572
-10.48191045427411,29.308723366209165,649150.962069464,856778
5.50030963229613,28.512472822969166,323.3376372778442,858011
-10.92333695577101,28.689189351089098,821523.6848463793,859186
-14.606002574530056,28.96671087014301,3399421.626340113,860851
5.204814386430378,28.432987593890964,198.01710752427627,862605
3.591618916733516,-15.314822444020377,79612.7933786305,864263
-7.053677360217453,28.686174849988525,44451.722397793696,865813
-20.078692466594852,-19.1247495048176,17832369.3481322,867178
19.748772592469543,-19.168709161383156,16743402.011592072,868580
5.362522729200869,28.45199840193692,28.312865474508207,870096
-7.6270973359271785,29.371146667057964,83026.87754646427,871623
8.936280936577269,-17.866817351361686,955059.7186249878,872089
22.97874817135844,28.690980428699,24933716.41225768,873801
4.950447671075409,28.454362460337585,1573.8266469918444,875253
-29.43863227620242,-14.599006249451614,77657923.78314926,876708
0.6545396091254716,-14.602296031847295,22592.36809852781,878082
0.14462591108625134,-14.599445439918554,21376.230441021664,879368
-1.1343445045910912,-14.597751758034674,25236.255182670775,880702
6.067507273705289,25.698983286371785,12381.472088192324,881082
-9.470270409997237,25.62252965509748,410522.72707281227,881428
-0.08430357389454812,-14.529240291070742,21131.715240032318,882887
-2.259865877664744,6.376592586473308,171.81483720211688,884366
-11.15764112003172,-14.580758141046248,1934297.5870299141,885544
-5.706759093692984,28.688830163063045,1549.077808849415,886746
-3.0510628857745914,28.689874958684754,37578.30170469803,887952
0.16288000039683936,-14.572207797751297,21313.01499069508,889175
-14.874649097475183,-14.5846898749365,5562296.699048292,890400
0.4428718073735567,-14.574793142803195,21818.343505051558,891609
2.4403622110344045,-14.577253807688507,42160.92932751893,892796
15.630148240450744,-14.598463011586952,6703134.887453654,893999
7.323142097627404,-14.578159610085425,465253.5984068312,895212
7.971955270172764,-14.577921903099963,610478.1846020158,896392
-29.89653765304317,-14.513694831609063,82504869.80171067,897551
0.711757585059587,-14.501909298689199,22525.614798303173,898869
-0.5830614956317,-14.520162411913324,22084.831996670746,900244
-29.944195544499344,2.267759806512835,79993783.68259794,900613
17.386026417600668,-14.509910913613297,10035467.712154405,902115
-0.1376106193846134,-14.51538268936912,21125.938118466307,903593
-0.0373814032146349,-14.509752716971247,21058.42384282301,905260
-1.1247197493483156,-14.513046973670068,24899.173754488816,906558
13.764936194836764,-14.59860844021677,4164704.200140113,908240
-0.8349783386606617,-12.008255890078615,16146.19968891899,909710
9.078089384369989,-29.553962173305482,1253696.3599732874,911067
-0.4601697848134201,-14.515010615079902,21689.8982692539,912381
0.09291253140889921,-29.58242332444258,87563.88269965422,913703
8.224082372876275,28.689374593667964,151732.496281778,914993
-1.7237012439266124,-14.59872493884709,30877.454953037002,916241
-0.3933985064174301,-14.513965530513659,21519.099424898886,917458
-23.804703513682163,-14.56877870127055,33783759.04207314,918945
12.147884523266967,-12.005193716967998,2546583.57561026,920309
11.732151759004502,28.4759701073093,1191867.6242528039,921550
-2.3153087637563345,18.211954085434044,16526.58093478809,921922
29.1198322219711,-29.739512899509425,77037246.73177823,922277
-4.387900040718776,-14.513540783914426,114051.46004779705,923504
3.0130493577296846,21.211783176877184,14725.789890588652,924768
-0.8388644235918008,-29.746834525163546,92726.84725241078,926349
-0.26739886340287455,-29.709443145030907,88692.07657924206,928012
0.2984087425184718,-29.738371960417396,88967.98905314787,929928
-17.105870921635656,29.402044079803957,6928213.794053046,931731
14.22482440430683,12.105828588235852,3619293.0747350985,932154
4.269826650192989,-6.4072598701196135,60717.14448130283,932634
0.9944155235981391,-14.513786862449608,24033.212930627313,934089
1.1317918617693792,27.58806480848233,69206.43149513971,934510
4.705791800099533,21.178861930836952,106.97403589509776,936204
-4.48298860521226,16.883920041765194,1062.5715121503063,938068
-0.20103738826917095,-14.56125246704955,21322.31478490915,939516
-18.4160970507603,-14.529195036328476,12509460.362168362,940910
-4.563520087938215,-29.739798605021463,255718.07536695784,942410
-0.39887006811894565,-14.568276295607127,21691.510231946282,943703
-1.551120401130035,2.1271039154629037,14.285095526239548,945194
15.060737426239136,28.676202357447245,3926524.4774372126,946583
15.059825655097846,-19.23383820008936,6053381.380829509,947864
0.07414231125330062,-29.55399727333676,87377.22786865824,949234
1.7459398928527534,15.315357322259906,15048.610972082357,949588
5.950324190014122,-29.58239804275353,422378.3464695893,951030
