x0,x1,cost,time,status,seed
23.55554620287596,27.122340785103415,27851608.982630357,0.1,SUCCESS,1
-11.007784201608526,29.253844492194432,845026.2891062471,0.1,SUCCESS,1
19.531271651681067,21.220657754963877,12978343.503287952,0.1,SUCCESS,1
5.824659815912931,-29.54779119884293,402923.8978648048,0.1,SUCCESS,1
4.537975169616587,-26.654388175805405,223246.1522509307,0.1,SUCCESS,1
-9.252688560364057,-1.7962187626549806,764129.0817606659,0.1,SUCCESS,1
-14.63644341411376,7.698719992323461,4265574.585408169,0.1,SUCCESS,1
10.215652502913429,19.864832891582893,714020.7525865543,0.1,SUCCESS,1
16.76662992006125,-29.800889811683827,9667421.02677128,0.1,SUCCESS,1
11.447913093859164,20.09896175585409,1231227.059033692,0.1,SUCCESS,1
6.769994626367172,20.77381112173937,62828.721724727104,0.1,SUCCESS,1
-0.1615698839974477,21.08024083249588,44329.01353663995,0.1,SUCCESS,1
6.305638134591831,7.465088602575776,104331.20599380197,0.1,SUCCESS,1
-2.539084003599573,21.159552535624123,21658.599581451203,0.1,SUCCESS,1
0.6809535535240414,21.19228951240236,42967.55346879787,0.1,SUCCESS,1
-2.3508824241554045,21.20388992382899,24588.819306913683,0.1,SUCCESS,1
-3.0304088967707514,21.432163528790007,15019.518688937604,0.1,SUCCESS,1
-2.8116865091664565,21.99509225891405,19865.96163276812,0.1,SUCCESS,1
-2.5746700571174266,23.971468286842253,30089.1558994946,0.1,SUCCESS,1
-3.885812970711832,26.884379872532342,13912.11049160503,0.1,SUCCESS,1
21.123824466766955,-9.06950968456901,20728890.86826008,0.1,SUCCESS,1
-2.994036493089453,27.122304299930136,32987.42950146353,0.1,SUCCESS,1
-3.613792917882361,27.136266672601188,19836.825182695706,0.1,SUCCESS,1
-4.717965555995395,27.501047212451887,2780.3924113808885,0.1,SUCCESS,1
-3.529783966728285,27.582398935555386,22891.10468665425,0.1,SUCCESS,1
1.8663874362786608,27.12840477142865,55909.36593866538,0.1,SUCCESS,1
9.6674901425028,27.12271636112051,440143.49677430384,0.1,SUCCESS,1
12.693309993782393,27.580452578822005,1783420.9735568075,0.1,SUCCESS,1
14.220411620424391,27.285704713218514,3060379.277531838,0.1,SUCCESS,1
8.393482547849985,-6.800170194660005,596822.0295358589,0.1,SUCCESS,1
-2.946966154744942,-26.5806616043116,124379.51326928468,0.1,SUCCESS,1
-3.488118028801836,-23.548833141920102,127581.98391597444,0.1,SUCCESS,1
14.546337557979108,24.209657962007185,3511545.2360967128,0.1,SUCCESS,1
18.08020660597252,27.832862879771483,8944040.386141613,0.1,SUCCESS,1
6.240671150511524,-23.664668173244568,392036.7461323544,0.1,SUCCESS,1
-3.564965901015274,-11.29367506754943,57633.59294577717,0.1,SUCCESS,1
-2.148866775184078,27.122304299930136,50655.95901933603,0.1,SUCCESS,1
-8.781486593623885,27.785114598835666,243434.5709143761,0.1,SUCCESS,1
-4.283739154958063,-8.978731586348594,74716.17681566702,0.1,SUCCESS,1
-3.229419628794112,27.96799578796763,30778.995153017266,0.1,SUCCESS,1
-4.851341733995877,27.92109005575148,1957.5636361160236,0.1,SUCCESS,1
-3.926164801595874,-9.420560624782944,61703.632068709165,0.1,SUCCESS,1
-5.253314907858989,28.02002927863361,56.97247032973499,0.1,SUCCESS,1
-3.5991623166196334,-9.191444135671343,49063.08627811166,0.1,SUCCESS,1
-1.442355461880091,-9.065888587067224,12429.916125656808,0.1,SUCCESS,1
0.4667649525333033,-9.07393200353162,8634.04189658376,0.1,SUCCESS,1
10.161508258824064,-9.070365437378616,1261810.7889103536,0.1,SUCCESS,1
-0.3978628360230161,-9.06831533301401,8514.987542135572,0.1,SUCCESS,1
18.370857259172347,-29.148102774527192,13442534.002081929,0.1,SUCCESS,1
2.841348962876502,-29.96262613744924,144676.28387948236,0.1,SUCCESS,1
15.376908794296426,27.783642378204213,4354343.3670178205,0.1,SUCCESS,1
1.3097076398238876,-28.05997161021939,88656.97894332137,0.1,SUCCESS,1
-1.959608031636304,-29.03992398633177,108118.11789504348,0.1,SUCCESS,1
1.781747856768888,-29.117101329164434,104276.17280692268,0.1,SUCCESS,1
-0.3588760756611293,-29.204702400249808,86047.23613820624,0.1,SUCCESS,1
-0.5312256011621486,-29.148434158405568,86618.57111161054,0.1,SUCCESS,1
16.63952048482338,25.932063295346488,6297412.185115601,0.1,SUCCESS,1
13.154058783486876,20.96957835866897,2312362.4746354194,0.1,SUCCESS,1
-5.70310134306547,21.27111588785868,12710.743716237796,0.1,SUCCESS,1
-0.9413852254967878,-29.12922139214072,90096.35798702332,0.1,SUCCESS,1
0.6207519447698076,-29.136731706579795,87155.37414685347,0.1,SUCCESS,1
7.716259779542824,-29.30997925808821,789488.806393544,0.1,SUCCESS,1
-5.70310134306547,27.839683724923844,2240.4924024965285,0.1,SUCCESS,1
2.301506585855023,-9.070399156890598,20643.7159993132,0.1,SUCCESS,1
-2.61907008479616,21.250511119283225,20723.136868291247,0.1,SUCCESS,1
1.8757352715207285,-29.83042623783825,111215.07339535958,0.1,SUCCESS,1
16.722901740927554,22.77132330188088,6599192.28628263,0.1,SUCCESS,1
13.680656899176547,-8.014268868194726,3809474.889430431,0.1,SUCCESS,1
12.256837057919505,-29.92060547034166,3245552.751078467,0.1,SUCCESS,1
0.2447050284556482,-9.069225713377849,8334.628589035736,0.1,SUCCESS,1
2.144078416744186,-29.14426958394208,113849.12383915504,0.1,SUCCESS,1
15.771118250947026,-28.827990717350747,7703960.470297079,0.1,SUCCESS,1
-8.815138289104958,21.23209904611582,319033.9749507849,0.1,SUCCESS,1
-3.9337247371233808,22.748694645453035,5316.182976134874,0.1,SUCCESS,1
15.554293048386796,22.6514280334446,4808785.5914335335,0.1,SUCCESS,1
30.0,27.887826912662383,76058805.24471183,0.1,SUCCESS,1
-4.311994685565807,27.88426365215617,8660.421249671397,0.1,SUCCESS,1
-2.6384461634377097,27.88528855310085,43794.15721978533,0.1,SUCCESS,1
8.439520794254662,28.023109435093534,186700.09861202017,0.1,SUCCESS,1
13.40689764568333,27.890095770041533,2306142.223998553,0.1,SUCCESS,1
16.205162830610234,28.378002226571677,5486567.701385055,0.1,SUCCESS,1
-5.044652801901616,27.887606476663397,631.4511887396393,0.1,SUCCESS,1
16.664166817789493,27.987148139668733,6235619.31257908,0.1,SUCCESS,1
24.599667662952093,28.27884156789116,33277857.56441428,0.1,SUCCESS,1
27.14009869355204,24.694833382212195,50679438.12884664,0.1,SUCCESS,1
-4.407426158542922,24.03362405431641,2152.808226785006,0.1,SUCCESS,1
-6.57709490891061,24.10319400932937,36748.75139331849,0.1,SUCCESS,1
-1.3977382837534158,27.888314396310008,67266.3151640522,0.1,SUCCESS,1
-5.524744076033006,24.156835976431275,4095.1183951451153,0.1,SUCCESS,1
-4.995146439569439,24.321176145052803,75.67107832328065,0.1,SUCCESS,1
5.786723617569471,24.61526557690977,7892.2076525579,0.1,SUCCESS,1
-17.921331807734354,27.887901037243463,8602039.447438825,0.1,SUCCESS,1
-6.810723241303901,28.38053821846465,32480.49659166888,0.1,SUCCESS,1
12.183453024156384,27.88774536338992,1453325.9592974193,0.1,SUCCESS,1
-4.436492909561288,24.637116910974747,2484.40871379377,0.1,SUCCESS,1
-5.057889692861231,28.13742091698679,689.5888169235265,0.1,SUCCESS,1
21.41070388295772,30.0,18354635.49873942,0.1,SUCCESS,1
2.3183911437463536,27.88781490544232,50684.70308316042,0.1,SUCCESS,1
-5.075989280133221,24.908524471461533,110.3870066456248,0.1,SUCCESS,1
3.956657263788557,28.27378064801984,15931.759323065064,0.1,SUCCESS,1
-7.662768695615441,29.714773667142158,84193.89702709221,0.1,SUCCESS,1
-5.156705388704047,24.755747250999285,374.94439562194975,0.1,SUCCESS,1
-5.120169121875087,24.665913021458643,277.77430756314084,0.1,SUCCESS,1
-11.462660017070244,19.41580282042049,1254035.0612114684,0.1,SUCCESS,1
-23.543855310722893,-13.349502481861812,32224688.025496952,0.1,SUCCESS,1
-4.655630734303571,24.711048626807106,953.8075047215837,0.1,SUCCESS,1
2.3262089717112677,-12.731851819889922,32918.96659109119,0.1,SUCCESS,1
-24.46970705818653,29.300984853744644,32429753.233802486,0.1,SUCCESS,1
-6.273674744165028,24.691122711873177,21567.55349066527,0.1,SUCCESS,1
-3.062164575238171,24.69770910581842,23489.367776521874,0.1,SUCCESS,1
-14.805927341820478,24.695911564251183,3784036.250953849,0.1,SUCCESS,1
2.074632950189148,28.2761435697415,57467.03312298643,0.1,SUCCESS,1
3.8365996383714887,29.42649120094763,21637.614772132096,0.1,SUCCESS,1
-5.689982588669579,-13.497198302387329,210478.88771203425,0.1,SUCCESS,1
-2.997380281427173,29.302771823001702,41300.05529459079,0.1,SUCCESS,1
7.812684312506221,28.278897302760967,107362.53057941052,0.1,SUCCESS,1
-2.218829202986697,29.27998287451684,59335.63329099198,0.1,SUCCESS,1
7.520779582511693,29.29864358077623,74372.26535897522,0.1,SUCCESS,1
-10.022258649209125,29.70596035141115,500532.1201134301,0.1,SUCCESS,1
0.6655955207474555,-23.983636258854645,59666.25270983141,0.1,SUCCESS,1
-0.9909677087477,-12.868643308174937,19188.04304905495,0.1,SUCCESS,1
-11.403771922235428,-12.655887172278096,2036537.1149277624,0.1,SUCCESS,1
1.0719321673097255,-12.946038992262944,19867.12632655981,0.1,SUCCESS,1
-8.45046943499236,-29.16613719689145,1011653.9721418284,0.1,SUCCESS,1
-10.445131338347489,24.694712618434863,712569.2209393036,0.1,SUCCESS,1
1.6303066026458666,-13.28119225471783,25405.86226111788,0.1,SUCCESS,1
-29.348524434070185,5.364353882613116,73269647.4907465,0.1,SUCCESS,1
-4.890645122376647,2.5016453551191877,45902.47925617062,0.1,SUCCESS,1
-2.4272782163787774,5.319601621506536,44.47355042171519,0.1,SUCCESS,1
-2.996647654553556,5.367206177023363,1321.126810326538,0.1,SUCCESS,1
-11.527815775086031,-8.570426548983967,2001277.3540966727,0.1,SUCCESS,1
-9.770777342088484,27.88783821770032,456825.0509653876,0.1,SUCCESS,1
-3.0296406082643905,5.3408850188480415,1489.1374380362931,0.1,SUCCESS,1
-1.5311926373079032,5.357551362238198,914.2241192037428,0.1,SUCCESS,1
-16.11732578557051,23.576315781650507,5578953.1701098615,0.1,SUCCESS,1
-3.0963141228257136,5.36590381980826,1798.6811318071232,0.1,SUCCESS,1
0.0756829665546625,5.363435165906651,2871.3570644492256,0.1,SUCCESS,1
10.44359674863913,5.365347876504053,1075527.9763126683,0.1,SUCCESS,1
-19.439983198017565,27.86534832373821,12253749.90855674,0.1,SUCCESS,1
-20.306720961118263,-29.993148945585048,19568342.81282254,0.1,SUCCESS,1
-21.21494029655077,26.29911267009028,17958982.89407714,0.1,SUCCESS,1
-20.968721138037463,-29.41932772202188,22006582.267516054,0.1,SUCCESS,1
-16.098728299031198,-29.26644686188329,8319796.115684689,0.1,SUCCESS,1
19.991372086850603,-0.1461406174932094,15984452.510985332,0.1,SUCCESS,1
-21.901260445929417,-28.888555761268616,25863217.64526525,0.1,SUCCESS,1
-29.01086245865301,28.042614350947225,66193366.93783816,0.1,SUCCESS,1
-4.973786239295276,28.11760288318576,1177.4862620437143,0.1,SUCCESS,1
3.544677392999702,28.02933397238457,23921.84879729854,0.1,SUCCESS,1
-5.4761216103999,28.059186987042807,413.9365839916828,0.1,SUCCESS,1
1.2663022715132008,-28.83471441637011,92648.69113898715,0.1,SUCCESS,1
-5.157273200279381,28.034771982082432,244.49661399243087,0.1,SUCCESS,1
12.524204452275365,-4.599569700574488,2606913.127067495,0.1,SUCCESS,1
-6.08163615744235,28.04270883238319,8048.928919330167,0.1,SUCCESS,1
19.171230155858552,28.038470473774566,11526191.909290716,0.1,SUCCESS,1
-4.194619080063539,28.038380875646816,10933.761171530943,0.1,SUCCESS,1
-21.315398172507614,24.609874123049494,18467828.890575595,0.1,SUCCESS,1
-0.137888337745494,-28.891540328729747,83583.30528711698,0.1,SUCCESS,1
-13.428976603302772,29.61554270535024,2271916.402183129,0.1,SUCCESS,1
-5.144464566164196,28.04208908267818,286.3128165669535,0.1,SUCCESS,1
-25.373000169150817,-27.825271204606143,45107286.9443482,0.1,SUCCESS,1
9.849116926790089,23.101505256798237,546252.5011016498,0.1,SUCCESS,1
-17.721955130585904,28.32208738843468,8165405.661411442,0.1,SUCCESS,1
25.467495067093907,-10.28544095790832,43412718.84482686,0.1,SUCCESS,1
-3.4318542256691345,28.04208908267818,26472.92564081322,0.1,SUCCESS,1
29.754833117189143,-23.1711025077128,82541903.26024115,0.1,SUCCESS,1
2.9638643817512857,-13.326516678605344,48893.5275664972,0.1,SUCCESS,1
1.2671261486871046,-10.509989010277591,14678.842087616556,0.1,SUCCESS,1
0.7621543583181847,-14.8826388091784,23912.095696387438,0.1,SUCCESS,1
0.8195838218056437,-17.57970139839893,33311.46224504497,0.1,SUCCESS,1
13.32629308770712,-16.649142834429856,3773039.796017973,0.1,SUCCESS,1
2.239114406077505,-23.38379442431001,80642.92567374205,0.1,SUCCESS,1
14.209010871898316,-21.68256666428228,4998911.576086204,0.1,SUCCESS,1
0.9591229388894824,-22.30610760050601,53944.82267152069,0.1,SUCCESS,1
2.4658237855833107,-22.323458694849226,80679.42525708815,0.1,SUCCESS,1
3.2880162778395388,-23.0881344643442,114920.71282691124,0.1,SUCCESS,1
0.646040866562803,-23.201534407688637,55785.38416648008,0.1,SUCCESS,1
0.7513416716110939,-27.56220428666178,79111.29171847722,0.1,SUCCESS,1
-0.378772554424394,-27.6828238439755,77432.15639857156,0.1,SUCCESS,1
-0.9176123973012054,-27.72361428928068,81603.18069048754,0.1,SUCCESS,1
23.672565879307577,-23.331295456691176,34073612.93752765,0.1,SUCCESS,1
-3.6933968896682288,19.360439933038137,3293.0207238211283,0.1,SUCCESS,1
-13.177834123140386,-22.218181605370894,3836843.5676317946,0.1,SUCCESS,1
8.243643931738703,-23.14273683177955,829980.7967479883,0.1,SUCCESS,1
-0.4882026859771571,-23.15106155720228,54708.63398063847,0.1,SUCCESS,1
2.432244976268919,-23.157568966033303,84528.2204810745,0.1,SUCCESS,1
0.6605059571415559,-23.191263186674316,55826.13881824938,0.1,SUCCESS,1
-7.735577299777351,-23.17942362712227,689284.7693116309,0.1,SUCCESS,1
-1.6413606218282766,23.57602038555429,43612.58414933304,0.1,SUCCESS,1
-3.3289628688121624,-23.17722784961242,117388.16659943468,0.1,SUCCESS,1
0.4629168793699634,-27.752899914922285,78216.67102699526,0.1,SUCCESS,1
-0.1919149104683377,-27.807278597126366,77530.86644047074,0.1,SUCCESS,1
13.757806437011844,2.4977984444703765,3488818.664134541,0.1,SUCCESS,1
2.4658580826473937,5.364457035199628,53.41420367203775,0.1,SUCCESS,1
-0.9633656250520914,-27.825672589313363,82681.64522962783,0.1,SUCCESS,1
6.144827225991946,28.276853049563364,9017.39378918974,0.1,SUCCESS,1
4.273595521753236,5.364428311712125,16649.627652529776,0.1,SUCCESS,1
-0.1919757293865096,-27.817081035564254,77585.59429456986,0.1,SUCCESS,1
-19.036240767085857,29.713545849652636,11066996.130767426,0.1,SUCCESS,1
1.585393374358386,-13.370202400827978,25229.454413701125,0.1,SUCCESS,1
-1.0166500590536955,-23.17414772901507,58605.4621916243,0.1,SUCCESS,1
-21.29521581294624,28.152919354393063,18091338.44442101,0.1,SUCCESS,1
4.921114981839182,29.30227015522958,2600.993391841856,0.1,SUCCESS,1
0.2713136354120777,-23.170703140500667,54030.34538268134,0.1,SUCCESS,1
-8.299627468319148,9.967751419762353,347196.7509633849,0.1,SUCCESS,1
5.318737721658351,-23.17229956941277,264844.8878611649,0.1,SUCCESS,1
-15.88986006627946,-12.707675940441836,7033141.512628045,0.1,SUCCESS,1
-9.80325676534538,28.042246128798773,463354.8100442264,0.1,SUCCESS,1
7.388057708908263,-27.82062465833313,679083.0810511803,0.1,SUCCESS,1
11.095500709982574,24.59245454627971,970675.2751391828,0.1,SUCCESS,1
-19.87990156195885,6.0157422841803125,15147690.832700832,0.1,SUCCESS,1
9.90972235814386,-27.823480999893803,1588336.6221876617,0.1,SUCCESS,1
-22.324763766197787,28.004305554656668,22127291.851070724,0.1,SUCCESS,1
-0.7654619822671194,-28.84659218195344,86630.46510066168,0.1,SUCCESS,1
-22.630065248571245,29.59360483845365,23283716.41138841,0.1,SUCCESS,1
3.7020723479749904,29.29966268158024,24325.592215043274,0.1,SUCCESS,1
-4.671479959978257,5.364159970317189,27120.602022808573,0.1,SUCCESS,1
-19.980396143563404,-23.05663937497679,17831877.80257714,0.1,SUCCESS,1
-14.098807323905245,28.27789774416891,2907200.808460669,0.1,SUCCESS,1
20.29738232429816,-3.891404012633512,17295585.03298513,0.1,SUCCESS,1
-0.8764222524394789,-23.263392766531407,57754.86214977501,0.1,SUCCESS,1
-19.921629651420297,5.546494208640723,15313950.266293552,0.1,SUCCESS,1
11.564639380049435,1.459131069431827,1749957.8271946693,0.1,SUCCESS,1
9.882366371985114,28.20815291441165,482450.98673839605,0.1,SUCCESS,1
-18.289184545708267,-27.593461666633253,13111124.712533776,0.1,SUCCESS,1
21.56274194361161,28.05459599063999,19088343.019732263,0.1,SUCCESS,1
21.655683969972703,-22.605121521794985,24164903.76585082,0.1,SUCCESS,1
-1.5459890613031462,5.36417710032169,891.0061211951365,0.1,SUCCESS,1
-14.920815551679604,28.042474840883514,3786712.63876331,0.1,SUCCESS,1
-1.0169072228187055,4.676124381020678,1330.5018555494016,0.1,SUCCESS,1
-0.1664624562195946,-13.349464775409473,17896.240461197413,0.1,SUCCESS,1
-23.225386088999866,8.09288046342568,28231284.534771297,0.1,SUCCESS,1
0.9105681009084492,-22.49182608849351,54386.72718547884,0.1,SUCCESS,1
-25.73324233886185,21.17878356000427,41091504.05274972,0.1,SUCCESS,1
0.7329734624737156,-22.72977177862018,54135.50199779128,0.1,SUCCESS,1
3.029620676691969,24.695206185573703,24080.62162872941,0.1,SUCCESS,1
-0.4270669396005218,21.205381217241936,44198.6685919029,0.1,SUCCESS,1
6.984779301181369,24.617920721916065,58450.94275214746,0.1,SUCCESS,1
-4.425952178096718,28.042587577848643,7175.666179221046,0.1,SUCCESS,1
-1.7032603388808276,21.171425954735938,33387.804078522095,0.1,SUCCESS,1
-9.711110705735932,29.300551648392137,422681.28389213886,0.1,SUCCESS,1
-3.162928012995877,21.17680523935691,12500.23378205837,0.1,SUCCESS,1
10.367717169155746,21.179310751709096,745033.6545649498,0.1,SUCCESS,1
22.13539548275279,-29.17876388438957,26952585.88693926,0.1,SUCCESS,1
-5.786183588938101,29.518675181661827,1615.1987546326952,0.1,SUCCESS,1
13.224536101964716,21.177360584790776,2362856.423142452,0.1,SUCCESS,1
-5.148249201619741,21.17819215031093,2874.7243731205645,0.1,SUCCESS,1
11.290529140689188,-27.825171759889017,2411952.7894769064,0.1,SUCCESS,1
8.888706944268122,21.178984950774023,334494.5812159278,0.1,SUCCESS,1
2.165811355718432,9.618779538221382,2429.9176397261785,0.1,SUCCESS,1
-1.650903441017494,-0.5815753418471701,1100.6902287541304,0.1,SUCCESS,1
12.63144442804068,24.694868057488115,1818817.3397427453,0.1,SUCCESS,1
28.85485999924265,29.40208946263849,64513937.41933216,0.1,SUCCESS,1
-4.504639417080163,29.30248573017257,8149.589538417308,0.1,SUCCESS,1
22.16377003068712,28.955314400611776,21370486.21125417,0.1,SUCCESS,1
5.078007056144692,29.348913173875083,1285.9542502102995,0.1,SUCCESS,1
4.483507235991802,29.380556274059124,8621.597708463258,0.1,SUCCESS,1
1.1751514771147882,29.38928502188388,78446.54012895293,0.1,SUCCESS,1
9.829320422309692,29.39970500943268,451874.8037689228,0.1,SUCCESS,1
5.048179237203016,29.41616281437559,1562.488848970101,0.1,SUCCESS,1
-1.8878654227789724,29.405615113259277,66787.06162524759,0.1,SUCCESS,1
-28.91351146605805,21.04815955662573,66414101.819053724,0.1,SUCCESS,1
-0.2980019086656078,-28.878687475648,83913.24763862925,0.1,SUCCESS,1
30.0,29.307862408457236,75811320.846373,0.1,SUCCESS,1
1.0452760578779206,29.312959774985245,79638.86113493245,0.1,SUCCESS,1
-12.356190093161525,19.123153444631757,1783799.5417735504,0.1,SUCCESS,1
-4.129648418678471,29.30979887946497,15046.783563218298,0.1,SUCCESS,1
1.5620098707031644,-29.1849011703144,100012.96160115192,0.1,SUCCESS,1
-2.977518978691169,29.3058420706258,41796.09147741878,0.1,SUCCESS,1
-4.300801204423593,29.30657184770656,11713.018496397995,0.1,SUCCESS,1
-17.626412216156346,-11.372465881901157,10372796.391667075,0.1,SUCCESS,1
17.61661423317768,29.4046352160226,7893030.420889166,0.1,SUCCESS,1
-9.105770213894814,29.309382635297453,287458.8966925596,0.1,SUCCESS,1
4.711277703358064,21.040551388543044,147.31153097686175,0.1,SUCCESS,1
19.776393948703344,29.30765398581225,13090139.331887454,0.1,SUCCESS,1
5.334652378696518,29.30696068472551,90.77504928800232,0.1,SUCCESS,1
-7.511677294678485,29.308713611914584,73603.351494904,0.1,SUCCESS,1
13.298805156136943,-23.19001927081677,4002081.007365755,0.1,SUCCESS,1
-1.0402088008238408,-23.333560659372587,59616.29041475826,0.1,SUCCESS,1
0.3194348667780069,-10.379138056381588,10985.969650638282,0.1,SUCCESS,1
-11.356210523354664,29.301464704963607,993405.1516889132,0.1,SUCCESS,1
12.121258747795151,29.308368652883424,1383488.84765508,0.1,SUCCESS,1
0.588933877693318,-22.756493517733283,53376.58531939705,0.1,SUCCESS,1
0.8564956722826444,-29.14805579687764,89291.26528855474,0.1,SUCCESS,1
1.693166533353747,-29.14884734045784,102500.73060499906,0.1,SUCCESS,1
26.10318513658227,-15.314544545742736,48538439.87277243,0.1,SUCCESS,1
7.331034611384666,-29.1756606784066,687608.2302588192,0.1,SUCCESS,1
-28.848197516747973,29.37500634770747,64456658.43930578,0.1,SUCCESS,1
5.129669926528024,29.36688411232952,949.3613496617916,0.1,SUCCESS,1
-6.541025958579098,29.37032683303784,18052.267933977328,0.1,SUCCESS,1
8.565184991244848,29.37430243900637,193552.4513633092,0.1,SUCCESS,1
-14.182419847795783,29.37749898853853,2950501.658522241,0.1,SUCCESS,1
-26.75837895320087,29.33388072241602,47153295.74510784,0.1,SUCCESS,1
6.269332007733311,29.338826420250584,9959.278332501854,0.1,SUCCESS,1
11.24752624693295,28.04261793900792,969625.4458603336,0.1,SUCCESS,1
-5.799521021513197,29.308186804848415,1917.8836863139952,0.1,SUCCESS,1
10.38138045952794,29.332719615260025,615376.7141176404,0.1,SUCCESS,1
8.097420481114405,-20.87221821249377,747245.2823826685,0.1,SUCCESS,1
-9.234747987967726,29.30798876259057,313397.739596285,0.1,SUCCESS,1
-25.411219857894142,29.316278993516026,37997296.76775431,0.1,SUCCESS,1
5.598471095855629,4.604026425172648,71517.767558672,0.1,SUCCESS,1
1.842900671356567,29.32382356107854,67224.44703517534,0.1,SUCCESS,1
1.8555080415748648,29.31374931209318,66930.76408739461,0.1,SUCCESS,1
5.429456774534486,29.31499782266291,22.30978715751295,0.1,SUCCESS,1
-6.497202372098478,29.307907682518746,16711.997260050102,0.1,SUCCESS,1
-9.559432940285827,29.341385717615594,385024.69082710845,0.1,SUCCESS,1
-9.946637708931284,29.3157712718544,484811.9079388102,0.1,SUCCESS,1
-15.937801176104704,29.40239927930574,5045301.8301196,0.1,SUCCESS,1
25.09227657029082,29.372446438391258,36030574.327632405,0.1,SUCCESS,1
12.3387549651638,29.401753599588343,1509171.7925550456,0.1,SUCCESS,1
22.903473426378905,29.350530535103253,24524622.420506746,0.1,SUCCESS,1
16.878065254591533,29.376880471067388,6527878.859283485,0.1,SUCCESS,1
12.418475264341424,29.31822198670597,1560139.023077479,0.1,SUCCESS,1
19.189308211546496,-16.64014345436692,14812798.917013375,0.1,SUCCESS,1
-3.229701113826671,29.35883042780585,35844.28311695894,0.1,SUCCESS,1
-21.401215051956104,29.345139266770545,18376030.052210435,0.1,SUCCESS,1
29.791541855300927,29.310973786214014,73655842.69885378,0.1,SUCCESS,1
1.274084822986886,-29.179691119564957,94882.4528677714,0.1,SUCCESS,1
5.508356839979598,29.37528890899307,113.7773628358554,0.1,SUCCESS,1
-3.0126419965370346,29.544842498280964,41913.40431415246,0.1,SUCCESS,1
-11.195824294732615,29.307865264573454,922490.3216325332,0.1,SUCCESS,1
0.4388301153536673,-22.976083302730093,53678.97316358153,0.1,SUCCESS,1
5.256879673992742,21.044669937775588,4361.081237082057,0.1,SUCCESS,1
-6.151132194215105,29.30740328505041,7325.563706453991,0.1,SUCCESS,1
-23.941066952208637,29.851824273147397,29520595.35235949,0.1,SUCCESS,1
0.0200272327197517,29.30076757992139,85852.10799070004,0.1,SUCCESS,1
3.6133796287310886,29.72967054204044,27806.25019167958,0.1,SUCCESS,1
6.490116545782087,29.774721796837177,15274.713069349327,0.1,SUCCESS,1
6.3264516528497765,29.373085384642884,11372.549098598323,0.1,SUCCESS,1
8.374365779822377,29.307546697277004,166701.66871426054,0.1,SUCCESS,1
-2.340181650045789,29.781328036342828,59083.865695128254,0.1,SUCCESS,1
-3.843414780948791,29.795195994695213,22593.589679008823,0.1,SUCCESS,1
0.3856858850239817,29.84364667854875,88179.04486515206,0.1,SUCCESS,1
28.36687797595197,29.30696068472551,60121047.684160754,0.1,SUCCESS,1
3.16266003794793,-26.454027408132347,132911.92203768095,0.1,SUCCESS,1
7.391599775337362,29.30696068472551,64195.5953777091,0.1,SUCCESS,1
24.08333260178769,14.083885567168224,32027419.70895947,0.1,SUCCESS,1
-9.617711385637204,21.11912348297986,509641.00402590574,0.1,SUCCESS,1
7.581706010175147,29.30696068472551,79428.10195423003,0.1,SUCCESS,1
-10.124188764622826,17.856928646757368,716555.1261013754,0.1,SUCCESS,1
10.979859356956212,29.84742678980163,822927.9159800248,0.1,SUCCESS,1
-12.759107188263664,29.310975541444364,1781982.8858371095,0.1,SUCCESS,1
5.567493321549051,29.30696068472551,306.4791611468512,0.1,SUCCESS,1
10.421396894593832,19.15822092496052,800170.5728729488,0.1,SUCCESS,1
7.729986370136586,29.3160607951076,92684.12808448108,0.1,SUCCESS,1
8.83409690280304,29.37528890899307,236899.12602054825,0.1,SUCCESS,1
-22.235418417663144,29.30692899045525,21632983.026781965,0.1,SUCCESS,1
10.764754377890776,29.30696068472551,749583.3700561993,0.1,SUCCESS,1
3.547992925510002,5.364342629469732,5224.981527152498,0.1,SUCCESS,1
-5.7133163800612365,-2.951818452181101,126736.94633500876,0.1,SUCCESS,1
-17.629193387825474,21.08420192145706,8393202.733069705,0.1,SUCCESS,1
7.679409329379709,-29.435590227146182,781658.2904973255,0.1,SUCCESS,1
1.924958103398307,-28.88559050580764,106218.53697103151,0.1,SUCCESS,1
-0.2126281606431881,-29.17584607246992,85388.48655983238,0.1,SUCCESS,1
-3.331469931075961,29.35212962382495,33337.5604994473,0.1,SUCCESS,1
2.10155059084898,29.876096031004906,64820.24062213405,0.1,SUCCESS,1
0.4344369078151189,-23.32783882827504,55303.24633139551,0.1,SUCCESS,1
6.819544560582607,29.9184603762278,27549.137916626776,0.1,SUCCESS,1
-5.215887628552288,29.316536499329224,484.2916285000715,0.1,SUCCESS,1
13.854044336817374,-1.0650001635115274,3725047.649967053,0.1,SUCCESS,1
4.5096192300337705,29.866310338740146,9093.730312008522,0.1,SUCCESS,1
0.869513022394429,29.37047951197043,81878.5580822775,0.1,SUCCESS,1
8.642601942174032,29.34823440870588,205687.409382491,0.1,SUCCESS,1
29.49588627286872,16.882828215668965,72782949.64939275,0.1,SUCCESS,1
3.62784638549141,-29.17900628062944,179276.8000200467,0.1,SUCCESS,1
-4.441151240184404,24.69479536402674,2500.661420787938,0.1,SUCCESS,1
8.104891148275676,-4.806331474585498,497013.3286210342,0.1,SUCCESS,1
-15.112610449190846,29.334982001484207,3962589.230939308,0.1,SUCCESS,1
15.00214871079384,29.374471007816098,3829653.4718546,0.1,SUCCESS,1
2.9420276829989263,16.03810426499946,5454.016344950924,0.1,SUCCESS,1
-8.5321702547154,15.55694096858143,327743.9362755101,0.1,SUCCESS,1
0.5466010233347411,29.33376194957929,84303.2657665781,0.1,SUCCESS,1
-1.0116005743243477,-29.358599479146367,92310.24519337436,0.1,SUCCESS,1
3.4157076293679864,29.856993310088136,33093.20808516175,0.1,SUCCESS,1
-7.621902420286808,29.873702846428834,79709.44821617147,0.1,SUCCESS,1
0.0504439343980571,21.061313696509597,44348.077282670194,0.1,SUCCESS,1
1.2649009679016672,-29.17671067880442,94720.50497720702,0.1,SUCCESS,1
0.7855478527454096,-29.1783606082937,88776.90644557102,0.1,SUCCESS,1
0.963188282142319,-29.34671948106526,91654.24058589133,0.1,SUCCESS,1
-4.267935991024572,-29.41932283526557,226933.2672360655,0.1,SUCCESS,1
3.3583741856505327,21.05116529417261,9555.714340859646,0.1,SUCCESS,1
2.497830073963605,27.122575266495723,43613.96737019928,0.1,SUCCESS,1
11.699957616398372,21.178729503479133,1339001.349286191,0.1,SUCCESS,1
-3.345710071569499,28.00550430882684,28282.30646239622,0.1,SUCCESS,1
19.28305976942115,-22.483415792495265,15549145.515358238,0.1,SUCCESS,1
-1.750470569596704,11.54116626259104,7193.550281635303,0.1,SUCCESS,1
0.1339727572800519,-29.41939314129084,86656.4594694802,0.1,SUCCESS,1
-4.353071435238288,29.403459673055718,10957.745255311263,0.1,SUCCESS,1
8.052189015562632,29.85248018923061,122446.6293456394,0.1,SUCCESS,1
5.710773200332298,27.999062291433525,2150.96941085649,0.1,SUCCESS,1
12.973100618498869,-16.758017475508005,3424839.9213938853,0.1,SUCCESS,1
-2.9020200517323858,9.25165834082796,84.10546225742166,0.1,SUCCESS,1
0.5867927479708825,-22.689834981087785,53057.42670237641,0.1,SUCCESS,1
5.403763792143806,29.005538475772184,23.200498265623867,0.1,SUCCESS,1
-0.007825484153713,-23.33192658808988,54439.18130483086,0.1,SUCCESS,1
15.809701100387386,21.04741040952586,5239705.464647336,0.1,SUCCESS,1
4.979647315554018,-23.171278774998413,230110.3340901849,0.1,SUCCESS,1
4.716958671476533,28.99390461389728,4562.246571779626,0.1,SUCCESS,1
15.490167882681009,29.31617214198513,4436672.958731095,0.1,SUCCESS,1
4.688090763170685,27.17368601256443,2712.91469576918,0.1,SUCCESS,1
-11.529907800780602,-29.478312589950985,2638087.996799304,0.1,SUCCESS,1
-5.144667182065607,29.85170097299064,1182.9705939635849,0.1,SUCCESS,1
18.06961751363378,21.972869789069563,9274643.34238886,0.1,SUCCESS,1
-2.33463269583552,12.205473330697032,4574.072972269834,0.1,SUCCESS,1
4.48778828401997,28.7441900960732,7414.954056416818,0.1,SUCCESS,1
15.293370473470873,-25.7737322996121,6742583.260855611,0.1,SUCCESS,1
-0.4593030050824289,29.30112640053401,84625.91204708189,0.1,SUCCESS,1
-2.422892734946373,28.96848137733516,53363.81000225703,0.1,SUCCESS,1
17.446819377683674,29.307831802585028,7567373.300732767,0.1,SUCCESS,1
4.546947593774668,28.8015206834974,6617.049584338184,0.1,SUCCESS,1
5.951250320646174,29.98186982115612,2978.992382171361,0.1,SUCCESS,1
11.17220655799568,-23.33028248858426,2194900.741620561,0.1,SUCCESS,1
3.2942725390828684,-23.17091943931284,115762.74409063326,0.1,SUCCESS,1
3.3537528799878658,28.96428764954968,31393.43541999117,0.1,SUCCESS,1
2.3955885558533865,-23.17113262972714,83580.62559885804,0.1,SUCCESS,1
-2.433900908586629,16.897052486728498,12052.857091439044,0.1,SUCCESS,1
-5.564072579817871,29.316246913671076,312.9191718880757,0.1,SUCCESS,1
23.562137792561096,-12.007342568514286,32170014.854219887,0.1,SUCCESS,1
-3.293622321287156,8.158500403294454,741.7480276420756,0.1,SUCCESS,1
-2.60408764370343,7.949774095656586,149.5290559107371,0.1,SUCCESS,1
7.2532563631191,29.996587690010905,51174.51409118157,0.1,SUCCESS,1
4.920549055423983,28.81626635986155,2135.4789818334957,0.1,SUCCESS,1
8.624736595131907,-12.220949634032785,750135.9179423043,0.1,SUCCESS,1
-2.904190438759329,8.01056430090788,33.19977059949524,0.1,SUCCESS,1
-19.11493771578979,-22.742685161489483,15064391.99016665,0.1,SUCCESS,1
4.662289250843948,29.343985030525893,5800.124161737114,0.1,SUCCESS,1
4.047557688241611,28.944855395972997,15790.00403917123,0.1,SUCCESS,1
-4.86758648249398,29.35093710090903,3235.203252762205,0.1,SUCCESS,1
-9.0866483127242,-18.889391883193117,1029445.2887747498,0.1,SUCCESS,1
-1.0924130482601375,-22.542538696672626,56343.696641604336,0.1,SUCCESS,1
-0.0579984361543886,-13.350133729932068,17832.709038546367,0.1,SUCCESS,1
26.4970607267009,-14.578020166090438,51362561.10805673,0.1,SUCCESS,1
5.330182187982416,28.955749674465583,48.44289803090568,0.1,SUCCESS,1
0.4919444018752799,-23.32976192439239,55563.09796024287,0.1,SUCCESS,1
-8.449083770478289,21.0487635405078,253483.2568951771,0.1,SUCCESS,1
4.706484299473374,29.34754826657848,5192.776693248283,0.1,SUCCESS,1
-2.2619481913357653,29.37494372049388,58858.28797509228,0.1,SUCCESS,1
2.8150789441738557,21.0477510212437,17224.82147281091,0.1,SUCCESS,1
13.235830427694664,29.30696068472551,2128254.345276208,0.1,SUCCESS,1
4.778277218171148,16.4657959516261,4067.045691756434,0.1,SUCCESS,1
-7.581061127816312,29.851987695140828,76362.83734518419,0.1,SUCCESS,1
18.103008148100383,-23.170993854086287,12312664.555207867,0.1,SUCCESS,1
-2.49294488745085,29.350484590404854,53538.31013594364,0.1,SUCCESS,1
0.3197619472841708,-23.33114351360561,54912.84511453371,0.1,SUCCESS,1
2.045551320428686,16.6834157835112,15623.932199795168,0.1,SUCCESS,1
-1.7904995135465391,-9.951056563059446,17318.307247849996,0.1,SUCCESS,1
0.2520903860388372,-22.593315364359047,51333.912201240986,0.1,SUCCESS,1
0.9561469618123936,-23.02787101628594,57322.35984130023,0.1,SUCCESS,1
29.665169088454213,-23.265054829957243,81593618.47163281,0.1,SUCCESS,1
0.0833565077977276,-23.304785453425144,54344.53332881506,0.1,SUCCESS,1
2.0418326066600088,-23.266347111800584,75271.35365569917,0.1,SUCCESS,1
30.0,-27.776906072967368,86077839.74423277,0.1,SUCCESS,1
-15.095160379059566,-0.3320386876613028,5207596.185494274,0.1,SUCCESS,1
19.72691560669077,-27.790680368702333,17384403.80399649,0.1,SUCCESS,1
29.03251491398436,-28.96805735207882,76013896.36422539,0.1,SUCCESS,1
-0.0940690387051894,-28.925187111460158,83719.04146464892,0.1,SUCCESS,1
-0.2067260131412496,-28.950946585644388,84064.81711398362,0.1,SUCCESS,1
-2.6033137785999507,-28.9819209232883,127884.76167218472,0.1,SUCCESS,1
-1.02216283890672,-27.768633240365173,83025.57986442832,0.1,SUCCESS,1
0.8125202997865593,-28.96504545906369,87765.48823167266,0.1,SUCCESS,1
0.9124210980047244,-28.971924658712283,88830.45367471564,0.1,SUCCESS,1
29.930149747750853,-29.130422259635345,85553030.20771614,0.1,SUCCESS,1
0.1034800147891061,-27.777658176569,77220.13385497007,0.1,SUCCESS,1
-5.485628902618039,5.364364732053424,61188.27348491044,0.1,SUCCESS,1
-1.4869026437172224,-10.245733506150868,15522.905373237076,0.1,SUCCESS,1
13.002906687998127,17.410386359333224,2300377.236856889,0.1,SUCCESS,1
-22.85427603459509,5.106623964336002,26751322.852695752,0.1,SUCCESS,1
-0.8743761628991464,-10.28060169535332,12203.014819277949,0.1,SUCCESS,1
-0.1583539371413529,-10.297830585187242,10657.581757334578,0.1,SUCCESS,1
0.1880116641502063,-22.64124925476944,51423.467380541886,0.1,SUCCESS,1
0.4912708025030206,-10.287852814073972,11086.66368079717,0.1,SUCCESS,1
3.948276974999111,-22.61249745678769,145943.3008845744,0.1,SUCCESS,1
12.018001654247016,-29.132519677731995,3012598.2726873173,0.1,SUCCESS,1
0.7869408401931004,-14.80492514912272,23790.643151282053,0.1,SUCCESS,1
-7.914956807016548,-14.985076429086844,602746.282909777,0.1,SUCCESS,1
25.870606862449637,-23.26963170841013,47964267.34555472,0.1,SUCCESS,1
8.548546652020526,-23.17110953947045,926439.349184371,0.1,SUCCESS,1
20.682744950826603,-23.26522890927468,20344200.89836768,0.1,SUCCESS,1
13.958901743773346,21.04818483092613,3020907.6303063403,0.1,SUCCESS,1
6.611094034713737,27.78679276596233,25375.397059935312,0.1,SUCCESS,1
0.8688859894260368,-28.88835714871993,87872.65932035951,0.1,SUCCESS,1
13.099743341567418,-28.968214519822883,4023038.669276857,0.1,SUCCESS,1
18.08528375853362,29.755117054369272,8840351.170659425,0.1,SUCCESS,1
23.80934182096265,29.94061441232803,28831421.593739904,0.1,SUCCESS,1
-28.7106404741929,29.308722656880803,63202135.17956945,0.1,SUCCESS,1
4.539264701363898,12.66497516866663,6316.805185173903,0.1,SUCCESS,1
6.336753960567791,29.938232270266,10465.592959237478,0.1,SUCCESS,1
11.292267994782549,8.424611715571338,1418365.526575622,0.1,SUCCESS,1
19.9909563104766,27.935617762415944,13816651.597678425,0.1,SUCCESS,1
-0.5601593281130555,30.0,88129.60895290047,0.1,SUCCESS,1
-14.813547960302746,29.30955938187723,3615254.265339717,0.1,SUCCESS,1
5.133723257903355,29.943892776087168,1305.0206275479286,0.1,SUCCESS,1
12.611860987588903,30.0,1665758.3531719537,0.1,SUCCESS,1
17.22538394912288,-29.131583426633345,10617788.054609954,0.1,SUCCESS,1
-1.1250311844982337,-11.365335952268929,15958.810468839089,0.1,SUCCESS,1
0.0495467588315108,-29.13054463546473,84874.06944580743,0.1,SUCCESS,1
2.383633954823644,29.30930564496025,55828.23811413504,0.1,SUCCESS,1
5.362021221688792,13.688053413450511,22709.0813879913,0.1,SUCCESS,1
-4.83772443598577,28.042607053502124,2186.1383436601377,0.1,SUCCESS,1
6.919485310015546,29.93909121005668,32220.06676451135,0.1,SUCCESS,1
-3.9383912357354447,29.57595809458786,19806.90182433485,0.1,SUCCESS,1
5.616728220730742,-29.129621308582387,368194.26848250016,0.1,SUCCESS,1
1.1621483201781508,-23.274485922022645,60639.4563952039,0.1,SUCCESS,1
-12.258895490323962,29.940554958170985,1448346.4842686425,0.1,SUCCESS,1
-0.3843435609983565,-27.77237336756579,77955.07762102042,0.1,SUCCESS,1
5.510900447090762,28.284705809551788,455.2033090080336,0.1,SUCCESS,1
3.933716149870726,29.94084834049262,20937.22162800855,0.1,SUCCESS,1
7.036119486022422,30.0,38088.65155107002,0.1,SUCCESS,1
-1.9699866834025384,-28.889192445174427,107396.37283659456,0.1,SUCCESS,1
28.37864434553903,29.893952650089005,60133563.003872745,0.1,SUCCESS,1
4.744974232975153,14.773760960371597,6006.363139324652,0.1,SUCCESS,1
-0.5051299808924128,-22.60144986381188,52244.70993803191,0.1,SUCCESS,1
-2.0093435122738974,-15.898716090859123,39754.173244981655,0.1,SUCCESS,1
14.378226929117794,21.046304699286765,3448149.070532779,0.1,SUCCESS,1
-0.1727321163522326,-23.1710596840463,53829.533136735925,0.1,SUCCESS,1
-7.643450157055767,-28.912192111832343,762806.5897802168,0.1,SUCCESS,1
-1.9553086316281136,-23.331685589978964,73747.68793872294,0.1,SUCCESS,1
-16.45498194659679,29.310900665499062,5830381.982681993,0.1,SUCCESS,1
-3.8727528489327376,29.334109542440444,20575.532017486566,0.1,SUCCESS,1
3.764837814002121,29.94068402329023,24866.464962519312,0.1,SUCCESS,1
-2.8954674689969977,16.700359719350217,6931.804555207662,0.1,SUCCESS,1
-14.982246619378737,-26.34863342561814,6291139.433955568,0.1,SUCCESS,1
-4.473935148739898,13.92431313418917,3740.945467358377,0.1,SUCCESS,1
-4.465533155287204,29.910254252656514,9968.50228229412,0.1,SUCCESS,1
6.65137640610412,-13.44956508337346,332849.85380911187,0.1,SUCCESS,1
-6.824505110512561,28.954915251874013,31103.97953389896,0.1,SUCCESS,1
-0.225491116907694,29.59550557850563,87290.19134883319,0.1,SUCCESS,1
-4.039807833891612,8.104199326195094,6775.415513006324,0.1,SUCCESS,1
-2.398813077978886,28.16727674128424,50245.68581980929,0.1,SUCCESS,1
-3.0874934024241902,14.153620017798753,2152.075868412574,0.1,SUCCESS,1
6.287696714096327,30.0,9119.830088078375,0.1,SUCCESS,1
4.128758314888628,-23.26452683212424,162508.84837245705,0.1,SUCCESS,1
-1.696194376248016,8.097567153228525,2732.6229183268765,0.1,SUCCESS,1
-8.715479208537051,-27.81492760024149,1077009.1883575588,0.1,SUCCESS,1
-13.590297196713273,29.32198447806718,2414326.8747683046,0.1,SUCCESS,1
2.4231045443949384,8.087643236991092,493.1828409131957,0.1,SUCCESS,1
16.03272064426661,-29.1304914945163,8190046.394690749,0.1,SUCCESS,1
0.2009178184980022,29.30899850363776,85665.91186502136,0.1,SUCCESS,1
1.437230351127667,14.046645758311854,14354.662437294584,0.1,SUCCESS,1
5.429456774534486,29.58350184559086,20.71213277976113,0.1,SUCCESS,1
0.8057402933697375,-23.271085311637385,57218.12601587162,0.1,SUCCESS,1
-3.463625895367944,14.092755602471314,459.2670443403536,0.1,SUCCESS,1
-1.6866736081918496,21.04745245546192,33140.62680849329,0.1,SUCCESS,1
-4.937933169397411,28.151459220300488,1455.2488748941644,0.1,SUCCESS,1
6.411985068991889,-22.607151569866183,406062.1026166169,0.1,SUCCESS,1
-0.9120532829608514,28.05056470604348,74089.54692681452,0.1,SUCCESS,1
-21.586327568458405,29.988751949686915,19008434.713349387,0.1,SUCCESS,1
6.651841084946014,29.992290804289453,20351.587708719744,0.1,SUCCESS,1
15.138211597916602,29.89062748876308,3971245.392991962,0.1,SUCCESS,1
13.427300571075982,30.0,2258935.006392615,0.1,SUCCESS,1
-4.995146439569439,28.15746175684327,1063.7685840894435,0.1,SUCCESS,1
10.38912208162214,-23.171001073786748,1718936.5531048237,0.1,SUCCESS,1
-5.108481006613939,25.901025865206663,41.13761157439555,0.1,SUCCESS,1
-5.60620813978915,29.31636950679183,490.20349444925625,0.1,SUCCESS,1
5.217186113299263,29.990169108420996,785.7053331173071,0.1,SUCCESS,1
0.2392456106355496,-23.331633313258934,54704.51104016608,0.1,SUCCESS,1
-0.7920282853332559,8.093316281996806,5577.338130379173,0.1,SUCCESS,1
-5.280018463986842,21.04794018033372,4705.223131185754,0.1,SUCCESS,1
3.0701275053492907,14.083698948722436,2173.996779740319,0.1,SUCCESS,1
29.330095174694804,-19.004420218115524,77310424.47550274,0.1,SUCCESS,1
-1.0191287845507515,4.95747420687232,1539.8159833913414,0.1,SUCCESS,1
-0.2542853552380286,-19.21481749568312,37171.40249982096,0.1,SUCCESS,1
1.1314459883493733,-19.045713722627436,41314.17228843271,0.1,SUCCESS,1
-1.770990129579829,5.107009439972543,396.0061626634192,0.1,SUCCESS,1
1.070772449830681,-19.01375467504387,40643.80814174603,0.1,SUCCESS,1
3.662338749988642,-18.99082518635953,105006.09529114777,0.1,SUCCESS,1
0.0982246201467305,-19.00346592408723,36150.6635968783,0.1,SUCCESS,1
-1.745103471000128,-19.01336670100938,48666.39321474373,0.1,SUCCESS,1
-20.0842457202654,22.77655607218404,14486108.715906804,0.1,SUCCESS,1
0.0552133846387405,-19.006927156780804,36138.81013672845,0.1,SUCCESS,1
-4.222226857227305,-8.447647221058123,69064.02937845432,0.1,SUCCESS,1
12.4279162290146,-25.021730576524472,3221252.142762536,0.1,SUCCESS,1
-0.0032840023384537,-19.0047853895288,36119.23434107865,0.1,SUCCESS,1
0.7738824332669871,-19.00414859341057,38427.97910150876,0.1,SUCCESS,1
0.3442439473892094,-11.60664544997179,13748.342732926358,0.1,SUCCESS,1
-8.781324926361876,29.59397176868037,225888.8147208808,0.1,SUCCESS,1
-29.64027800160512,-9.51820884139881,78866756.94038285,0.1,SUCCESS,1
-0.1132881907043845,-9.69404619729182,9423.59214280482,0.1,SUCCESS,1
0.193038758233996,-29.130437559673517,85076.13239324234,0.1,SUCCESS,1
-2.5971795058587936,-9.442764229363508,26218.41604069004,0.1,SUCCESS,1
-1.4431594202243794,-9.50504467668799,13433.572815100568,0.1,SUCCESS,1
-22.97907831044837,-29.582333808413352,31094623.12456568,0.1,SUCCESS,1
-0.8593432749320868,-11.489997201912349,14957.000281736073,0.1,SUCCESS,1
1.1089841449126825,-9.57712461949234,11679.072915091288,0.1,SUCCESS,1
3.983550750028577,-9.529295808950938,64514.601712180665,0.1,SUCCESS,1
-1.0212343647465438,-9.510228213422206,11140.978324098358,0.1,SUCCESS,1
7.391475210174562,-9.524215130893896,411667.29887073446,0.1,SUCCESS,1
8.150351031361097,-9.52251965299008,576902.6422874576,0.1,SUCCESS,1
-1.3881608155172138,-9.512469053201176,13091.82668401798,0.1,SUCCESS,1
5.283490182755564,-9.518696353551334,140148.52083824665,0.1,SUCCESS,1
-18.24233208941508,-9.516975988569683,11717275.720475584,0.1,SUCCESS,1
4.027667930237989,-29.56920773082064,209693.6351668161,0.1,SUCCESS,1
-16.820557394373324,-9.515419356983283,8552817.226979747,0.1,SUCCESS,1
6.969377842740613,-9.513784057982608,337434.1075161465,0.1,SUCCESS,1
14.37088247606502,-9.514394628523394,4667362.530515307,0.1,SUCCESS,1
-3.293813771758888,16.892763357321968,3670.891566642749,0.1,SUCCESS,1
-4.09842973238581,-29.633634387182177,215607.54751829905,0.1,SUCCESS,1
0.8838120542505123,-9.516289906450876,10603.686295157597,0.1,SUCCESS,1
9.136235524319844,-10.283408679193016,879051.3545063732,0.1,SUCCESS,1
-4.472425816644773,16.78778560288464,1063.4459020917673,0.1,SUCCESS,1
-2.3558280938238987,-9.51674917828348,22711.731698037493,0.1,SUCCESS,1
0.9805114877004116,-3.893908644950457,2357.4052807120133,0.1,SUCCESS,1
0.0012595031716848,-9.51739269978916,9059.076882360088,0.1,SUCCESS,1
-12.567910208950911,-9.517337702161573,2804794.288168696,0.1,SUCCESS,1
19.24106142605473,-14.532960610433037,14803697.132945511,0.1,SUCCESS,1
-5.18827442305545,-29.62533186746508,319755.29809587,0.1,SUCCESS,1
-1.8316678475302128,4.966221668250434,267.6195801084268,0.1,SUCCESS,1
-0.9629258977150634,-11.42391279639423,15258.916737615387,0.1,SUCCESS,1
-0.3854580828182676,-23.26785737149812,54834.86373393034,0.1,SUCCESS,1
0.8231458021587557,-22.6025210396552,54196.29055691636,0.1,SUCCESS,1
4.148507214067479,16.880730917722936,20.762294341433236,0.1,SUCCESS,1
4.012287437111503,16.88196848114608,70.46392172874451,0.1,SUCCESS,1
12.004304954075993,16.88975954485357,1618450.534573079,0.1,SUCCESS,1
1.0841198102178886,-29.62105308446559,94841.64049448376,0.1,SUCCESS,1
6.867230353057906,29.587428485336822,30909.919362354023,0.1,SUCCESS,1
-22.721560948017544,-10.669632279281595,27767029.911012813,0.1,SUCCESS,1
8.988672298199468,14.25725670638679,442807.3113822116,0.1,SUCCESS,1
2.5617592365106177,-11.412747157298616,32313.78697230669,0.1,SUCCESS,1
15.009520402628231,-9.51833000835686,5513489.64506688,0.1,SUCCESS,1
-1.7503398272841544,5.030524554616669,394.4083780544027,0.1,SUCCESS,1
7.368659926336335,-11.737974386810484,436104.3133530924,0.1,SUCCESS,1
0.3963815934044525,-11.954646099277973,14669.848205268983,0.1,SUCCESS,1
11.847787244833796,-5.894464133346975,2139448.8525073607,0.1,SUCCESS,1
-1.183871988817419,29.982166145682207,81689.91472735017,0.1,SUCCESS,1
22.27056313464685,14.068431304200251,23224133.974258456,0.1,SUCCESS,1
-16.960818806428797,16.88312381742665,7332841.951461508,0.1,SUCCESS,1
-1.3255595225787715,29.30090345874426,75871.47479054164,0.1,SUCCESS,1
-4.155202885111109,14.07373805448978,1045.4452557660288,0.1,SUCCESS,1
-9.102481430002236,-27.870208217554215,1226112.958047344,0.1,SUCCESS,1
-1.0437207672173834,5.053587022174533,1575.69190117985,0.1,SUCCESS,1
-0.167207417378929,-10.28672779575252,10640.637340684872,0.1,SUCCESS,1
19.03072176179877,29.40088182230905,11073745.277315255,0.1,SUCCESS,1
4.878922500386821,28.0031643729639,1778.440962534258,0.1,SUCCESS,1
2.67201527219742,16.882696935308005,9495.461566200838,0.1,SUCCESS,1
29.59504137248793,-3.33373703785751,77300118.75703008,0.1,SUCCESS,1
10.043183694472717,29.33401450293644,511757.6748661666,0.1,SUCCESS,1
4.694641108862548,16.88298382649478,2672.776277530269,0.1,SUCCESS,1
2.389260817157556,-29.600254170570267,124673.21707356953,0.1,SUCCESS,1
1.2086161519078544,-29.178839267768733,93878.5049704648,0.1,SUCCESS,1
16.169897601958937,15.41475009373886,6054331.631760828,0.1,SUCCESS,1
1.073992754075583,28.15546735468041,72910.84323961718,0.1,SUCCESS,1
-11.795100759290577,4.050110627471646,1824670.1314704104,0.1,SUCCESS,1
-27.481552228272797,-29.435698105166573,61571733.519822665,0.1,SUCCESS,1
1.0854026968946116,-29.43113412844268,93692.52265307026,0.1,SUCCESS,1
2.7056908452725423,-29.449913048532096,135211.17072157146,0.1,SUCCESS,1
1.0384429963972437,-14.629202946473068,24672.7669656873,0.1,SUCCESS,1
-1.4712338773889826,14.085962872894186,14218.165264627449,0.1,SUCCESS,1
14.564779710814712,29.401841875288937,3339244.602233203,0.1,SUCCESS,1
4.086077696272128,-29.443536816280048,212895.49514892977,0.1,SUCCESS,1
-0.6872336141759838,-29.43721846380364,89460.71665389113,0.1,SUCCESS,1
0.6152367821626292,-27.77707994579395,79273.90802779674,0.1,SUCCESS,1
-4.132755201271582,-9.518285321032817,70771.44424909275,0.1,SUCCESS,1
-1.4084171309967068,-10.66279902704644,15999.039482060416,0.1,SUCCESS,1
0.0861016876483056,-10.699364941487666,11464.345670954655,0.1,SUCCESS,1
-14.258630370722544,-29.7021171458214,5429629.462431981,0.1,SUCCESS,1
24.610260291838166,-29.854300988001494,40389024.40530906,0.1,SUCCESS,1
0.8550024280771993,-29.886460700541267,93743.08951145226,0.1,SUCCESS,1
8.538139844816357,-29.43580354319113,1047315.0539525212,0.1,SUCCESS,1
-0.4430789942310191,-23.171076752086528,54605.60087768114,0.1,SUCCESS,1
10.488704012785242,-29.856636316145643,1956439.0864224336,0.1,SUCCESS,1
12.850914183084823,-23.26506550446196,3550013.229058615,0.1,SUCCESS,1
1.0303866476954404,-10.678637826950355,13783.546271737623,0.1,SUCCESS,1
-7.973239791575466,-9.51771039328856,534299.176018157,0.1,SUCCESS,1
1.0769862740962886,-10.66577135370089,13984.654886194316,0.1,SUCCESS,1
-23.959091141118503,-9.82037108814707,34089688.34625674,0.1,SUCCESS,1
1.2902149797369376,-10.666498387008634,15205.817855307409,0.1,SUCCESS,1
3.857194496675426,-5.592170675320276,41910.74508953448,0.1,SUCCESS,1
-0.1060169862501716,28.278829814388168,79906.88891866576,0.1,SUCCESS,1
-21.85987749362564,27.86738080048177,20249340.282481987,0.1,SUCCESS,1
-8.289622485622253,-9.721248888343546,615355.3786175528,0.1,SUCCESS,1
6.628557485020266,-13.349520672315776,328215.0975530125,0.1,SUCCESS,1
0.773272541651636,-14.590987165524451,23070.43391419202,0.1,SUCCESS,1
-17.27057770128638,-29.86783126466529,10767964.75554256,0.1,SUCCESS,1
-7.820755005234503,29.97937158655946,97327.21324544284,0.1,SUCCESS,1
-12.57193250996336,28.05411451713759,1690167.8828577665,0.1,SUCCESS,1
0.8761621406529194,-23.26497039650482,57756.74817817213,0.1,SUCCESS,1
-18.29604787872196,-29.954489616886864,13300970.950618155,0.1,SUCCESS,1
-0.2205604831098071,-9.840231768639168,9780.481953025268,0.1,SUCCESS,1
2.7282055808968693,-29.435761665673034,136008.0724503353,0.1,SUCCESS,1
-0.9613900219266468,-9.81092478778217,11528.28942634736,0.1,SUCCESS,1
3.2839319740445845,-29.850607985581483,165124.05319833278,0.1,SUCCESS,1
5.003354906654835,-9.81879430031426,121484.68912209426,0.1,SUCCESS,1
-4.312306658177533,-9.51779779063709,79066.71976577447,0.1,SUCCESS,1
-5.534013466935424,29.8932478107225,96.28411246937084,0.1,SUCCESS,1
0.8903855692153577,-9.518169950516675,10631.594229130951,0.1,SUCCESS,1
-3.266962500628104,29.983844633967465,37308.90915673819,0.1,SUCCESS,1
9.31417163592554,29.894213874247136,323370.3022820374,0.1,SUCCESS,1
2.1728887282699816,-29.966205734710105,120324.68996881416,0.1,SUCCESS,1
-29.11081750033086,29.9070755531067,66836865.13519655,0.1,SUCCESS,1
-11.47775716710274,29.176513786584323,1052060.197655589,0.1,SUCCESS,1
0.7806598712044384,29.90242304907077,85807.9932569287,0.1,SUCCESS,1
-5.63107842142076,-29.97201968493595,380499.3352531017,0.1,SUCCESS,1
-3.0706173453964425,29.310959230159,39547.02939299163,0.1,SUCCESS,1
-2.592495549855606,30.0,54203.93566346667,0.1,SUCCESS,1
2.253332822355091,-29.584552350668105,120147.41922198723,0.1,SUCCESS,1
-9.54508740864044,29.592314167839625,378537.6931873461,0.1,SUCCESS,1
0.420673406537233,-3.89187234768054,1655.8802628144133,0.1,SUCCESS,1
0.2762690087787156,-12.028578395298888,14653.391354885149,0.1,SUCCESS,1
0.8648935526081019,-3.86641956685386,2129.3427544000924,0.1,SUCCESS,1
1.4554533808855616,25.505424121565028,54695.75655483984,0.1,SUCCESS,1
0.1445796520421893,-29.578822675555752,87615.10938341709,0.1,SUCCESS,1
8.890968951044634,29.903409674650906,241594.404927812,0.1,SUCCESS,1
-0.6168686693556182,-3.857992298055912,1799.1188103436596,0.1,SUCCESS,1
0.6801943432549145,-12.002254629124984,15537.522777800985,0.1,SUCCESS,1
5.99772691271216,29.90117531117982,3711.352624681796,0.1,SUCCESS,1
0.4631185935728723,-9.838929099196104,10107.389344171002,0.1,SUCCESS,1
-18.60511132555584,-29.58308254015027,14117931.874178618,0.1,SUCCESS,1
23.514903344272405,-29.596806785419123,33936664.27420684,0.1,SUCCESS,1
-0.2293310784090962,-9.8309650494264,9769.982719559952,0.1,SUCCESS,1
-16.74358911557467,-9.764920241829593,8416852.514364788,0.1,SUCCESS,1
-16.2687670384026,29.308736474340694,5539921.553500327,0.1,SUCCESS,1
-27.740194780081072,-23.2481320079216,62848704.44656452,0.1,SUCCESS,1
-0.3985764547615886,-27.775608950686543,78035.42939560105,0.1,SUCCESS,1
-10.273293202882629,-23.24388232575767,1658670.1713428204,0.1,SUCCESS,1
-13.84598719364946,29.90657260986368,2618299.3698003544,0.1,SUCCESS,1
-0.3223534229574767,-23.25111280711267,54547.465728183495,0.1,SUCCESS,1
0.2235987828897201,-23.24729863820968,54276.99848178786,0.1,SUCCESS,1
8.906736247514921,-23.248186085960512,1052289.9287215,0.1,SUCCESS,1
0.3639808409786838,-23.247970005195484,54664.95836305584,0.1,SUCCESS,1
-1.1305450155679535,-29.59336516933927,95309.47316868578,0.1,SUCCESS,1
-9.621735506110458,-28.573857000195524,1467885.0788960443,0.1,SUCCESS,1
-2.249147688354625,1.3629912906059367,1376.357616833935,0.1,SUCCESS,1
0.7317859561459201,-19.004361178458826,38180.73118520553,0.1,SUCCESS,1
11.298505298386331,13.305360106576366,1307718.020277437,0.1,SUCCESS,1
2.6781397731351646,-9.820372392415331,28878.35845518456,0.1,SUCCESS,1
-1.5083277939269557,-29.59463016921291,101573.96054302604,0.1,SUCCESS,1
-21.33023696112381,-23.184199988407407,22864504.065057296,0.1,SUCCESS,1
1.0060246977223102,-23.27053122585781,58964.548476315445,0.1,SUCCESS,1
1.2117011449348247,29.940648778595744,81067.96678231894,0.1,SUCCESS,1
-2.546186531235385,-29.427057373381132,128966.27044400317,0.1,SUCCESS,1
18.14999967302993,29.89329807428581,8972067.692091106,0.1,SUCCESS,1
6.405832336933813,-29.58354427078238,498722.6949241784,0.1,SUCCESS,1
10.85625085374796,29.30872678774329,784197.7581367757,0.1,SUCCESS,1
-20.13865061815939,-9.624339873203644,17238686.29019354,0.1,SUCCESS,1
0.004755256432972,-23.26776433390909,54139.98145027943,0.1,SUCCESS,1
0.9494918835945114,-14.004907594264306,22220.205146764853,0.1,SUCCESS,1
0.7567880953133042,-14.554827891518642,22884.354546399714,0.1,SUCCESS,1
-0.0999307279272763,-10.668865489981588,11404.997083300275,0.1,SUCCESS,1
-0.0975763690132929,-29.59742866233389,87658.35237980424,0.1,SUCCESS,1
-2.167827444103679,-23.26858355210665,78231.26967632747,0.1,SUCCESS,1
-20.764845765199997,27.25708543409359,16315750.445915245,0.1,SUCCESS,1
14.787174430878297,-19.00448052423645,5648655.6971877385,0.1,SUCCESS,1
23.017108307911563,-23.249868744715137,30585492.973497804,0.1,SUCCESS,1
-18.72862206809424,-23.80924664146434,14030697.5036956,0.1,SUCCESS,1
0.8438968728194638,-29.59592820123319,91858.05712032905,0.1,SUCCESS,1
1.0777025415690282,-23.250315040798903,59593.397969739824,0.1,SUCCESS,1
1.6801631482872814,-9.819757798280516,15984.264130099462,0.1,SUCCESS,1
-22.9139055104786,29.97937117144439,24509774.09573027,0.1,SUCCESS,1
-10.008707510352966,29.94646482560392,493315.0359882581,0.1,SUCCESS,1
0.2917295053570576,-10.675632118857663,11579.850357817337,0.1,SUCCESS,1
0.7918949654980771,-29.596580371960496,91347.11454289716,0.1,SUCCESS,1
-0.3267878769792744,-23.248518942394305,54548.80742411963,0.1,SUCCESS,1
0.1124068500165691,-23.248567963237043,54109.14554664022,0.1,SUCCESS,1
5.411276310222981,28.27885661640086,120.07122963364846,0.1,SUCCESS,1
3.08616906323114,29.965095075406303,41786.39219037875,0.1,SUCCESS,1
13.07503461853414,29.981059589536272,1987554.139984266,0.1,SUCCESS,1
-19.76710967566701,-9.191696084024784,15994857.439470248,0.1,SUCCESS,1
0.3464315659448367,-23.331262369363188,54996.66737928636,0.1,SUCCESS,1
-8.903545771557642,30.0,242882.187672365,0.1,SUCCESS,1
-14.145173512830914,-7.040834733014499,4290379.19676636,0.1,SUCCESS,1
-2.892614480042152,5.101032495849324,1081.9495685560034,0.1,SUCCESS,1
-0.5079879100325684,-23.189727900107503,54982.11092355824,0.1,SUCCESS,1
1.9871849061460232,-29.59671933954767,112531.85805969952,0.1,SUCCESS,1
-29.32147383698359,-10.332610381279984,75705090.32862581,0.1,SUCCESS,1
3.01172353747468,-10.317693421316177,37594.16872102393,0.1,SUCCESS,1
2.5727607401289347,-10.321376141880515,28700.43940181592,0.1,SUCCESS,1
11.959343541957402,-10.671145926323865,2362398.23698305,0.1,SUCCESS,1
2.56993475247716,-10.335540650278652,28699.18139256112,0.1,SUCCESS,1
-5.408880277377062,29.978299589542928,93.24745952089587,0.1,SUCCESS,1
0.363663260715402,-29.58231841725755,88295.96829478523,0.1,SUCCESS,1
-8.674201924540455,-10.330938674203525,732362.5916718667,0.1,SUCCESS,1
12.558258592202511,-10.333001811123845,2823973.895885142,0.1,SUCCESS,1
5.523498591050291,28.111933551446228,595.0723829529572,0.1,SUCCESS,1
4.999937358213742,-23.249170973105304,232808.20470665928,0.1,SUCCESS,1
-16.45610867564399,29.91636805020123,5802966.363632375,0.1,SUCCESS,1
-6.800260900512534,-10.331806335619309,320137.9194548985,0.1,SUCCESS,1
-6.329061217401296,-22.960254712782344,397171.3546062965,0.1,SUCCESS,1
-0.0993487508735455,-29.59707823075453,87658.34795363293,0.1,SUCCESS,1
-15.396075733228006,-10.599390814626798,6132753.421096296,0.1,SUCCESS,1
5.610951310463072,29.89412693660008,273.6410144949457,0.1,SUCCESS,1
10.317505821531531,28.95517860960104,600645.908122791,0.1,SUCCESS,1
-16.252392502485577,-10.46804213536318,7541269.718069494,0.1,SUCCESS,1
2.1365824721711637,14.068770813922526,9033.48694492553,0.1,SUCCESS,1
6.078410710644576,29.402251710145507,5718.228769620482,0.1,SUCCESS,1
1.7552534163132023,-23.181149919381603,68970.17345589728,0.1,SUCCESS,1
7.288771166590287,-10.669864967982498,407033.14931181655,0.1,SUCCESS,1
-1.117460988985567,-23.184619822315085,59703.28854415205,0.1,SUCCESS,1
1.7964656912076509,-29.975075383626397,110240.33428901416,0.1,SUCCESS,1
5.438721491169744,-29.982587867061834,354786.21409424,0.1,SUCCESS,1
-10.005685368061496,-28.14736903581552,1645212.3261304698,0.1,SUCCESS,1
0.0217331170918981,-23.249377018225395,54056.506470072105,0.1,SUCCESS,1
0.3877162836170562,28.95553582139661,82974.3981794777,0.1,SUCCESS,1
0.8119382328723042,-29.98883820960879,93930.5278042583,0.1,SUCCESS,1
-0.9617008573741366,-3.317164431501233,1803.3326425986825,0.1,SUCCESS,1
-1.6670737097920991,-3.804586380156131,4341.651679248854,0.1,SUCCESS,1
4.171536606541835,5.102457965404291,15137.237547265016,0.1,SUCCESS,1
-17.265654326414747,0.2908117249948887,8869532.820859699,0.1,SUCCESS,1
19.32621580383021,29.910541286510774,11805887.319851631,0.1,SUCCESS,1
7.680359567505995,29.346006002703767,87908.95204232438,0.1,SUCCESS,1
-0.2706014584904501,-3.3836807374093425,1196.6342590485797,0.1,SUCCESS,1
1.01445834404959,28.15453510118487,73578.78355465076,0.1,SUCCESS,1
-16.315440155903786,29.907748723429336,5583399.584198887,0.1,SUCCESS,1
8.87790520350962,28.11861566308557,257096.7149042731,0.1,SUCCESS,1
4.100574709318295,29.97988336779222,17341.784785166063,0.1,SUCCESS,1
1.0768429346442048,-14.566407392316114,24730.70752332472,0.1,SUCCESS,1
-1.8070771562452208,-10.669280261534734,19425.76738885377,0.1,SUCCESS,1
8.36321327296514,29.593556640633462,162864.68835488774,0.1,SUCCESS,1
-19.089208192913567,-23.22168047655457,15025295.123447752,0.1,SUCCESS,1
-0.7077642378762192,10.073282723523311,9165.909710723568,0.1,SUCCESS,1
-7.108728097115222,-23.007016790115717,540894.089481253,0.1,SUCCESS,1
2.575699518483205,8.0917698298488,214.9256447748576,0.1,SUCCESS,1
-5.025054304805824,26.002167449894465,92.70088126072656,0.1,SUCCESS,1
-7.337956695794283,14.084529245412632,158163.86362710042,0.1,SUCCESS,1
-12.695450711430516,29.98079345843333,1721365.6094504003,0.1,SUCCESS,1
16.150502403578542,29.893716780219435,5333789.353280198,0.1,SUCCESS,1
4.408909153150724,29.98870503534838,11142.345658513732,0.1,SUCCESS,1
5.403763792143806,29.979079513582064,79.98634351676685,0.1,SUCCESS,1
-12.181019968246726,29.98964483456991,1401736.1849886882,0.1,SUCCESS,1
0.4689235397527334,-23.05917170825482,54191.75012025521,0.1,SUCCESS,1
4.761861257073136,-23.270278321322245,211113.9762927644,0.1,SUCCESS,1
0.3377030369218481,-9.623314594869562,9482.052594676294,0.1,SUCCESS,1
-17.60073912877371,-10.652025379716864,10268399.944253022,0.1,SUCCESS,1
-1.9420291976586768,24.60932681347881,43430.25233468265,0.1,SUCCESS,1
-1.0876429895500266,-10.669701331065845,14052.93355636253,0.1,SUCCESS,1
-27.395604891623005,-12.932530246865142,58286655.77099353,0.1,SUCCESS,1
-0.4672996861905645,-12.93510118714832,17303.530756144068,0.1,SUCCESS,1
1.2261640999990888,28.00349351577472,70225.13126315815,0.1,SUCCESS,1
-0.2111069702710644,-12.918974252619336,16806.80476463898,0.1,SUCCESS,1
0.851992863482284,-23.1831073740006,57164.046244869794,0.1,SUCCESS,1
-2.1641617401762794,5.749218755873002,123.56709727882324,0.1,SUCCESS,1
3.324671383759032,-29.596786291390828,165249.49230634983,0.1,SUCCESS,1
-0.4913985163287719,29.527249817545147,85767.89956798225,0.1,SUCCESS,1
18.373671343097925,-29.628620486819194,13485385.465661576,0.1,SUCCESS,1
-29.539634228899203,-19.168619657448534,79524274.52634336,0.1,SUCCESS,1
0.5858228351997852,-19.13928789576928,37956.85978180712,0.1,SUCCESS,1
19.07589703261565,24.08020927604496,11547385.7677682,0.1,SUCCESS,1
8.679305864389889,18.30767795406688,325217.4877446802,0.1,SUCCESS,1
0.0046606626054952,-19.17759597543055,36779.092754417245,0.1,SUCCESS,1
0.215441228132299,-19.151817405944087,36857.82798722993,0.1,SUCCESS,1
-0.4048127394637859,-12.92955361920021,17145.756489169893,0.1,SUCCESS,1
-7.307806654780681,-13.190365196921276,443550.47474741767,0.1,SUCCESS,1
0.5297713967434419,-19.163646941402995,37808.31954129172,0.1,SUCCESS,1
9.494940744699852,5.10463133804577,723409.969680218,0.1,SUCCESS,1
4.395722425099585,-12.933881111337849,104058.1408820851,0.1,SUCCESS,1
-8.669536527842858,-13.871496474543823,792769.6141163436,0.1,SUCCESS,1
-0.1191160663684094,-19.17321536795232,36816.89966672094,0.1,SUCCESS,1
4.480549481507566,-12.929869176188667,108946.38961525825,0.1,SUCCESS,1
0.3307837783986542,-19.16603178446652,37154.743935231294,0.1,SUCCESS,1
7.513702427194111,-19.1677251646598,571933.0371621405,0.1,SUCCESS,1
-0.0965403323527311,-12.931172375205996,16746.836784555217,0.1,SUCCESS,1
-12.823921415901015,28.004045164596683,1862021.7499112005,0.1,SUCCESS,1
-0.8945262562143803,28.057417859413,74299.30594055762,0.1,SUCCESS,1
5.220362134525395,29.893401757745508,715.4162630764475,0.1,SUCCESS,1
-0.0530228872567661,-12.933549136068075,16736.05131786673,0.1,SUCCESS,1
4.920327913797884,-19.17182008605012,188210.36218405943,0.1,SUCCESS,1
5.924963839522071,-14.588322843813108,246968.8417426764,0.1,SUCCESS,1
0.7996265090761838,-15.245118449241954,25231.840899834504,0.1,SUCCESS,1
15.150956238298876,29.97969608268135,3983089.740984253,0.1,SUCCESS,1
0.7956460992773202,-23.248033615507374,57030.67019444138,0.1,SUCCESS,1
-13.853604140473983,28.0432889993077,2685855.2169943373,0.1,SUCCESS,1
6.114952510996872,-12.932057254151758,253283.72050237248,0.1,SUCCESS,1
9.319516120161026,-29.990252840428983,1365312.6845672682,0.1,SUCCESS,1
3.7571318306463297,-3.32730230068978,30434.619417443933,0.1,SUCCESS,1
0.4563275420435317,-23.056750352906715,54126.24911548317,0.1,SUCCESS,1
-20.409878225116515,-29.98352040156552,19940849.40671642,0.1,SUCCESS,1
-0.2154264514730428,-28.967222826896823,84180.55786368722,0.1,SUCCESS,1
18.331793273184587,22.773290419331097,9814821.0794606,0.1,SUCCESS,1
7.884805379635495,28.054611843767645,116434.4349979606,0.1,SUCCESS,1
1.821164514288057,-29.98965626984578,110931.6126856304,0.1,SUCCESS,1
-0.5095312082535308,-14.443095751611638,21619.26976627451,0.1,SUCCESS,1
-4.103071979914887,14.083887281681127,783.0133307439701,0.1,SUCCESS,1
-0.161821587527406,-14.58063859633134,21337.28296898348,0.1,SUCCESS,1
3.131439690798324,14.066905079182613,1820.147075121205,0.1,SUCCESS,1
7.723290352270496,7.296709221435755,274123.67688357097,0.1,SUCCESS,1
1.5648607931939935,-23.269706853647616,66144.42351891135,0.1,SUCCESS,1
-1.8513901504114827,6.8589859815880345,1185.5401833693948,0.1,SUCCESS,1
23.64435419759905,-29.554331338637223,34646664.40541959,0.1,SUCCESS,1
4.155385101241642,-12.025957424666444,85819.01210133189,0.1,SUCCESS,1
0.8191701152550408,-29.419327754100483,90543.05391768536,0.1,SUCCESS,1
-1.0087455790156454,29.97948636667316,83883.30867340264,0.1,SUCCESS,1
2.6143472813029405,-22.604244112013017,86668.4068701488,0.1,SUCCESS,1
-0.5840723407375492,-29.56065350214413,89414.23773515021,0.1,SUCCESS,1
-4.944838375581313,26.102959616122696,308.0972466530517,0.1,SUCCESS,1
-2.7367667596129017,5.10495959563049,582.753824593964,0.1,SUCCESS,1
-16.97159187895623,28.053270382524254,6759369.358961399,0.1,SUCCESS,1
0.1575668206745923,-29.553496391973457,87488.43295399135,0.1,SUCCESS,1
0.0455403354566144,-23.2499317353514,54066.48770291521,0.1,SUCCESS,1
-5.078207658347999,26.298174320223147,62.95270086269876,0.1,SUCCESS,1
-5.08452628973334,26.41630970745242,68.82001986559422,0.1,SUCCESS,1
-11.190709387627995,-28.09211428630674,2350976.2979558804,0.1,SUCCESS,1
0.9493235512967786,-29.5548527113385,92757.20986084944,0.1,SUCCESS,1
-0.6850764205679098,-29.987473941064163,92764.5282978703,0.1,SUCCESS,1
7.069527256735789,8.092983709844745,175474.10449288803,0.1,SUCCESS,1
-7.624942283519186,28.054415274422382,90587.09505810666,0.1,SUCCESS,1
1.222760078310415,-3.878653509841115,2887.8176649538914,0.1,SUCCESS,1
-3.86874428320272,8.092531139675202,4749.787568127589,0.1,SUCCESS,1
22.007850930726025,28.990057452628943,20735299.47134029,0.1,SUCCESS,1
-4.809614123850498,-3.333263198049803,70076.8210576254,0.1,SUCCESS,1
-7.634300850436478,29.893931668367003,80665.91324814268,0.1,SUCCESS,1
27.6002996734192,28.45434991855251,53776851.325029634,0.1,SUCCESS,1
1.5696230963956737,28.98632551434961,70345.20248941763,0.1,SUCCESS,1
27.1732472696374,28.68683184189586,50367886.14453147,0.1,SUCCESS,1
2.42940498880882,-19.1705482116993,62865.35370445174,0.1,SUCCESS,1
5.420328870732661,28.72361093993073,62.61938132412973,0.1,SUCCESS,1
-7.457191080696944,28.720464910532463,72374.61407265437,0.1,SUCCESS,1
5.923018258374782,28.990999877589346,3734.441351117191,0.1,SUCCESS,1
29.396622508434085,-19.22266212765995,78037549.12336698,0.1,SUCCESS,1
-2.001159281717122,-16.633737572314814,42603.26352674648,0.1,SUCCESS,1
2.234060034175201,-14.56965581704145,38263.54331908264,0.1,SUCCESS,1
-0.5822016992847097,-14.57923550736697,22257.75555709772,0.1,SUCCESS,1
0.9422538885417602,-19.27278236384067,40645.08238303413,0.1,SUCCESS,1
4.354910999991546,28.69780466092648,9483.517805172138,0.1,SUCCESS,1
-1.460971644442559,-19.1681040152877,45385.8866342044,0.1,SUCCESS,1
1.0458620868262225,-19.243605095913843,41361.11858162141,0.1,SUCCESS,1
9.294593658897604,-19.169533583546965,1114339.1511470592,0.1,SUCCESS,1
-0.5799754101215804,-19.22219624890585,38256.25346862173,0.1,SUCCESS,1
5.397471340588133,28.463121445281367,64.17087946081276,0.1,SUCCESS,1
13.917984321979992,-9.460960896936683,4128022.495366257,0.1,SUCCESS,1
-0.3683073417267337,-15.310819842057276,23861.21624365627,0.1,SUCCESS,1
0.1433293955819223,-15.597157378443262,24391.991381514727,0.1,SUCCESS,1
-0.0305540729950237,-15.331512226775084,23509.45139569346,0.1,SUCCESS,1
5.293986896838518,-19.16894500742749,222757.5276283804,0.1,SUCCESS,1
5.483743354983588,28.502052158874317,266.4021454805067,0.1,SUCCESS,1
-0.6344808849178492,-19.168395025935357,38304.92304950843,0.1,SUCCESS,1
2.7867931785175983,29.34511119995522,46568.06348618055,0.1,SUCCESS,1
-4.655127461721939,-19.1411649607735,166588.82683792914,0.1,SUCCESS,1
8.957476408457595,28.68499171286124,265817.92206417565,0.1,SUCCESS,1
4.148507214067479,28.691637647121084,13192.455974724742,0.1,SUCCESS,1
4.451267903265766,28.98797536631264,8428.4864009361,0.1,SUCCESS,1
-10.48191045427411,29.308723366209165,649150.962069464,0.1,SUCCESS,1
5.50030963229613,28.51247282296917,323.3376372778442,0.1,SUCCESS,1
-10.92333695577101,28.689189351089095,821523.6848463793,0.1,SUCCESS,1
-14.606002574530056,28.96671087014301,3399421.626340113,0.1,SUCCESS,1
5.204814386430378,28.432987593890964,198.01710752427627,0.1,SUCCESS,1
3.591618916733516,-15.314822444020376,79612.7933786305,0.1,SUCCESS,1
-7.053677360217453,28.686174849988525,44451.722397793696,0.1,SUCCESS,1
-20.07869246659485,-19.1247495048176,17832369.3481322,0.1,SUCCESS,1
19.748772592469543,-19.16870916138316,16743402.011592072,0.1,SUCCESS,1
5.362522729200869,28.45199840193692,28.312865474508207,0.1,SUCCESS,1
-7.627097335927178,29.371146667057964,83026.87754646427,0.1,SUCCESS,1
8.936280936577269,-17.866817351361686,955059.7186249878,0.1,SUCCESS,1
22.97874817135844,28.690980428699,24933716.41225768,0.1,SUCCESS,1
4.950447671075409,28.454362460337585,1573.8266469918444,0.1,SUCCESS,1
-29.43863227620242,-14.599006249451614,77657923.78314926,0.1,SUCCESS,1
0.6545396091254716,-14.602296031847295,22592.36809852781,0.1,SUCCESS,1
0.1446259110862513,-14.599445439918554,21376.230441021664,0.1,SUCCESS,1
-1.1343445045910912,-14.597751758034674,25236.25518267077,0.1,SUCCESS,1
6.067507273705289,25.698983286371785,12381.472088192324,0.1,SUCCESS,1
-9.470270409997235,25.62252965509748,410522.72707281227,0.1,SUCCESS,1
-0.0843035738945481,-14.529240291070742,21131.71524003232,0.1,SUCCESS,1
-2.259865877664744,6.376592586473308,171.81483720211688,0.1,SUCCESS,1
-11.15764112003172,-14.580758141046248,1934297.587029914,0.1,SUCCESS,1
-5.706759093692984,28.688830163063045,1549.077808849415,0.1,SUCCESS,1
-3.0510628857745914,28.689874958684754,37578.30170469803,0.1,SUCCESS,1
0.1628800003968393,-14.572207797751297,21313.01499069508,0.1,SUCCESS,1
-14.874649097475183,-14.5846898749365,5562296.699048292,0.1,SUCCESS,1
0.4428718073735567,-14.574793142803196,21818.34350505156,0.1,SUCCESS,1
2.4403622110344045,-14.577253807688509,42160.92932751893,0.1,SUCCESS,1
15.630148240450744,-14.598463011586952,6703134.887453654,0.1,SUCCESS,1
7.323142097627404,-14.578159610085423,465253.5984068312,0.1,SUCCESS,1
7.971955270172764,-14.577921903099964,610478.1846020158,0.1,SUCCESS,1
-29.89653765304317,-14.513694831609063,82504869.80171067,0.1,SUCCESS,1
0.711757585059587,-14.5019092986892,22525.614798303173,0.1,SUCCESS,1
-0.5830614956317,-14.520162411913324,22084.831996670742,0.1,SUCCESS,1
-29.944195544499344,2.267759806512835,79993783.68259794,0.1,SUCCESS,1
17.386026417600668,-14.509910913613297,10035467.712154403,0.1,SUCCESS,1
-0.1376106193846134,-14.51538268936912,21125.938118466307,0.1,SUCCESS,1
-0.0373814032146349,-14.509752716971247,21058.42384282301,0.1,SUCCESS,1
-1.1247197493483156,-14.513046973670068,24899.173754488816,0.1,SUCCESS,1
13.764936194836764,-14.59860844021677,4164704.200140113,0.1,SUCCESS,1
-0.8349783386606617,-12.008255890078615,16146.19968891899,0.1,SUCCESS,1
9.078089384369989,-29.55396217330548,1253696.3599732874,0.1,SUCCESS,1
-0.4601697848134201,-14.515010615079902,21689.8982692539,0.1,SUCCESS,1
0.0929125314088992,-29.58242332444258,87563.88269965422,0.1,SUCCESS,1
8.224082372876275,28.689374593667964,151732.496281778,0.1,SUCCESS,1
-1.7237012439266124,-14.59872493884709,30877.454953037,0.1,SUCCESS,1
-0.3933985064174301,-14.51396553051366,21519.099424898886,0.1,SUCCESS,1
-23.804703513682163,-14.56877870127055,33783759.04207314,0.1,SUCCESS,1
12.147884523266969,-12.005193716967998,2546583.57561026,0.1,SUCCESS,1
11.732151759004502,28.4759701073093,1191867.624252804,0.1,SUCCESS,1
-2.3153087637563345,18.211954085434044,16526.58093478809,0.1,SUCCESS,1
29.1198322219711,-29.739512899509425,77037246.73177823,0.1,SUCCESS,1
-4.387900040718776,-14.513540783914426,114051.46004779704,0.1,SUCCESS,1
3.0130493577296846,21.211783176877184,14725.789890588652,0.1,SUCCESS,1
-0.8388644235918008,-29.746834525163543,92726.84725241078,0.1,SUCCESS,1
-0.2673988634028745,-29.709443145030907,88692.07657924206,0.1,SUCCESS,1
0.2984087425184718,-29.7383719604174,88967.98905314787,0.1,SUCCESS,1
-17.105870921635656,29.40204407980396,6928213.794053046,0.1,SUCCESS,1
14.22482440430683,12.105828588235852,3619293.0747350985,0.1,SUCCESS,1
4.269826650192989,-6.4072598701196135,60717.14448130283,0.1,SUCCESS,1
0.9944155235981392,-14.513786862449608,24033.212930627316,0.1,SUCCESS,1
1.1317918617693792,27.58806480848233,69206.43149513971,0.1,SUCCESS,1
4.705791800099533,21.178861930836952,106.97403589509776,0.1,SUCCESS,1
-4.48298860521226,16.883920041765194,1062.5715121503065,0.1,SUCCESS,1
-0.2010373882691709,-14.56125246704955,21322.31478490915,0.1,SUCCESS,1
-18.4160970507603,-14.529195036328476,12509460.362168362,0.1,SUCCESS,1
-4.563520087938215,-29.739798605021463,255718.07536695784,0.1,SUCCESS,1
-0.3988700681189456,-14.568276295607127,21691.51023194628,0.1,SUCCESS,1
-1.551120401130035,2.127103915462904,14.285095526239548,0.1,SUCCESS,1
15.060737426239136,28.676202357447245,3926524.4774372126,0.1,SUCCESS,1
15.059825655097846,-19.23383820008936,6053381.380829509,0.1,SUCCESS,1
0.0741423112533006,-29.55399727333676,87377.22786865824,0.1,SUCCESS,1
1.7459398928527534,15.315357322259906,15048.610972082355,0.1,SUCCESS,1
5.950324190014122,-29.58239804275353,422378.3464695893,0.1,SUCCESS,1
